GWAS	set_id	analysis_class	frozen_archetype	candidate_TF	condition	n_genes_requested	n_genes_mapped_to_entrez	n_genes_tested	beta	SE	P	BH_FDR_within_analysis_class	status	median_condition_specific_pgBoost_retained_links	max_condition_specific_pgBoost_retained_links
T1D	CS0876	condition_supported_archetype	AP1/1		3-cyt	1058	522	521.0	0.016402	0.046822	0.36306	0.7874825806451613	primary	0.6272708773612975	0.899986922740936
T1D	CS0877	condition_supported_archetype	AP1/1		Ex-4_HG	1018	517	517.0	-0.0054196	0.047398	0.54552	0.8937278048780487	primary	0.6287395656108855	0.894974172115326
T1D	CS0878	condition_supported_archetype	AP1/1		IFNg	949	481	481.0	0.0086674	0.04899	0.42979	0.8185478651685393	primary	0.637931227684021	0.869547188282013
T1D	CS0879	condition_supported_archetype	AP1/1		dex	649	333	333.0	0.072342	0.057747	0.10516	0.4773621621621621	primary	0.6247523427009585	0.889280796051025
T1D	CS0880	condition_supported_archetype	AP1/1		palmitate	1723	903	902.0	0.022652	0.036191	0.26569	0.6623895522388059	primary	0.6534631848335265	0.8901407122612
T1D	CS0881	condition_supported_archetype	AP1/2		3-cyt	667	326	326.0	0.079778	0.060346	0.093091	0.45450311764705875	primary	0.62689083814621	0.873550474643707
T1D	CS0882	condition_supported_archetype	AP1/2		Ex-4_HG	688	332	332.0	0.085323	0.059564	0.076015	0.42623530158730155	primary	0.6159339845180509	0.871971487998962
T1D	CS0883	condition_supported_archetype	AP1/2		IFNg	486	226	226.0	0.10581	0.073675	0.075491	0.42623530158730155	primary	0.612890124320984	0.867106735706329
T1D	CS0884	condition_supported_archetype	AP1/2		dex	534	290	290.0	0.07027	0.064156	0.1367	0.5100085106382979	primary	0.6427440941333771	0.883671402931213
T1D	CS0885	condition_supported_archetype	AP1/2		palmitate	893	451	451.0	0.015144	0.052058	0.38556	0.7982461349693251	primary	0.6422099471092224	0.869922697544098
T1D	CS0886	condition_supported_archetype	BCL6/1		3-cyt	240	168	168.0	0.082874	0.087956	0.17305	0.546242831858407	primary	0.79413378238678	0.898792088031769
T1D	CS0887	condition_supported_archetype	BCL6/1		Ex-4_HG	238	166	166.0	0.12487	0.088605	0.079384	0.42623530158730155	primary	0.796562314033508	0.903430640697479
T1D	CS0888	condition_supported_archetype	BCL6/1		IFNg	233	160	160.0	0.072672	0.089721	0.20898	0.5981151724137931	primary	0.7855813503265385	0.894868969917297
T1D	CS0889	condition_supported_archetype	BCL6/1		dex	241	166	166.0	0.088127	0.088221	0.15892	0.5328932000000001	primary	0.7944499552249911	0.898216307163239
T1D	CS0890	condition_supported_archetype	BCL6/1		palmitate	241	168	168.0	0.099557	0.087817	0.12847	0.5100085106382979	primary	0.795160889625549	0.894665658473969
T1D	CS0891	condition_supported_archetype	CCAAT/CEBP		3-cyt	28	11	11.0	-0.10527	0.35107	0.61785	0.9057838016528926	exploratory	0.5749916136264805	0.87409520149231
T1D	CS0892	condition_supported_archetype	CCAAT/CEBP		Ex-4_HG	53	24	24.0	-0.15124	0.21887	0.7552	0.9251896678966789	exploratory	0.657440483570099	0.852572202682495
T1D	CS0893	condition_supported_archetype	CCAAT/CEBP		IFNg	8	5	5.0	1.2617	0.43672	0.0019341	0.11853506666666667	insufficient	0.597302347421646	0.79381650686264
T1D	CS0894	condition_supported_archetype	CCAAT/CEBP		dex	62	29	29.0	-0.23724	0.19958	0.88271	0.9834218791946308	exploratory	0.672962129116058	0.867794394493103
T1D	CS0895	condition_supported_archetype	CCAAT/CEBP		palmitate	23	8	8.0	-0.14007	0.3554	0.65325	0.9057838016528926	insufficient	0.640850067138672	0.862265527248383
T1D	CS0896	condition_supported_archetype	CPEB1		3-cyt	0	0						insufficient		
T1D	CS0897	condition_supported_archetype	CPEB1		Ex-4_HG	0	0						insufficient		
T1D	CS0898	condition_supported_archetype	CPEB1		IFNg	4	1						insufficient	0.6389243006706236	0.76718145608902
T1D	CS0899	condition_supported_archetype	CPEB1		dex	0	0						insufficient		
T1D	CS0900	condition_supported_archetype	CPEB1		palmitate	0	0						insufficient		
T1D	CS0901	condition_supported_archetype	CREB/ATF/1		3-cyt	3150	2041	2038.0	0.057193	0.02554	0.012572	0.19904190476190475	primary	0.755390346050262	0.912147164344788
T1D	CS0902	condition_supported_archetype	CREB/ATF/1		Ex-4_HG	3256	2105	2102.0	0.066526	0.025096	0.0040175	0.14820111111111112	primary	0.751958072185516	0.908117175102234
T1D	CS0903	condition_supported_archetype	CREB/ATF/1		IFNg	3286	2126	2124.0	0.064707	0.025038	0.0048818	0.15353189090909092	primary	0.757670164108276	0.90043842792511
T1D	CS0904	condition_supported_archetype	CREB/ATF/1		dex	3054	1981	1978.0	0.073735	0.02581	0.0021422	0.11853506666666667	primary	0.754664063453674	0.903584361076355
T1D	CS0905	condition_supported_archetype	CREB/ATF/1		palmitate	3048	1973	1971.0	0.043161	0.025766	0.046967	0.37410223255813957	primary	0.755257844924927	0.906620621681213
T1D	CS0906	condition_supported_archetype	CREB/ATF/2		3-cyt	1692	1026	1025.0	0.083515	0.034777	0.0081707	0.18995712	primary	0.738838315010071	0.900819420814514
T1D	CS0907	condition_supported_archetype	CREB/ATF/2		Ex-4_HG	1662	1013	1012.0	0.096398	0.03501	0.002952	0.122508	primary	0.7404547333717345	0.899692356586456
T1D	CS0908	condition_supported_archetype	CREB/ATF/2		IFNg	1460	900	900.0	0.062119	0.037165	0.047329	0.37410223255813957	primary	0.739558756351471	0.90043842792511
T1D	CS0909	condition_supported_archetype	CREB/ATF/2		dex	1689	1017	1016.0	0.066415	0.035053	0.029073	0.344833875	primary	0.7385193705558775	0.903584361076355
T1D	CS0910	condition_supported_archetype	CREB/ATF/2		palmitate	1565	957	956.0	0.054551	0.035971	0.064698	0.4211712941176471	primary	0.73945888876915	0.90280282497406
T1D	CS0911	condition_supported_archetype	CTCF		3-cyt	9326	5908	5905.0	0.021196	0.017223	0.10922	0.48348053333333335	primary	0.6910018920898435	0.910241186618805
T1D	CS0912	condition_supported_archetype	CTCF		Ex-4_HG	9784	6234	6230.0	0.030755	0.016923	0.034587	0.34754118918918925	primary	0.6969133913517	0.905426561832428
T1D	CS0913	condition_supported_archetype	CTCF		IFNg	8768	5530	5528.0	0.012871	0.017442	0.23029	0.6266908196721311	primary	0.684668242931366	0.907641410827637
T1D	CS0914	condition_supported_archetype	CTCF		dex	10478	6707	6704.0	0.010517	0.016721	0.26468	0.6623895522388059	primary	0.7001494169235225	0.905020892620087
T1D	CS0915	condition_supported_archetype	CTCF		palmitate	10198	6506	6503.0	0.0084348	0.016826	0.30809	0.710318611111111	primary	0.6994040310382845	0.915444791316986
T1D	CS0916	condition_supported_archetype	CUX/4		3-cyt	4	1						insufficient	0.7323423027992245	0.811172306537628
T1D	CS0917	condition_supported_archetype	CUX/4		Ex-4_HG	3	2	2.0	1.0189	0.62285	0.050942	0.37583875555555557	insufficient	0.662055671215057	0.688761711120605
T1D	CS0918	condition_supported_archetype	CUX/4		IFNg	2	2	2.0	0.45691	0.58237	0.21636	0.603626218487395	insufficient	0.6029186844825745	0.691474556922913
T1D	CS0919	condition_supported_archetype	CUX/4		dex	3	2	2.0	0.15274	0.75028	0.41934	0.8185478651685393	insufficient	0.77501505613327	0.817435264587402
T1D	CS0920	condition_supported_archetype	CUX/4		palmitate	3	1						insufficient	0.575275719165802	0.608908712863922
T1D	CS0921	condition_supported_archetype	E2F/3		3-cyt	546	342	342.0	0.028804	0.059464	0.31405	0.7190662068965518	primary	0.697391629219055	0.862613618373871
T1D	CS0922	condition_supported_archetype	E2F/3		Ex-4_HG	603	368	366.0	0.1066	0.056367	0.029309	0.344833875	primary	0.6977375745773315	0.890783429145813
T1D	CS0923	condition_supported_archetype	E2F/3		IFNg	544	330	329.0	-0.0025226	0.060319	0.51668	0.8934258333333335	primary	0.693026423454285	0.906091451644897
T1D	CS0924	condition_supported_archetype	E2F/3		dex	519	329	328.0	0.01617	0.05894	0.39191	0.7982461349693251	primary	0.69687819480896	0.88800436258316
T1D	CS0925	condition_supported_archetype	E2F/3		palmitate	595	371	370.0	-0.019898	0.056921	0.63667	0.9057838016528926	primary	0.6983065009117124	0.906728029251099
T1D	CS0926	condition_supported_archetype	ETS/1		3-cyt	16205	10677	10666.0	0.01744	0.016441	0.1444	0.5100085106382979	primary	0.727641105651855	0.914714395999908
T1D	CS0927	condition_supported_archetype	ETS/1		Ex-4_HG	16167	10668	10657.0	0.026244	0.016396	0.054735	0.3811014166666667	primary	0.728417992591858	0.905426561832428
T1D	CS0928	condition_supported_archetype	ETS/1		IFNg	16067	10547	10536.0	0.030353	0.016332	0.03156	0.344833875	primary	0.7243397831916805	0.907731056213379
T1D	CS0929	condition_supported_archetype	ETS/1		dex	15497	10173	10162.0	0.026497	0.016146	0.050405	0.37583875555555557	primary	0.726980447769165	0.913902699947357
T1D	CS0930	condition_supported_archetype	ETS/1		palmitate	15796	10425	10415.0	0.04185	0.016283	0.0050869	0.15353189090909092	primary	0.729142665863037	0.912462711334229
T1D	CS0931	condition_supported_archetype	ETS/2		3-cyt	892	604	604.0	0.12428	0.044697	0.0027174	0.122508	primary	0.796435475349426	0.910652577877045
T1D	CS0932	condition_supported_archetype	ETS/2		Ex-4_HG	889	599	599.0	0.10129	0.045241	0.01259	0.19904190476190475	primary	0.7928841710090635	0.903911292552948
T1D	CS0933	condition_supported_archetype	ETS/2		IFNg	889	623	623.0	0.061846	0.044134	0.080565	0.42623530158730155	primary	0.769820600748062	0.907641410827637
T1D	CS0934	condition_supported_archetype	ETS/2		dex	726	504	504.0	0.11444	0.049313	0.010159	0.19904190476190475	primary	0.797816216945648	0.903533160686493
T1D	CS0935	condition_supported_archetype	ETS/2		palmitate	897	599	599.0	0.076105	0.045843	0.048453	0.37410223255813957	primary	0.776615560054779	0.912462711334229
T1D	CS0936	condition_supported_archetype	Ebox/CACGTG/1		3-cyt	2795	1778	1777.0	-0.017931	0.02721	0.74504	0.921509037037037	primary	0.733120024204254	0.905802965164185
T1D	CS0937	condition_supported_archetype	Ebox/CACGTG/1		Ex-4_HG	3422	2155	2153.0	0.0035809	0.024899	0.44282	0.8213197765363129	primary	0.722019374370575	0.903966844081879
T1D	CS0938	condition_supported_archetype	Ebox/CACGTG/1		IFNg	2432	1511	1510.0	-0.013496	0.029131	0.67841	0.91250864	primary	0.7315276265144346	0.906119525432587
T1D	CS0939	condition_supported_archetype	Ebox/CACGTG/1		dex	2957	1881	1880.0	0.010875	0.026661	0.34167	0.7562296	primary	0.7338070273399355	0.900959551334381
T1D	CS0940	condition_supported_archetype	Ebox/CACGTG/1		palmitate	3049	1900	1899.0	-0.0087162	0.026225	0.63019	0.9057838016528926	primary	0.7292270660400391	0.901142060756683
T1D	CS0941	condition_supported_archetype	Ebox/CAGATGG		3-cyt	3298	1732	1731.0	-0.011155	0.027002	0.66024	0.9057838016528926	primary	0.642864406108856	0.903439342975616
T1D	CS0942	condition_supported_archetype	Ebox/CAGATGG		Ex-4_HG	3521	1888	1887.0	-0.010208	0.026307	0.651	0.9057838016528926	primary	0.6414660215377805	0.901831924915314
T1D	CS0943	condition_supported_archetype	Ebox/CAGATGG		IFNg	2849	1449	1448.0	0.026242	0.029265	0.18494	0.546242831858407	primary	0.626423120498657	0.906047880649567
T1D	CS0944	condition_supported_archetype	Ebox/CAGATGG		dex	3913	2153	2152.0	-0.0039647	0.024806	0.56349	0.8961132727272727	primary	0.654875487089157	0.905020892620087
T1D	CS0945	condition_supported_archetype	Ebox/CAGATGG		palmitate	3320	1773	1772.0	-0.0028883	0.026646	0.54316	0.8937278048780487	primary	0.643978178501129	0.903866350650787
T1D	CS0946	condition_supported_archetype	Ebox/CATATG		3-cyt	21	8	8.0	-0.63698	0.40612	0.9416	0.9895491139240506	insufficient	0.601574957370758	0.749911546707153
T1D	CS0947	condition_supported_archetype	Ebox/CATATG		Ex-4_HG	24	7	7.0	-0.023388	0.39065	0.52387	0.8937278048780487	insufficient	0.6283054053783415	0.793073713779449
T1D	CS0948	condition_supported_archetype	Ebox/CATATG		IFNg	16	5	5.0	-0.78719	0.50119	0.94186	0.9895491139240506	insufficient	0.5813004076480865	0.750962555408478
T1D	CS0949	condition_supported_archetype	Ebox/CATATG		dex	20	8	8.0	-0.64168	0.41468	0.93911	0.9895491139240506	insufficient	0.57789146900177	0.828008592128754
T1D	CS0950	condition_supported_archetype	Ebox/CATATG		palmitate	16	6	6.0	-0.38135	0.45607	0.79846	0.93670925795053	insufficient	0.606951326131821	0.790726721286774
T1D	CS0951	condition_supported_archetype	FOX/4		3-cyt	635	256	256.0	-0.054339	0.066371	0.79352	0.93670925795053	primary	0.61985832452774	0.899440348148346
T1D	CS0952	condition_supported_archetype	FOX/4		Ex-4_HG	545	207	207.0	-0.062643	0.07502	0.79814	0.93670925795053	primary	0.6056869626045225	0.865165174007416
T1D	CS0953	condition_supported_archetype	FOX/4		IFNg	647	244	244.0	0.0043123	0.067277	0.47445	0.8514454054054053	primary	0.5964519083499911	0.877203345298767
T1D	CS0954	condition_supported_archetype	FOX/4		dex	639	250	250.0	-0.054468	0.067331	0.79073	0.93670925795053	primary	0.607712507247925	0.869216620922089
T1D	CS0955	condition_supported_archetype	FOX/4		palmitate	579	233	233.0	-0.037666	0.068977	0.70749	0.9175260937499999	primary	0.602255940437317	0.883515059947968
T1D	CS0956	condition_supported_archetype	FOX/5		3-cyt	2054	883	881.0	-0.017957	0.037155	0.68555	0.91250864	primary	0.610115110874176	0.907233357429504
T1D	CS0957	condition_supported_archetype	FOX/5		Ex-4_HG	2182	945	943.0	-0.023874	0.036439	0.74381	0.921509037037037	primary	0.6104556024074554	0.901831924915314
T1D	CS0958	condition_supported_archetype	FOX/5		IFNg	2105	922	920.0	0.0024949	0.036497	0.47275	0.8514454054054053	primary	0.601219415664673	0.889236748218536
T1D	CS0959	condition_supported_archetype	FOX/5		dex	2182	984	982.0	-0.0039221	0.034894	0.54475	0.8937278048780487	primary	0.609928607940674	0.899236619472504
T1D	CS0960	condition_supported_archetype	FOX/5		palmitate	2155	939	937.0	-0.0054188	0.035945	0.55991	0.8961132727272727	primary	0.6069222688674925	0.896017372608185
T1D	CS0961	condition_supported_archetype	FOX/6		3-cyt	1605	680	680.0	-0.0028574	0.042492	0.52681	0.8937278048780487	primary	0.61863511800766	0.907253742218018
T1D	CS0962	condition_supported_archetype	FOX/6		Ex-4_HG	1612	696	696.0	-0.016722	0.041638	0.65601	0.9057838016528926	primary	0.611118257045746	0.898637056350708
T1D	CS0963	condition_supported_archetype	FOX/6		IFNg	1651	709	709.0	-0.013468	0.041461	0.62734	0.9057838016528926	primary	0.6122323274612425	0.907731056213379
T1D	CS0964	condition_supported_archetype	FOX/6		dex	1582	690	690.0	-0.0087818	0.042126	0.58257	0.8961132727272727	primary	0.611812949180603	0.900884509086609
T1D	CS0965	condition_supported_archetype	FOX/6		palmitate	1684	723	723.0	-0.040109	0.04121	0.83478	0.9556791724137931	primary	0.616368770599365	0.899204313755035
T1D	CS0966	condition_supported_archetype	GATA		3-cyt	0	0						insufficient		
T1D	CS0967	condition_supported_archetype	GATA		Ex-4_HG	1	1						insufficient	0.513957023620605	0.513957023620605
T1D	CS0968	condition_supported_archetype	GATA		IFNg	0	0						insufficient		
T1D	CS0969	condition_supported_archetype	GATA		dex	0	0						insufficient		
T1D	CS0970	condition_supported_archetype	GATA		palmitate	0	0						insufficient		
T1D	CS0971	condition_supported_archetype	GC-tract		3-cyt	2298	1571	1571.0	-0.0085326	0.028861	0.61625	0.9057838016528926	primary	0.7521283626556394	0.910652577877045
T1D	CS0972	condition_supported_archetype	GC-tract		Ex-4_HG	2550	1726	1725.0	0.020597	0.027535	0.22723	0.6266908196721311	primary	0.750520467758179	0.903966844081879
T1D	CS0973	condition_supported_archetype	GC-tract		IFNg	1951	1344	1344.0	-0.042915	0.031031	0.91665	0.9895491139240506	primary	0.751688182353973	0.906091451644897
T1D	CS0974	condition_supported_archetype	GC-tract		dex	3116	2122	2121.0	0.0043206	0.025166	0.43184	0.8185478651685393	primary	0.746258616447449	0.904372751712799
T1D	CS0975	condition_supported_archetype	GC-tract		palmitate	2930	2009	2008.0	0.020189	0.025631	0.21545	0.603626218487395	primary	0.753448665142059	0.903426826000214
T1D	CS0976	condition_supported_archetype	GFI		3-cyt	11	5	5.0	-0.64055	0.36807	0.95909	0.9946058006042295	insufficient	0.671938002109528	0.832400023937225
T1D	CS0977	condition_supported_archetype	GFI		Ex-4_HG	9	4	4.0	0.0045432	0.66279	0.49727	0.878157659574468	insufficient	0.709102034568787	0.837142050266266
T1D	CS0978	condition_supported_archetype	GFI		IFNg	7	4	4.0	-0.59383	0.42794	0.91737	0.9895491139240506	insufficient	0.656369984149933	0.814367532730103
T1D	CS0979	condition_supported_archetype	GFI		dex	9	4	4.0	1.0271	0.55923	0.033141	0.344833875	insufficient	0.602557778358459	0.839094996452332
T1D	CS0980	condition_supported_archetype	GFI		palmitate	11	5	5.0	-0.87262	0.44777	0.97433	0.9946058006042295	insufficient	0.640432238578796	0.848543703556061
T1D	CS0981	condition_supported_archetype	GMEB2/2		3-cyt	13	3	3.0	0.84369	0.63452	0.091826	0.45450311764705875	insufficient	0.670616984367371	0.870898723602295
T1D	CS0982	condition_supported_archetype	GMEB2/2		Ex-4_HG	18	10	10.0	0.028397	0.31275	0.46383	0.8491173626373626	exploratory	0.727789610624313	0.875969052314758
T1D	CS0983	condition_supported_archetype	GMEB2/2		IFNg	10	5	5.0	0.21304	0.52204	0.34161	0.7562296	insufficient	0.6863135695457454	0.883565962314606
T1D	CS0984	condition_supported_archetype	GMEB2/2		dex	20	12	12.0	-0.24499	0.28772	0.80275	0.9384260563380281	exploratory	0.7372327148914335	0.868804156780243
T1D	CS0985	condition_supported_archetype	GMEB2/2		palmitate	18	8	8.0	0.073169	0.37585	0.42282	0.8185478651685393	insufficient	0.664530485868454	0.874472200870514
T1D	CS0986	condition_supported_archetype	HAND1		3-cyt	4	2	2.0	-1.0553	0.73884	0.9234	0.9895491139240506	insufficient	0.5503629446029665	0.79436981678009
T1D	CS0987	condition_supported_archetype	HAND1		Ex-4_HG	6	4	4.0	0.2769	0.53235	0.30149	0.7048921126760563	insufficient	0.580860912799835	0.660662353038788
T1D	CS0988	condition_supported_archetype	HAND1		IFNg	5	3	3.0	-0.38814	0.615	0.73602	0.921509037037037	insufficient	0.562803626060486	0.755534172058105
T1D	CS0989	condition_supported_archetype	HAND1		dex	0	0						insufficient		
T1D	CS0990	condition_supported_archetype	HAND1		palmitate	7	5	5.0	-0.11278	0.54274	0.58231	0.8961132727272727	insufficient	0.649641811847687	0.82444155216217
T1D	CS0991	condition_supported_archetype	HD/10		3-cyt	1240	612	611.0	-0.015379	0.0437	0.63755	0.9057838016528926	primary	0.641873836517334	0.894048750400543
T1D	CS0992	condition_supported_archetype	HD/10		Ex-4_HG	1250	625	624.0	-0.027725	0.043267	0.73917	0.921509037037037	primary	0.631071716547012	0.883656799793243
T1D	CS0993	condition_supported_archetype	HD/10		IFNg	1309	645	644.0	0.0082064	0.04259	0.4236	0.8185478651685393	primary	0.628310084342957	0.880421459674835
T1D	CS0994	condition_supported_archetype	HD/10		dex	1318	642	641.0	0.012641	0.04254	0.38317	0.7982461349693251	primary	0.627928495407104	0.879982352256775
T1D	CS0995	condition_supported_archetype	HD/10		palmitate	1160	565	564.0	-0.010182	0.045381	0.58876	0.8961132727272727	primary	0.633349120616913	0.886972606182098
T1D	CS0996	condition_supported_archetype	HD/11		3-cyt	67	20	20.0	-0.099521	0.22862	0.66833	0.9093670491803278	exploratory	0.5941125750541689	0.864130735397339
T1D	CS0997	condition_supported_archetype	HD/11		Ex-4_HG	53	22	22.0	0.12845	0.2345	0.29193	0.6912663829787233	exploratory	0.590834677219391	0.857823610305786
T1D	CS0998	condition_supported_archetype	HD/11		IFNg	65	25	25.0	-0.13924	0.21284	0.7435	0.921509037037037	exploratory	0.587447822093964	0.858033120632172
T1D	CS0999	condition_supported_archetype	HD/11		dex	30	8	8.0	-0.088617	0.34223	0.60216	0.9046023529411765	insufficient	0.579539954662323	0.864536046981812
T1D	CS1000	condition_supported_archetype	HD/11		palmitate	72	30	30.0	0.11313	0.19084	0.27665	0.6803540740740741	primary	0.6061118245124815	0.859609186649323
T1D	CS1001	condition_supported_archetype	HD/2		3-cyt	39	16	16.0	-0.0999	0.26139	0.64884	0.9057838016528926	exploratory	0.609322190284729	0.792788147926331
T1D	CS1002	condition_supported_archetype	HD/2		Ex-4_HG	50	19	19.0	0.24764	0.24594	0.157	0.5318775510204082	exploratory	0.617762416601181	0.856274843215942
T1D	CS1003	condition_supported_archetype	HD/2		IFNg	29	15	15.0	-0.21376	0.29148	0.76833	0.9268453623188406	exploratory	0.555776596069336	0.811756074428558
T1D	CS1004	condition_supported_archetype	HD/2		dex	14	6	6.0	0.54054	0.47167	0.1259	0.5100085106382979	insufficient	0.5580837726593015	0.702144086360931
T1D	CS1005	condition_supported_archetype	HD/2		palmitate	36	15	15.0	0.31967	0.29049	0.13558	0.5100085106382979	exploratory	0.5931354463100434	0.838635802268982
T1D	CS1006	condition_supported_archetype	HIC/1		3-cyt	327	209	209.0	0.080347	0.075439	0.14343	0.5100085106382979	primary	0.7049747109413145	0.871831715106964
T1D	CS1007	condition_supported_archetype	HIC/1		Ex-4_HG	273	163	163.0	-0.020742	0.087381	0.59381	0.8961132727272727	primary	0.718974769115448	0.867664039134979
T1D	CS1008	condition_supported_archetype	HIC/1		IFNg	348	218	218.0	-0.015056	0.072655	0.58208	0.8961132727272727	primary	0.70443195104599	0.868851006031036
T1D	CS1009	condition_supported_archetype	HIC/1		dex	196	128	128.0	0.041248	0.097694	0.33644	0.7562296	primary	0.71493798494339	0.860197067260742
T1D	CS1010	condition_supported_archetype	HIC/1		palmitate	256	178	178.0	0.1002	0.080068	0.1054	0.4773621621621621	primary	0.71061909198761	0.878662884235382
T1D	CS1011	condition_supported_archetype	IRF/1		3-cyt	77	37	37.0	0.16827	0.1848	0.18127	0.546242831858407	primary	0.659268081188202	0.880295634269714
T1D	CS1012	condition_supported_archetype	IRF/1		Ex-4_HG	0	0						insufficient		
T1D	CS1013	condition_supported_archetype	IRF/1		IFNg	67	34	34.0	0.21231	0.1986	0.14254	0.5100085106382979	primary	0.62982302904129	0.840068995952606
T1D	CS1014	condition_supported_archetype	IRF/1		dex	0	0						insufficient		
T1D	CS1015	condition_supported_archetype	IRF/1		palmitate	5	5	5.0	-0.74602	0.50285	0.93103	0.9895491139240506	insufficient	0.666986525058746	0.852629899978638
T1D	CS1016	condition_supported_archetype	IRF/3		3-cyt	557	396	396.0	0.17499	0.055602	0.00082539	0.06850737	primary	0.741604328155518	0.899430632591248
T1D	CS1017	condition_supported_archetype	IRF/3		Ex-4_HG	476	333	333.0	0.033252	0.061243	0.29358	0.6912663829787233	primary	0.7448135614395145	0.897905945777893
T1D	CS1018	condition_supported_archetype	IRF/3		IFNg	461	326	326.0	0.092521	0.062255	0.068625	0.42623530158730155	primary	0.739096403121948	0.892956852912903
T1D	CS1019	condition_supported_archetype	IRF/3		dex	460	317	317.0	0.089119	0.062955	0.078457	0.42623530158730155	primary	0.749154388904572	0.893069863319397
T1D	CS1020	condition_supported_archetype	IRF/3		palmitate	608	431	431.0	0.033626	0.053265	0.26393	0.6623895522388059	primary	0.7473227679729465	0.899599313735962
T1D	CS1021	condition_supported_archetype	KAISO		3-cyt	8485	5719	5714.0	0.036329	0.017475	0.01882	0.25979664	primary	0.745939314365387	0.914714395999908
T1D	CS1022	condition_supported_archetype	KAISO		Ex-4_HG	8739	5894	5888.0	0.035734	0.017321	0.019563	0.25979664	primary	0.743490695953369	0.905181169509888
T1D	CS1023	condition_supported_archetype	KAISO		IFNg	9452	6371	6366.0	0.04292	0.017115	0.0060802	0.15568756923076923	primary	0.745307803153992	0.907731056213379
T1D	CS1024	condition_supported_archetype	KAISO		dex	8698	5873	5869.0	0.03974	0.017395	0.011176	0.19904190476190475	primary	0.744131505489349	0.908047795295715
T1D	CS1025	condition_supported_archetype	KAISO		palmitate	8002	5385	5379.0	0.038334	0.017722	0.015271	0.22372469565217393	primary	0.745722770690918	0.906728029251099
T1D	CS1026	condition_supported_archetype	KLF/SP/1		3-cyt	17030	11289	11280.0	0.016265	0.016877	0.16759	0.5401930097087378	primary	0.7302094995975494	0.914714395999908
T1D	CS1027	condition_supported_archetype	KLF/SP/1		Ex-4_HG	16930	11231	11222.0	0.021288	0.016795	0.10248	0.4773621621621621	primary	0.7310621440410615	0.908117175102234
T1D	CS1028	condition_supported_archetype	KLF/SP/1		IFNg	16885	11185	11177.0	0.021509	0.016829	0.10062	0.47722628571428566	primary	0.729522347450256	0.907731056213379
T1D	CS1029	condition_supported_archetype	KLF/SP/1		dex	17353	11468	11459.0	0.023933	0.016925	0.078681	0.42623530158730155	primary	0.726647675037384	0.913902699947357
T1D	CS1030	condition_supported_archetype	KLF/SP/1		palmitate	17145	11392	11383.0	0.015752	0.016912	0.17582	0.546242831858407	primary	0.7323788106441496	0.915444791316986
T1D	CS1031	condition_supported_archetype	KLF/SP/2		3-cyt	5949	4023	4023.0	0.032448	0.019339	0.046699	0.37410223255813957	primary	0.748059958219528	0.910652577877045
T1D	CS1032	condition_supported_archetype	KLF/SP/2		Ex-4_HG	6894	4704	4703.0	-0.0039645	0.018442	0.5851	0.8961132727272727	primary	0.745434045791626	0.905426561832428
T1D	CS1033	condition_supported_archetype	KLF/SP/2		IFNg	7378	5047	5044.0	-0.0071079	0.017986	0.65364	0.9057838016528926	primary	0.7444228529930115	0.907641410827637
T1D	CS1034	condition_supported_archetype	KLF/SP/2		dex	6605	4487	4485.0	0.005218	0.018676	0.38997	0.7982461349693251	primary	0.746633768081665	0.904372751712799
T1D	CS1035	condition_supported_archetype	KLF/SP/2		palmitate	5668	3882	3882.0	0.021091	0.019481	0.13949	0.5100085106382979	primary	0.747443914413452	0.901142060756683
T1D	CS1036	condition_supported_archetype	MAF		3-cyt	1714	747	746.0	0.013642	0.039961	0.36641	0.7874825806451613	primary	0.605133295059204	0.898724675178528
T1D	CS1037	condition_supported_archetype	MAF		Ex-4_HG	1679	733	732.0	0.042196	0.040091	0.14629	0.5112450526315789	primary	0.6024772226810455	0.898240804672241
T1D	CS1038	condition_supported_archetype	MAF		IFNg	1569	670	669.0	-0.01794	0.041792	0.66614	0.9093670491803278	primary	0.6060501933097839	0.890418708324432
T1D	CS1039	condition_supported_archetype	MAF		dex	1914	863	862.0	0.0084634	0.037543	0.41082	0.8185478651685393	primary	0.607120394706726	0.889994442462921
T1D	CS1040	condition_supported_archetype	MAF		palmitate	1825	813	811.0	-0.010503	0.0381	0.6086	0.9057838016528926	primary	0.614186525344849	0.901308476924896
T1D	CS1041	condition_supported_archetype	MBD2		3-cyt	3899	2624	2622.0	0.0074329	0.023003	0.3733	0.7944589743589744	primary	0.739897310733795	0.906529426574707
T1D	CS1042	condition_supported_archetype	MBD2		Ex-4_HG	3803	2541	2540.0	0.057749	0.023037	0.0060962	0.15568756923076923	primary	0.7395471930503845	0.905426561832428
T1D	CS1043	condition_supported_archetype	MBD2		IFNg	4307	2906	2904.0	0.015539	0.021909	0.23909	0.6401441935483871	primary	0.739000856876373	0.907641410827637
T1D	CS1044	condition_supported_archetype	MBD2		dex	3495	2351	2349.0	0.042009	0.023792	0.038732	0.34754118918918925	primary	0.74498450756073	0.908047795295715
T1D	CS1045	condition_supported_archetype	MBD2		palmitate	3297	2230	2228.0	0.013748	0.024478	0.28719	0.6912663829787233	primary	0.740014910697937	0.911694645881653
T1D	CS1046	condition_supported_archetype	NFAC/2		3-cyt	7	2	2.0	-0.27982	0.7517	0.64514	0.9057838016528926	insufficient	0.535029411315918	0.676985263824463
T1D	CS1047	condition_supported_archetype	NFAC/2		Ex-4_HG	12	6	6.0	0.486	0.4521	0.1412	0.5100085106382979	insufficient	0.540010869503021	0.682073652744293
T1D	CS1048	condition_supported_archetype	NFAC/2		IFNg	4	0						insufficient	0.5274527370929716	0.65245646238327
T1D	CS1049	condition_supported_archetype	NFAC/2		dex	8	3	3.0	0.52362	0.61619	0.19773	0.5708379130434783	insufficient	0.479218378663063	0.656197488307953
T1D	CS1050	condition_supported_archetype	NFAC/2		palmitate	8	1						insufficient	0.5347348153591156	0.669645726680756
T1D	CS1051	condition_supported_archetype	NFAT/3		3-cyt	11	8	8.0	0.3345	0.36338	0.17865	0.546242831858407	insufficient	0.635888040065765	0.751113593578339
T1D	CS1052	condition_supported_archetype	NFAT/3		Ex-4_HG	4	2	2.0	-0.22282	0.67969	0.62848	0.9057838016528926	insufficient	0.5419237911701205	0.658337414264679
T1D	CS1053	condition_supported_archetype	NFAT/3		IFNg	9	3	3.0	-0.73749	0.62249	0.88193	0.9834218791946308	insufficient	0.564937710762024	0.660421431064606
T1D	CS1054	condition_supported_archetype	NFAT/3		dex	4	3	3.0	0.24092	0.83809	0.38688	0.7982461349693251	insufficient	0.5104123950004575	0.71717357635498
T1D	CS1055	condition_supported_archetype	NFAT/3		palmitate	9	5	5.0	-0.68196	0.43595	0.94112	0.9895491139240506	insufficient	0.55488258600235	0.749400198459625
T1D	CS1056	condition_supported_archetype	NFAT/4		3-cyt	229	122	122.0	0.21598	0.095812	0.012096	0.19904190476190475	primary	0.684800803661346	0.907233357429504
T1D	CS1057	condition_supported_archetype	NFAT/4		Ex-4_HG	204	114	114.0	0.10718	0.099004	0.13951	0.5100085106382979	primary	0.6705073714256286	0.885037362575531
T1D	CS1058	condition_supported_archetype	NFAT/4		IFNg	91	54	54.0	0.088622	0.13975	0.26299	0.6623895522388059	primary	0.665285646915436	0.85958343744278
T1D	CS1059	condition_supported_archetype	NFAT/4		dex	255	144	144.0	0.058568	0.087641	0.25198	0.6530362790697675	primary	0.686389029026031	0.877338767051697
T1D	CS1060	condition_supported_archetype	NFAT/4		palmitate	204	121	121.0	0.17956	0.096527	0.031433	0.344833875	primary	0.687555551528931	0.8830526471138
T1D	CS1061	condition_supported_archetype	NFY		3-cyt	2487	1530	1530.0	-0.027653	0.029622	0.82472	0.9536238888888889	primary	0.7459249496459965	0.906253635883331
T1D	CS1062	condition_supported_archetype	NFY		Ex-4_HG	2471	1522	1522.0	-0.019892	0.029599	0.74922	0.921509037037037	primary	0.7448322176933291	0.90778774023056
T1D	CS1063	condition_supported_archetype	NFY		IFNg	2397	1497	1497.0	-0.01694	0.029845	0.71484	0.920870579150579	primary	0.748938679695129	0.90043842792511
T1D	CS1064	condition_supported_archetype	NFY		dex	2482	1525	1525.0	-0.0086333	0.029513	0.61506	0.9057838016528926	primary	0.743325769901276	0.9014812707901
T1D	CS1065	condition_supported_archetype	NFY		palmitate	2469	1526	1526.0	-0.017052	0.029498	0.71839	0.920870579150579	primary	0.748112559318542	0.900610029697418
T1D	CS1066	condition_supported_archetype	NR/1		3-cyt	1253	654	654.0	-0.098743	0.042435	0.99001	0.9946058006042295	primary	0.640137016773224	0.899874150753021
T1D	CS1067	condition_supported_archetype	NR/1		Ex-4_HG	857	450	450.0	-0.073772	0.050968	0.9261	0.9895491139240506	primary	0.633192092180252	0.899784207344055
T1D	CS1068	condition_supported_archetype	NR/1		IFNg	1160	602	602.0	-0.08832	0.044641	0.97605	0.9946058006042295	primary	0.631077975034714	0.888151884078979
T1D	CS1069	condition_supported_archetype	NR/1		dex	692	353	353.0	-0.11584	0.05746	0.9781	0.9946058006042295	primary	0.6452900767326355	0.881313323974609
T1D	CS1070	condition_supported_archetype	NR/1		palmitate	1434	769	769.0	-0.094468	0.0395	0.99161	0.9946058006042295	primary	0.6441846787929535	0.889386773109436
T1D	CS1071	condition_supported_archetype	NR/13		3-cyt	17	5	5.0	0.06453	0.4012	0.43611	0.8185478651685393	insufficient	0.5889877080917355	0.738549530506134
T1D	CS1072	condition_supported_archetype	NR/13		Ex-4_HG	17	8	8.0	-0.16876	0.346	0.68713	0.91250864	insufficient	0.61352464556694	0.822627484798431
T1D	CS1073	condition_supported_archetype	NR/13		IFNg	14	7	7.0	0.21556	0.34719	0.26735	0.6623895522388059	insufficient	0.587198197841644	0.747117757797241
T1D	CS1074	condition_supported_archetype	NR/13		dex	11	5	5.0	0.06453	0.4012	0.43611	0.8185478651685393	insufficient	0.6004654169082639	0.729717671871185
T1D	CS1075	condition_supported_archetype	NR/13		palmitate	15	7	7.0	-0.049034	0.37761	0.55166	0.8937278048780487	insufficient	0.6065904796123505	0.822120308876038
T1D	CS1076	condition_supported_archetype	NR/18		3-cyt	165	71	71.0	-0.014067	0.12687	0.54414	0.8937278048780487	primary	0.593103647232056	0.845464825630188
T1D	CS1077	condition_supported_archetype	NR/18		Ex-4_HG	159	69	69.0	-0.051743	0.12749	0.65758	0.9057838016528926	primary	0.6026163697242735	0.838092029094696
T1D	CS1078	condition_supported_archetype	NR/18		IFNg	187	89	89.0	-0.014434	0.11683	0.54917	0.8937278048780487	primary	0.611530482769012	0.850614190101624
T1D	CS1079	condition_supported_archetype	NR/18		dex	106	49	49.0	-0.0024985	0.1567	0.50636	0.8856711578947367	primary	0.610030919313431	0.867006182670593
T1D	CS1080	condition_supported_archetype	NR/18		palmitate	153	69	69.0	-0.097292	0.13251	0.76858	0.9268453623188406	primary	0.617949992418289	0.83970183134079
T1D	CS1081	condition_supported_archetype	NR/20		3-cyt	22	10	10.0	0.05974	0.3549	0.43316	0.8185478651685393	exploratory	0.608551561832428	0.828394532203674
T1D	CS1082	condition_supported_archetype	NR/20		Ex-4_HG	29	11	11.0	-0.16417	0.32581	0.69282	0.9163993625498008	exploratory	0.602075040340424	0.842363178730011
T1D	CS1083	condition_supported_archetype	NR/20		IFNg	14	6	6.0	-0.51605	0.45716	0.8705	0.9796813559322035	insufficient	0.5534093976020815	0.849895238876343
T1D	CS1084	condition_supported_archetype	NR/20		dex	505	237	237.0	0.0112	0.071788	0.43801	0.8185478651685393	primary	0.633549869060516	0.889024555683136
T1D	CS1085	condition_supported_archetype	NR/20		palmitate	11	3	3.0	0.077151	0.70968	0.45672	0.8423946666666667	insufficient	0.55929309129715	0.830554783344269
T1D	CS1086	condition_supported_archetype	NR/4		3-cyt	248	106	106.0	-0.039132	0.10652	0.64332	0.9057838016528926	primary	0.608287513256073	0.890286028385162
T1D	CS1087	condition_supported_archetype	NR/4		Ex-4_HG	238	109	109.0	-0.033801	0.1024	0.62934	0.9057838016528926	primary	0.6099084615707395	0.878443896770477
T1D	CS1088	condition_supported_archetype	NR/4		IFNg	222	98	98.0	-0.049036	0.10687	0.67683	0.91250864	primary	0.601166605949402	0.88578987121582
T1D	CS1089	condition_supported_archetype	NR/4		dex	184	82	82.0	-0.088579	0.11961	0.77051	0.9268453623188406	primary	0.588274538516998	0.861597299575806
T1D	CS1090	condition_supported_archetype	NR/4		palmitate	245	96	96.0	-0.11357	0.11272	0.84315	0.9586499999999999	primary	0.599693715572357	0.875654101371765
T1D	CS1091	condition_supported_archetype	NRF1		3-cyt	12180	8140	8133.0	0.022841	0.016324	0.080882	0.42623530158730155	primary	0.749764323234558	0.912147164344788
T1D	CS1092	condition_supported_archetype	NRF1		Ex-4_HG	12363	8289	8282.0	0.030328	0.016338	0.031713	0.344833875	primary	0.748840987682343	0.908117175102234
T1D	CS1093	condition_supported_archetype	NRF1		IFNg	12235	8173	8167.0	0.028168	0.01627	0.041706	0.36437873684210526	primary	0.7497918009758	0.906530678272247
T1D	CS1094	condition_supported_archetype	NRF1		dex	13028	8711	8704.0	0.026498	0.016306	0.052086	0.3759250434782609	primary	0.747605174779892	0.908047795295715
T1D	CS1095	condition_supported_archetype	NRF1		palmitate	12423	8296	8289.0	0.025333	0.016296	0.060036	0.4067745306122449	primary	0.749344766139984	0.915444791316986
T1D	CS1096	condition_supported_archetype	OCT4+SOX2		3-cyt	12	6	6.0	-0.96511	0.41832	0.98947	0.9946058006042295	insufficient	0.6292511820793154	0.817302823066711
T1D	CS1097	condition_supported_archetype	OCT4+SOX2		Ex-4_HG	4	2	2.0	0.051049	0.96494	0.4789	0.8548107526881721	insufficient	0.588770091533661	0.706206500530243
T1D	CS1098	condition_supported_archetype	OCT4+SOX2		IFNg	6	2	2.0	-0.015255	0.88658	0.50686	0.8856711578947367	insufficient	0.6210497319698329	0.742934882640839
T1D	CS1099	condition_supported_archetype	OCT4+SOX2		dex	9	3	3.0	1.1132	0.69688	0.055099	0.3811014166666667	insufficient	0.583994925022125	0.752915978431702
T1D	CS1100	condition_supported_archetype	OCT4+SOX2		palmitate	8	3	3.0	-0.12757	0.66245	0.57635	0.8961132727272727	insufficient	0.567013293504715	0.704259216785431
T1D	CS1101	condition_supported_archetype	OSR2		3-cyt	414	252	252.0	-0.036467	0.06867	0.70231	0.9175260937499999	primary	0.7251223027706145	0.896551191806793
T1D	CS1102	condition_supported_archetype	OSR2		Ex-4_HG	137	81	81.0	-0.22982	0.1293	0.96224	0.9946058006042295	primary	0.666746139526367	0.889900386333466
T1D	CS1103	condition_supported_archetype	OSR2		IFNg	84	34	34.0	-0.030871	0.19139	0.56407	0.8961132727272727	primary	0.619902551174164	0.886886954307556
T1D	CS1104	condition_supported_archetype	OSR2		dex	900	556	556.0	-0.028933	0.04729	0.72967	0.921509037037037	primary	0.731419503688812	0.894976615905762
T1D	CS1105	condition_supported_archetype	OSR2		palmitate	261	151	151.0	-0.18281	0.090767	0.97799	0.9946058006042295	primary	0.72270929813385	0.888300478458405
T1D	CS1106	condition_supported_archetype	PAX/1		3-cyt	199	79	79.0	-0.25952	0.1228	0.98271	0.9946058006042295	primary	0.603980451822281	0.863198339939117
T1D	CS1107	condition_supported_archetype	PAX/1		Ex-4_HG	210	91	91.0	-0.22574	0.11523	0.97494	0.9946058006042295	primary	0.6215216517448425	0.884840548038483
T1D	CS1108	condition_supported_archetype	PAX/1		IFNg	151	61	61.0	-0.23784	0.13893	0.95654	0.9946058006042295	primary	0.58858323097229	0.874784708023071
T1D	CS1109	condition_supported_archetype	PAX/1		dex	58	32	32.0	-0.093007	0.19916	0.67974	0.91250864	primary	0.657171875238419	0.873393714427948
T1D	CS1110	condition_supported_archetype	PAX/1		palmitate	233	104	104.0	-0.056982	0.10708	0.70269	0.9175260937499999	primary	0.619172811508179	0.886848926544189
T1D	CS1111	condition_supported_archetype	POU/1		3-cyt	138	53	53.0	-0.19763	0.15568	0.89786	0.9895491139240506	primary	0.579403877258301	0.805578112602234
T1D	CS1112	condition_supported_archetype	POU/1		Ex-4_HG	156	67	67.0	-0.17863	0.12616	0.92159	0.9895491139240506	primary	0.573798954486847	0.836582362651825
T1D	CS1113	condition_supported_archetype	POU/1		IFNg	158	52	52.0	-0.1393	0.15064	0.82245	0.9536238888888889	primary	0.586328446865082	0.85367226600647
T1D	CS1114	condition_supported_archetype	POU/1		dex	183	72	72.0	-0.11793	0.12501	0.82724	0.9536238888888889	primary	0.5809544324874876	0.860019505023956
T1D	CS1115	condition_supported_archetype	POU/1		palmitate	198	83	83.0	-0.25602	0.11395	0.98767	0.9946058006042295	primary	0.592648804187775	0.851416707038879
T1D	CS1116	condition_supported_archetype	POU/2		3-cyt	25	10	10.0	0.27529	0.3008	0.18005	0.546242831858407	exploratory	0.63469260931015	0.818462491035461
T1D	CS1117	condition_supported_archetype	POU/2		Ex-4_HG	21	8	8.0	-0.36557	0.37886	0.8327	0.9556791724137931	insufficient	0.539002180099487	0.820080280303955
T1D	CS1118	condition_supported_archetype	POU/2		IFNg	18	8	8.0	-0.27051	0.37227	0.76628	0.9268453623188406	insufficient	0.5830300748348235	0.76196551322937
T1D	CS1119	condition_supported_archetype	POU/2		dex	16	5	5.0	-0.50192	0.55542	0.81691	0.9516284912280701	insufficient	0.562781810760498	0.813852548599243
T1D	CS1120	condition_supported_archetype	POU/2		palmitate	29	9	9.0	-0.27165	0.34441	0.78486	0.93670925795053	insufficient	0.645406126976013	0.857043206691742
T1D	CS1121	condition_supported_archetype	PRDM1		3-cyt	1251	683	682.0	0.011117	0.042625	0.39712	0.8039258536585366	primary	0.670267045497894	0.890275716781616
T1D	CS1122	condition_supported_archetype	PRDM1		Ex-4_HG	145	78	78.0	-0.093605	0.1272	0.7691	0.9268453623188406	primary	0.640619397163391	0.896908521652222
T1D	CS1123	condition_supported_archetype	PRDM1		IFNg	925	514	513.0	0.065869	0.048207	0.085919	0.43884781538461537	primary	0.6716074049472804	0.888131976127625
T1D	CS1124	condition_supported_archetype	PRDM1		dex	139	75	75.0	0.094869	0.13021	0.23313	0.6292614634146341	primary	0.654502213001251	0.882772862911224
T1D	CS1125	condition_supported_archetype	PRDM1		palmitate	255	150	150.0	0.017194	0.08746	0.42208	0.8185478651685393	primary	0.673085629940033	0.885339081287384
T1D	CS1126	condition_supported_archetype	PRDM14		3-cyt	98	43	43.0	0.62066	0.16594	9.2249e-05	0.030626668000000003	primary	0.590948194265366	0.86260199546814
T1D	CS1127	condition_supported_archetype	PRDM14		Ex-4_HG	79	31	31.0	0.10532	0.18534	0.28494	0.6912663829787233	primary	0.587248623371124	0.845297574996948
T1D	CS1128	condition_supported_archetype	PRDM14		IFNg	99	37	37.0	0.57793	0.17619	0.00051965	0.06850737	primary	0.598420560359955	0.854369282722473
T1D	CS1129	condition_supported_archetype	PRDM14		dex	67	28	28.0	0.25672	0.20055	0.10027	0.47722628571428566	exploratory	0.586614608764648	0.831611394882202
T1D	CS1130	condition_supported_archetype	PRDM14		palmitate	88	37	37.0	0.579	0.17991	0.00064606	0.06850737	primary	0.583304822444916	0.851239323616028
T1D	CS1131	condition_supported_archetype	REST/NRSF		3-cyt	1542	975	975.0	-0.010016	0.035645	0.61064	0.9057838016528926	primary	0.699550628662109	0.903439342975616
T1D	CS1132	condition_supported_archetype	REST/NRSF		Ex-4_HG	1262	815	815.0	0.018366	0.039038	0.31902	0.7254427397260275	primary	0.707054615020752	0.869700193405151
T1D	CS1133	condition_supported_archetype	REST/NRSF		IFNg	1835	1170	1170.0	-0.0065216	0.032746	0.57893	0.8961132727272727	primary	0.7045788466930385	0.873033046722412
T1D	CS1134	condition_supported_archetype	REST/NRSF		dex	885	544	544.0	-0.039079	0.047259	0.79585	0.93670925795053	primary	0.7082374095916746	0.898051381111145
T1D	CS1135	condition_supported_archetype	REST/NRSF		palmitate	1353	874	874.0	-0.024142	0.037481	0.74024	0.921509037037037	primary	0.703850567340851	0.889362514019012
T1D	CS1136	condition_supported_archetype	RFX/1		3-cyt	4904	3228	3228.0	-0.0040728	0.021194	0.57619	0.8961132727272727	primary	0.7288143038749695	0.906948804855347
T1D	CS1137	condition_supported_archetype	RFX/1		Ex-4_HG	5300	3427	3426.0	0.018012	0.020598	0.19095	0.5561	primary	0.731323003768921	0.908117175102234
T1D	CS1138	condition_supported_archetype	RFX/1		IFNg	5030	3284	3284.0	-0.0027091	0.020822	0.55176	0.8937278048780487	primary	0.7306165397167206	0.906091451644897
T1D	CS1139	condition_supported_archetype	RFX/1		dex	5921	3876	3875.0	0.0066107	0.019553	0.36765	0.7874825806451613	primary	0.730651915073395	0.904372751712799
T1D	CS1140	condition_supported_archetype	RFX/1		palmitate	5155	3317	3316.0	-0.0024475	0.020588	0.54731	0.8937278048780487	primary	0.7338734567165375	0.903866350650787
T1D	CS1141	condition_supported_archetype	RFX/2		3-cyt	3381	1928	1926.0	0.046628	0.026207	0.037612	0.34754118918918925	primary	0.6827533543109889	0.904594838619232
T1D	CS1142	condition_supported_archetype	RFX/2		Ex-4_HG	3017	1731	1730.0	0.026646	0.0276	0.16717	0.5401930097087378	primary	0.679362773895264	0.905426561832428
T1D	CS1143	condition_supported_archetype	RFX/2		IFNg	3035	1715	1714.0	-0.0020404	0.027465	0.52961	0.8937278048780487	primary	0.672529011964798	0.906047880649567
T1D	CS1144	condition_supported_archetype	RFX/2		dex	3503	2023	2021.0	0.0039584	0.025727	0.43886	0.8185478651685393	primary	0.681106805801392	0.900158703327179
T1D	CS1145	condition_supported_archetype	RFX/2		palmitate	3089	1771	1770.0	0.024684	0.027257	0.18258	0.546242831858407	primary	0.678765177726746	0.903866350650787
T1D	CS1146	condition_supported_archetype	RFX/3		3-cyt	600	317	317.0	-0.06839	0.060767	0.86979	0.9796813559322035	primary	0.640281558036804	0.888085901737213
T1D	CS1147	condition_supported_archetype	RFX/3		Ex-4_HG	317	160	160.0	-0.23179	0.081862	0.99768	0.99768	primary	0.6195442378520966	0.874197065830231
T1D	CS1148	condition_supported_archetype	RFX/3		IFNg	399	168	167.0	-0.10358	0.080849	0.89993	0.9895491139240506	primary	0.613645434379578	0.889798939228058
T1D	CS1149	condition_supported_archetype	RFX/3		dex	1587	877	877.0	-0.047579	0.036813	0.90189	0.9895491139240506	primary	0.669545471668243	0.900884509086609
T1D	CS1150	condition_supported_archetype	RFX/3		palmitate	564	293	292.0	-0.034851	0.064299	0.70609	0.9175260937499999	primary	0.6412322223186491	0.891317903995514
T1D	CS1151	condition_supported_archetype	SCRT1		3-cyt	4	3	3.0	0.82162	0.69308	0.11793	0.5084774025974026	insufficient	0.6052724123001101	0.70568436384201
T1D	CS1152	condition_supported_archetype	SCRT1		Ex-4_HG	6	2	2.0	-0.73102	0.53154	0.91547	0.9895491139240506	insufficient	0.6035065948963165	0.763078510761261
T1D	CS1153	condition_supported_archetype	SCRT1		IFNg	10	5	5.0	0.17321	0.44203	0.34759	0.7642376158940398	insufficient	0.617979049682617	0.742700397968292
T1D	CS1154	condition_supported_archetype	SCRT1		dex	1	1						insufficient	0.687375903129578	0.687375903129578
T1D	CS1155	condition_supported_archetype	SCRT1		palmitate	8	2	2.0	-1.6133	1.0548	0.93691	0.9895491139240506	insufficient	0.6636702418327329	0.737975895404816
T1D	CS1156	condition_supported_archetype	SMAD		3-cyt	948	431	431.0	0.12541	0.052618	0.0085824	0.18995712	primary	0.614988207817078	0.888947129249573
T1D	CS1157	condition_supported_archetype	SMAD		Ex-4_HG	947	434	434.0	0.021566	0.051938	0.33899	0.7562296	primary	0.6144528985023501	0.891921281814575
T1D	CS1158	condition_supported_archetype	SMAD		IFNg	756	324	323.0	0.040036	0.06024	0.25316	0.6530362790697675	primary	0.607830047607422	0.882192492485046
T1D	CS1159	condition_supported_archetype	SMAD		dex	1876	969	969.0	0.00043967	0.03598	0.49513	0.878157659574468	primary	0.6374997794628146	0.890132308006287
T1D	CS1160	condition_supported_archetype	SMAD		palmitate	1145	518	518.0	0.088365	0.048147	0.033237	0.344833875	primary	0.621541440486908	0.894421756267548
T1D	CS1161	condition_supported_archetype	SNAI2		3-cyt	4	2	2.0	-0.37935	0.79365	0.68367	0.91250864	insufficient	0.6001589000225069	0.6988126039505
T1D	CS1162	condition_supported_archetype	SNAI2		Ex-4_HG	0	0						insufficient		
T1D	CS1163	condition_supported_archetype	SNAI2		IFNg	0	0						insufficient		
T1D	CS1164	condition_supported_archetype	SNAI2		dex	3	1						insufficient	0.545115947723389	0.670902788639069
T1D	CS1165	condition_supported_archetype	SNAI2		palmitate	0	0						insufficient		
T1D	CS1166	condition_supported_archetype	SOX/8		3-cyt	19	10	10.0	-0.076997	0.33827	0.59003	0.8961132727272727	exploratory	0.651543080806732	0.804618716239929
T1D	CS1167	condition_supported_archetype	SOX/8		Ex-4_HG	25	13	13.0	-0.33879	0.32482	0.85152	0.9648622525597271	exploratory	0.641948878765106	0.859414994716644
T1D	CS1168	condition_supported_archetype	SOX/8		IFNg	9	7	7.0	0.24459	0.43636	0.28757	0.6912663829787233	insufficient	0.608913540840149	0.661765158176422
T1D	CS1169	condition_supported_archetype	SOX/8		dex	2	0						insufficient	0.6740184128284454	0.723769307136536
T1D	CS1170	condition_supported_archetype	SOX/8		palmitate	19	15	15.0	-0.19726	0.26202	0.77422	0.9279459927797834	exploratory	0.6631138920784	0.853763937950134
T1D	CS1171	condition_supported_archetype	TFAP2/2		3-cyt	299	204	204.0	-0.017987	0.076816	0.59257	0.8961132727272727	primary	0.758923768997192	0.905113160610199
T1D	CS1172	condition_supported_archetype	TFAP2/2		Ex-4_HG	299	219	219.0	-0.046156	0.075136	0.73049	0.921509037037037	primary	0.761956572532654	0.897905945777893
T1D	CS1173	condition_supported_archetype	TFAP2/2		IFNg	277	190	190.0	0.09029	0.079714	0.12868	0.5100085106382979	primary	0.755224943161011	0.896214604377747
T1D	CS1174	condition_supported_archetype	TFAP2/2		dex	360	245	245.0	-0.0050099	0.07118	0.52806	0.8937278048780487	primary	0.7432058453559875	0.902558624744415
T1D	CS1175	condition_supported_archetype	TFAP2/2		palmitate	306	222	222.0	0.10597	0.076326	0.082519	0.42806731249999996	primary	0.7720161974430084	0.900481164455414
T1D	CS1176	condition_supported_archetype	YY1		3-cyt	4226	2788	2785.0	0.03204	0.022328	0.075662	0.42623530158730155	primary	0.7446131706237795	0.905927121639252
T1D	CS1177	condition_supported_archetype	YY1		Ex-4_HG	4068	2682	2679.0	0.024535	0.022745	0.14037	0.5100085106382979	primary	0.747418999671936	0.903911292552948
T1D	CS1178	condition_supported_archetype	YY1		IFNg	3323	2172	2170.0	0.025044	0.024754	0.15584	0.5318775510204082	primary	0.7401464879512785	0.892946481704712
T1D	CS1179	condition_supported_archetype	YY1		dex	4226	2749	2746.0	0.031815	0.022494	0.078631	0.42623530158730155	primary	0.740224182605743	0.902968883514404
T1D	CS1180	condition_supported_archetype	YY1		palmitate	4547	3000	2995.0	0.027026	0.02169	0.1064	0.4773621621621621	primary	0.745699852705002	0.903426826000214
T1D	CS1181	condition_supported_archetype	ZBTB14		3-cyt	6044	4041	4038.0	0.021341	0.019488	0.13675	0.5100085106382979	primary	0.750460654497147	0.912147164344788
T1D	CS1182	condition_supported_archetype	ZBTB14		Ex-4_HG	6318	4222	4220.0	0.026988	0.018961	0.077332	0.42623530158730155	primary	0.747933864593506	0.908117175102234
T1D	CS1183	condition_supported_archetype	ZBTB14		IFNg	6237	4190	4187.0	0.017048	0.019089	0.18592	0.546242831858407	primary	0.750632762908936	0.906119525432587
T1D	CS1184	condition_supported_archetype	ZBTB14		dex	7641	5152	5148.0	0.016187	0.018	0.18426	0.546242831858407	primary	0.7479358017444611	0.908047795295715
T1D	CS1185	condition_supported_archetype	ZBTB14		palmitate	6539	4408	4405.0	0.031419	0.018884	0.048087	0.37410223255813957	primary	0.750191122293472	0.911694645881653
T1D	CS1186	condition_supported_archetype	ZIC/2		3-cyt	423	290	290.0	0.061193	0.062906	0.16534	0.5401930097087378	primary	0.707953631877899	0.871950745582581
T1D	CS1187	condition_supported_archetype	ZIC/2		Ex-4_HG	342	228	228.0	0.080182	0.071585	0.13135	0.5100085106382979	primary	0.7200843691825864	0.877605497837067
T1D	CS1188	condition_supported_archetype	ZIC/2		IFNg	210	149	149.0	0.18661	0.086504	0.015499	0.22372469565217393	primary	0.7157602310180664	0.871949791908264
T1D	CS1189	condition_supported_archetype	ZIC/2		dex	331	230	230.0	0.12564	0.070653	0.037686	0.34754118918918925	primary	0.722308993339539	0.889651536941528
T1D	CS1190	condition_supported_archetype	ZIC/2		palmitate	288	198	198.0	0.092283	0.076997	0.11537	0.5039847368421053	primary	0.712354302406311	0.88360857963562
T1D	CS1191	condition_supported_archetype	ZNF136		3-cyt	92	71	71.0	0.15705	0.1336	0.11991	0.5100085106382979	primary	0.7942965626716615	0.885895669460297
T1D	CS1192	condition_supported_archetype	ZNF136		Ex-4_HG	95	71	71.0	0.10879	0.13796	0.21519	0.603626218487395	primary	0.790742754936218	0.894251644611359
T1D	CS1193	condition_supported_archetype	ZNF136		IFNg	96	73	73.0	0.027324	0.13646	0.42065	0.8185478651685393	primary	0.7981871664524075	0.883941769599915
T1D	CS1194	condition_supported_archetype	ZNF136		dex	106	78	78.0	-0.022522	0.13229	0.56759	0.8961132727272727	primary	0.78330659866333	0.894507110118866
T1D	CS1195	condition_supported_archetype	ZNF136		palmitate	75	57	57.0	0.27192	0.15283	0.037613	0.34754118918918925	primary	0.781765878200531	0.892507076263428
T1D	CS1196	condition_supported_archetype	ZNF143		3-cyt	403	262	262.0	0.072901	0.06701	0.13833	0.5100085106382979	primary	0.7518966495990755	0.896879851818085
T1D	CS1197	condition_supported_archetype	ZNF143		Ex-4_HG	347	227	227.0	0.073421	0.07103	0.15065	0.5209979166666666	primary	0.751112878322601	0.894257366657257
T1D	CS1198	condition_supported_archetype	ZNF143		IFNg	245	167	167.0	0.11667	0.081036	0.074985	0.42623530158730155	primary	0.794826686382294	0.884902477264404
T1D	CS1199	condition_supported_archetype	ZNF143		dex	398	268	268.0	0.099407	0.065448	0.064406	0.4211712941176471	primary	0.77501505613327	0.893142223358154
T1D	CS1200	condition_supported_archetype	ZNF143		palmitate	401	275	275.0	0.090673	0.067082	0.088248	0.4439141818181818	primary	0.748221635818481	0.8846435546875
T1D	CS1201	condition_supported_archetype	ZNF28		3-cyt	12	3	3.0	-0.088574	0.67961	0.55185	0.8937278048780487	insufficient	0.5552958846092224	0.805578112602234
T1D	CS1202	condition_supported_archetype	ZNF28		Ex-4_HG	11	3	3.0	-0.94834	0.68867	0.91574	0.9895491139240506	insufficient	0.622401058673859	0.791074216365814
T1D	CS1203	condition_supported_archetype	ZNF28		IFNg	9	2	2.0	0.073487	0.84814	0.46548	0.8491173626373626	insufficient	0.650815904140472	0.779289841651917
T1D	CS1204	condition_supported_archetype	ZNF28		dex	4	2	2.0	0.49848	0.54684	0.18101	0.546242831858407	insufficient	0.6286019086837771	0.71967351436615
T1D	CS1205	condition_supported_archetype	ZNF28		palmitate	13	5	5.0	0.13528	0.43749	0.37858	0.7982461349693251	insufficient	0.67422342300415	0.822833478450775
T1D	CS1206	condition_supported_archetype	ZNF317		3-cyt	41	11	11.0	0.22176	0.33459	0.25374	0.6530362790697675	exploratory	0.601597428321838	0.825563311576843
T1D	CS1207	condition_supported_archetype	ZNF317		Ex-4_HG	38	13	13.0	0.36899	0.31955	0.12411	0.5100085106382979	exploratory	0.6281090378761289	0.859414994716644
T1D	CS1208	condition_supported_archetype	ZNF317		IFNg	47	16	16.0	-0.36349	0.27241	0.90895	0.9895491139240506	exploratory	0.609696984291077	0.858214139938354
T1D	CS1209	condition_supported_archetype	ZNF317		dex	121	61	61.0	-0.20958	0.15168	0.91646	0.9895491139240506	primary	0.591921389102936	0.867295980453491
T1D	CS1210	condition_supported_archetype	ZNF317		palmitate	46	16	16.0	-0.34557	0.29306	0.88083	0.9834218791946308	exploratory	0.6147386133670805	0.858842134475708
T1D	CS1211	condition_supported_archetype	ZNF331		3-cyt	248	123	122.0	-0.09551	0.096842	0.83799	0.9560573195876287	primary	0.608315885066986	0.865274965763092
T1D	CS1212	condition_supported_archetype	ZNF331		Ex-4_HG	250	106	106.0	-0.058572	0.10199	0.71711	0.920870579150579	primary	0.623534858226776	0.882136762142181
T1D	CS1213	condition_supported_archetype	ZNF331		IFNg	197	83	83.0	0.026743	0.11713	0.4097	0.8185478651685393	primary	0.6183260381221776	0.878472506999969
T1D	CS1214	condition_supported_archetype	ZNF331		dex	410	222	221.0	-0.13627	0.072749	0.96946	0.9946058006042295	primary	0.634266018867493	0.879579722881317
T1D	CS1215	condition_supported_archetype	ZNF331		palmitate	302	147	147.0	0.065754	0.088713	0.22929	0.6266908196721311	primary	0.618593752384186	0.860459804534912
T1D	CS1216	condition_supported_archetype	ZNF335		3-cyt	36	18	18.0	0.06942	0.25133	0.3912	0.7982461349693251	exploratory	0.623068690299988	0.849705159664154
T1D	CS1217	condition_supported_archetype	ZNF335		Ex-4_HG	35	20	20.0	-0.15178	0.24172	0.73497	0.921509037037037	exploratory	0.577569425106049	0.852603495121002
T1D	CS1218	condition_supported_archetype	ZNF335		IFNg	33	13	13.0	0.30093	0.30323	0.16051	0.5328932000000001	exploratory	0.5866319537162785	0.849427759647369
T1D	CS1219	condition_supported_archetype	ZNF335		dex	49	21	21.0	-0.0058801	0.24503	0.50957	0.8857447120418848	exploratory	0.622377455234528	0.851521372795105
T1D	CS1220	condition_supported_archetype	ZNF335		palmitate	36	19	19.0	0.16662	0.24622	0.24929	0.6530362790697675	exploratory	0.6373928785324094	0.852113664150238
T1D	CS1221	condition_supported_archetype	ZNF436		3-cyt	104	56	56.0	0.084171	0.15228	0.29022	0.6912663829787233	primary	0.736478924751282	0.878658413887024
T1D	CS1222	condition_supported_archetype	ZNF436		Ex-4_HG	97	63	63.0	-0.092897	0.1381	0.74942	0.921509037037037	primary	0.728058695793152	0.89593517780304
T1D	CS1223	condition_supported_archetype	ZNF436		IFNg	83	53	53.0	-0.054065	0.15284	0.63823	0.9057838016528926	primary	0.707528352737427	0.872421085834503
T1D	CS1224	condition_supported_archetype	ZNF436		dex	78	46	46.0	-0.26372	0.15764	0.95282	0.9946058006042295	primary	0.735381692647934	0.884407639503479
T1D	CS1225	condition_supported_archetype	ZNF436		palmitate	102	67	67.0	-0.068544	0.13336	0.69637	0.9174398412698413	primary	0.7244414687156675	0.885389626026154
T1D	CS1226	condition_supported_archetype	ZNF563		3-cyt	73	45	45.0	0.10417	0.15315	0.2482	0.6530362790697675	primary	0.690402746200562	0.861122965812683
T1D	CS1227	condition_supported_archetype	ZNF563		Ex-4_HG	63	38	38.0	0.08787	0.17493	0.30773	0.710318611111111	primary	0.70292466878891	0.891436576843262
T1D	CS1228	condition_supported_archetype	ZNF563		IFNg	87	59	59.0	0.051923	0.14065	0.356	0.777578947368421	primary	0.713633000850677	0.867203414440155
T1D	CS1229	condition_supported_archetype	ZNF563		dex	20	15	15.0	0.54037	0.2343	0.010553	0.19904190476190475	exploratory	0.7096122801303865	0.78912889957428
T1D	CS1230	condition_supported_archetype	ZNF563		palmitate	100	69	69.0	0.0090459	0.12972	0.4722	0.8514454054054053	primary	0.7243131101131435	0.874432384967804
T1D	CS1231	condition_supported_archetype	ZNF708		3-cyt	0	0						insufficient		
T1D	CS1232	condition_supported_archetype	ZNF708		Ex-4_HG	0	0						insufficient		
T1D	CS1233	condition_supported_archetype	ZNF708		IFNg	1	0						insufficient	0.618005514144897	0.618005514144897
T1D	CS1234	condition_supported_archetype	ZNF708		dex	0	0						insufficient		
T1D	CS1235	condition_supported_archetype	ZNF708		palmitate	0	0						insufficient		
T2D Suzuki 2024	CS0876	condition_supported_archetype	AP1/1		3-cyt	1058	522	511.0	-0.024691	0.061595	0.65573	0.7912546376811594	primary	0.6272708773612975	0.899986922740936
T2D Suzuki 2024	CS0877	condition_supported_archetype	AP1/1		Ex-4_HG	1018	517	511.0	0.014959	0.061395	0.40375	0.6092954545454545	primary	0.6287395656108855	0.894974172115326
T2D Suzuki 2024	CS0878	condition_supported_archetype	AP1/1		IFNg	949	481	471.0	0.11111	0.063934	0.041132	0.12084800000000001	primary	0.637931227684021	0.869547188282013
T2D Suzuki 2024	CS0879	condition_supported_archetype	AP1/1		dex	649	333	324.0	0.077868	0.07794	0.15889	0.315877125748503	primary	0.6247523427009585	0.889280796051025
T2D Suzuki 2024	CS0880	condition_supported_archetype	AP1/1		palmitate	1723	903	879.0	0.050477	0.047236	0.14263	0.29310271604938276	primary	0.6534631848335265	0.8901407122612
T2D Suzuki 2024	CS0881	condition_supported_archetype	AP1/2		3-cyt	667	326	319.0	0.054269	0.075994	0.23758	0.4217997860962567	primary	0.62689083814621	0.873550474643707
T2D Suzuki 2024	CS0882	condition_supported_archetype	AP1/2		Ex-4_HG	688	332	324.0	-0.088005	0.076916	0.87371	0.9419314285714285	primary	0.6159339845180509	0.871971487998962
T2D Suzuki 2024	CS0883	condition_supported_archetype	AP1/2		IFNg	486	226	223.0	-0.0022557	0.091618	0.50982	0.7120423529411765	primary	0.612890124320984	0.867106735706329
T2D Suzuki 2024	CS0884	condition_supported_archetype	AP1/2		dex	534	290	285.0	0.063397	0.081804	0.21918	0.39587391304347824	primary	0.6427440941333771	0.883671402931213
T2D Suzuki 2024	CS0885	condition_supported_archetype	AP1/2		palmitate	893	451	438.0	-0.0061779	0.066659	0.53692	0.7215912903225807	primary	0.6422099471092224	0.869922697544098
T2D Suzuki 2024	CS0886	condition_supported_archetype	BCL6/1		3-cyt	240	168	168.0	0.038004	0.10911	0.36381	0.5697401886792454	primary	0.79413378238678	0.898792088031769
T2D Suzuki 2024	CS0887	condition_supported_archetype	BCL6/1		Ex-4_HG	238	166	165.0	0.044806	0.10987	0.34171	0.548056618357488	primary	0.796562314033508	0.903430640697479
T2D Suzuki 2024	CS0888	condition_supported_archetype	BCL6/1		IFNg	233	160	160.0	0.06831	0.11057	0.26836	0.4664686910994764	primary	0.7855813503265385	0.894868969917297
T2D Suzuki 2024	CS0889	condition_supported_archetype	BCL6/1		dex	241	166	165.0	0.039745	0.10854	0.35712	0.5619139336492891	primary	0.7944499552249911	0.898216307163239
T2D Suzuki 2024	CS0890	condition_supported_archetype	BCL6/1		palmitate	241	168	168.0	0.062725	0.10813	0.28093	0.47830133333333336	primary	0.795160889625549	0.894665658473969
T2D Suzuki 2024	CS0891	condition_supported_archetype	CCAAT/CEBP		3-cyt	28	11	11.0	0.60472	0.47046	0.099337	0.2355706	exploratory	0.5749916136264805	0.87409520149231
T2D Suzuki 2024	CS0892	condition_supported_archetype	CCAAT/CEBP		Ex-4_HG	53	24	24.0	0.1156	0.34325	0.36814	0.5711330841121496	exploratory	0.657440483570099	0.852572202682495
T2D Suzuki 2024	CS0893	condition_supported_archetype	CCAAT/CEBP		IFNg	8	5	5.0	-1.2917	0.75836	0.95573	0.9792161230769232	insufficient	0.597302347421646	0.79381650686264
T2D Suzuki 2024	CS0894	condition_supported_archetype	CCAAT/CEBP		dex	62	29	28.0	0.46281	0.27163	0.044217	0.12877231578947368	exploratory	0.672962129116058	0.867794394493103
T2D Suzuki 2024	CS0895	condition_supported_archetype	CCAAT/CEBP		palmitate	23	8	8.0	-0.18272	0.51177	0.63946	0.786298962962963	insufficient	0.640850067138672	0.862265527248383
T2D Suzuki 2024	CS0896	condition_supported_archetype	CPEB1		3-cyt	0	0						insufficient		
T2D Suzuki 2024	CS0897	condition_supported_archetype	CPEB1		Ex-4_HG	0	0						insufficient		
T2D Suzuki 2024	CS0898	condition_supported_archetype	CPEB1		IFNg	4	1						insufficient	0.6389243006706236	0.76718145608902
T2D Suzuki 2024	CS0899	condition_supported_archetype	CPEB1		dex	0	0						insufficient		
T2D Suzuki 2024	CS0900	condition_supported_archetype	CPEB1		palmitate	0	0						insufficient		
T2D Suzuki 2024	CS0901	condition_supported_archetype	CREB/ATF/1		3-cyt	3150	2041	1980.0	0.074348	0.033251	0.012683	0.04896227906976744	primary	0.755390346050262	0.912147164344788
T2D Suzuki 2024	CS0902	condition_supported_archetype	CREB/ATF/1		Ex-4_HG	3256	2105	2037.0	0.072679	0.032889	0.013566	0.05176910344827586	primary	0.751958072185516	0.908117175102234
T2D Suzuki 2024	CS0903	condition_supported_archetype	CREB/ATF/1		IFNg	3286	2126	2061.0	0.091265	0.03257	0.0025413	0.012939448484848485	primary	0.757670164108276	0.90043842792511
T2D Suzuki 2024	CS0904	condition_supported_archetype	CREB/ATF/1		dex	3054	1981	1914.0	0.080787	0.033821	0.0084605	0.036479038961038955	primary	0.754664063453674	0.903584361076355
T2D Suzuki 2024	CS0905	condition_supported_archetype	CREB/ATF/1		palmitate	3048	1973	1912.0	0.081323	0.033702	0.0079165	0.034582605263157894	primary	0.755257844924927	0.906620621681213
T2D Suzuki 2024	CS0906	condition_supported_archetype	CREB/ATF/2		3-cyt	1692	1026	990.0	0.080781	0.045482	0.037867	0.11224860714285713	primary	0.738838315010071	0.900819420814514
T2D Suzuki 2024	CS0907	condition_supported_archetype	CREB/ATF/2		Ex-4_HG	1662	1013	984.0	0.071835	0.045718	0.058072	0.15933804958677686	primary	0.7404547333717345	0.899692356586456
T2D Suzuki 2024	CS0908	condition_supported_archetype	CREB/ATF/2		IFNg	1460	900	874.0	0.11152	0.048595	0.010879	0.04445560975609756	primary	0.739558756351471	0.90043842792511
T2D Suzuki 2024	CS0909	condition_supported_archetype	CREB/ATF/2		dex	1689	1017	981.0	0.084339	0.045968	0.033283	0.10117549090909092	primary	0.7385193705558775	0.903584361076355
T2D Suzuki 2024	CS0910	condition_supported_archetype	CREB/ATF/2		palmitate	1565	957	927.0	0.097098	0.047164	0.019768	0.06908395789473684	primary	0.73945888876915	0.90280282497406
T2D Suzuki 2024	CS0911	condition_supported_archetype	CTCF		3-cyt	9326	5908	5746.0	0.094871	0.02208	8.7202e-06	6.732805581395348e-05	primary	0.6910018920898435	0.910241186618805
T2D Suzuki 2024	CS0912	condition_supported_archetype	CTCF		Ex-4_HG	9784	6234	6060.0	0.11205	0.02187	1.517e-07	1.4813058823529411e-06	primary	0.6969133913517	0.905426561832428
T2D Suzuki 2024	CS0913	condition_supported_archetype	CTCF		IFNg	8768	5530	5396.0	0.11413	0.022568	2.1542e-07	2.0434125714285717e-06	primary	0.684668242931366	0.907641410827637
T2D Suzuki 2024	CS0914	condition_supported_archetype	CTCF		dex	10478	6707	6524.0	0.1243	0.021522	3.9104e-09	4.9932800000000004e-08	primary	0.7001494169235225	0.905020892620087
T2D Suzuki 2024	CS0915	condition_supported_archetype	CTCF		palmitate	10198	6506	6329.0	0.12785	0.021655	1.8118e-09	2.4060703999999998e-08	primary	0.6994040310382845	0.915444791316986
T2D Suzuki 2024	CS0916	condition_supported_archetype	CUX/4		3-cyt	4	1						insufficient	0.7323423027992245	0.811172306537628
T2D Suzuki 2024	CS0917	condition_supported_archetype	CUX/4		Ex-4_HG	3	2	2.0	2.035	1.0764	0.029357	0.09371657692307693	insufficient	0.662055671215057	0.688761711120605
T2D Suzuki 2024	CS0918	condition_supported_archetype	CUX/4		IFNg	2	2	2.0	2.1708	1.0777	0.022002	0.07530581443298968	insufficient	0.6029186844825745	0.691474556922913
T2D Suzuki 2024	CS0919	condition_supported_archetype	CUX/4		dex	3	2	2.0	-1.9356	0.99296	0.97436	0.9892584709480123	insufficient	0.77501505613327	0.817435264587402
T2D Suzuki 2024	CS0920	condition_supported_archetype	CUX/4		palmitate	3	1						insufficient	0.575275719165802	0.608908712863922
T2D Suzuki 2024	CS0921	condition_supported_archetype	E2F/3		3-cyt	546	342	326.0	0.16229	0.078139	0.018913	0.06798860215053763	primary	0.697391629219055	0.862613618373871
T2D Suzuki 2024	CS0922	condition_supported_archetype	E2F/3		Ex-4_HG	603	368	355.0	0.15373	0.07409	0.019007	0.06798860215053763	primary	0.6977375745773315	0.890783429145813
T2D Suzuki 2024	CS0923	condition_supported_archetype	E2F/3		IFNg	544	330	318.0	0.06773	0.078805	0.19505	0.36380112359550565	primary	0.693026423454285	0.906091451644897
T2D Suzuki 2024	CS0924	condition_supported_archetype	E2F/3		dex	519	329	310.0	0.10363	0.078636	0.093783	0.22894085294117647	primary	0.69687819480896	0.88800436258316
T2D Suzuki 2024	CS0925	condition_supported_archetype	E2F/3		palmitate	595	371	352.0	0.1025	0.074391	0.084143	0.2084737014925373	primary	0.6983065009117124	0.906728029251099
T2D Suzuki 2024	CS0926	condition_supported_archetype	ETS/1		3-cyt	16205	10677	10305.0	0.19272	0.021443	1.4059000000000002e-19	7.779313333333334e-18	primary	0.727641105651855	0.914714395999908
T2D Suzuki 2024	CS0927	condition_supported_archetype	ETS/1		Ex-4_HG	16167	10668	10301.0	0.18833	0.021375	6.861e-19	3.2540742857142856e-17	primary	0.728417992591858	0.905426561832428
T2D Suzuki 2024	CS0928	condition_supported_archetype	ETS/1		IFNg	16067	10547	10189.0	0.18229	0.021324	6.8131e-18	2.8274365e-16	primary	0.7243397831916805	0.907731056213379
T2D Suzuki 2024	CS0929	condition_supported_archetype	ETS/1		dex	15497	10173	9820.0	0.17045	0.021122	3.7779e-16	1.1402389090909092e-14	primary	0.726980447769165	0.913902699947357
T2D Suzuki 2024	CS0930	condition_supported_archetype	ETS/1		palmitate	15796	10425	10065.0	0.17436	0.021299	1.4502e-16	4.814663999999999e-15	primary	0.729142665863037	0.912462711334229
T2D Suzuki 2024	CS0931	condition_supported_archetype	ETS/2		3-cyt	892	604	591.0	0.045331	0.058078	0.21755	0.39587391304347824	primary	0.796435475349426	0.910652577877045
T2D Suzuki 2024	CS0932	condition_supported_archetype	ETS/2		Ex-4_HG	889	599	588.0	0.082663	0.058072	0.077313	0.20053059375	primary	0.7928841710090635	0.903911292552948
T2D Suzuki 2024	CS0933	condition_supported_archetype	ETS/2		IFNg	889	623	608.0	0.010458	0.057801	0.42821	0.6346683928571428	primary	0.769820600748062	0.907641410827637
T2D Suzuki 2024	CS0934	condition_supported_archetype	ETS/2		dex	726	504	495.0	0.042427	0.064023	0.25377	0.4481470212765957	primary	0.797816216945648	0.903533160686493
T2D Suzuki 2024	CS0935	condition_supported_archetype	ETS/2		palmitate	897	599	586.0	0.072044	0.058062	0.10735	0.2462753103448276	primary	0.776615560054779	0.912462711334229
T2D Suzuki 2024	CS0936	condition_supported_archetype	Ebox/CACGTG/1		3-cyt	2795	1778	1718.0	0.095186	0.035703	0.0038409	0.018480852173913043	primary	0.733120024204254	0.905802965164185
T2D Suzuki 2024	CS0937	condition_supported_archetype	Ebox/CACGTG/1		Ex-4_HG	3422	2155	2087.0	0.11278	0.032639	0.00027551	0.0017935160784313727	primary	0.722019374370575	0.903966844081879
T2D Suzuki 2024	CS0938	condition_supported_archetype	Ebox/CACGTG/1		IFNg	2432	1511	1464.0	0.054247	0.038512	0.07949	0.2030052307692308	primary	0.7315276265144346	0.906119525432587
T2D Suzuki 2024	CS0939	condition_supported_archetype	Ebox/CACGTG/1		dex	2957	1881	1817.0	0.09279	0.034665	0.0037204	0.01816430588235294	primary	0.7338070273399355	0.900959551334381
T2D Suzuki 2024	CS0940	condition_supported_archetype	Ebox/CACGTG/1		palmitate	3049	1900	1836.0	0.11208	0.034689	0.0006182	0.0034207066666666667	primary	0.7292270660400391	0.901142060756683
T2D Suzuki 2024	CS0941	condition_supported_archetype	Ebox/CAGATGG		3-cyt	3298	1732	1686.0	0.011427	0.035578	0.37404	0.5775873488372093	primary	0.642864406108856	0.903439342975616
T2D Suzuki 2024	CS0942	condition_supported_archetype	Ebox/CAGATGG		Ex-4_HG	3521	1888	1834.0	0.036714	0.0342	0.14153	0.29310271604938276	primary	0.6414660215377805	0.901831924915314
T2D Suzuki 2024	CS0943	condition_supported_archetype	Ebox/CAGATGG		IFNg	2849	1449	1404.0	-0.017304	0.038395	0.67388	0.8052910791366906	primary	0.626423120498657	0.906047880649567
T2D Suzuki 2024	CS0944	condition_supported_archetype	Ebox/CAGATGG		dex	3913	2153	2100.0	0.047869	0.032226	0.068728	0.1810928253968254	primary	0.654875487089157	0.905020892620087
T2D Suzuki 2024	CS0945	condition_supported_archetype	Ebox/CAGATGG		palmitate	3320	1773	1724.0	0.035622	0.034856	0.15341	0.30682	primary	0.643978178501129	0.903866350650787
T2D Suzuki 2024	CS0946	condition_supported_archetype	Ebox/CATATG		3-cyt	21	8	8.0	0.28211	0.52461	0.29538	0.49528363636363637	insufficient	0.601574957370758	0.749911546707153
T2D Suzuki 2024	CS0947	condition_supported_archetype	Ebox/CATATG		Ex-4_HG	24	7	7.0	-0.071752	0.48232	0.55913	0.7319423622047244	insufficient	0.6283054053783415	0.793073713779449
T2D Suzuki 2024	CS0948	condition_supported_archetype	Ebox/CATATG		IFNg	16	5	5.0	-0.16854	0.63332	0.60493	0.772449076923077	insufficient	0.5813004076480865	0.750962555408478
T2D Suzuki 2024	CS0949	condition_supported_archetype	Ebox/CATATG		dex	20	8	8.0	-0.25401	0.53656	0.68203	0.8082434042553192	insufficient	0.57789146900177	0.828008592128754
T2D Suzuki 2024	CS0950	condition_supported_archetype	Ebox/CATATG		palmitate	16	6	6.0	-0.11003	0.62749	0.56959	0.73868703125	insufficient	0.606951326131821	0.790726721286774
T2D Suzuki 2024	CS0951	condition_supported_archetype	FOX/4		3-cyt	635	256	250.0	0.0005321	0.089162	0.49762	0.7052608474576272	primary	0.61985832452774	0.899440348148346
T2D Suzuki 2024	CS0952	condition_supported_archetype	FOX/4		Ex-4_HG	545	207	206.0	0.059239	0.098206	0.27319	0.4723910416666666	primary	0.6056869626045225	0.865165174007416
T2D Suzuki 2024	CS0953	condition_supported_archetype	FOX/4		IFNg	647	244	240.0	0.051555	0.088482	0.28007	0.47830133333333336	primary	0.5964519083499911	0.877203345298767
T2D Suzuki 2024	CS0954	condition_supported_archetype	FOX/4		dex	639	250	243.0	0.056224	0.09062	0.26749	0.4664686910994764	primary	0.607712507247925	0.869216620922089
T2D Suzuki 2024	CS0955	condition_supported_archetype	FOX/4		palmitate	579	233	230.0	0.023654	0.089159	0.39539	0.6021535779816515	primary	0.602255940437317	0.883515059947968
T2D Suzuki 2024	CS0956	condition_supported_archetype	FOX/5		3-cyt	2054	883	866.0	0.042852	0.049123	0.19152	0.3612763636363636	primary	0.610115110874176	0.907233357429504
T2D Suzuki 2024	CS0957	condition_supported_archetype	FOX/5		Ex-4_HG	2182	945	926.0	-0.028725	0.047601	0.72689	0.840862299651568	primary	0.6104556024074554	0.901831924915314
T2D Suzuki 2024	CS0958	condition_supported_archetype	FOX/5		IFNg	2105	922	902.0	-0.011701	0.047826	0.59663	0.7647921235521236	primary	0.601219415664673	0.889236748218536
T2D Suzuki 2024	CS0959	condition_supported_archetype	FOX/5		dex	2182	984	966.0	-0.027293	0.046668	0.72066	0.8394956643356644	primary	0.609928607940674	0.899236619472504
T2D Suzuki 2024	CS0960	condition_supported_archetype	FOX/5		palmitate	2155	939	916.0	-0.047671	0.048607	0.83663	0.9196399999999999	primary	0.6069222688674925	0.896017372608185
T2D Suzuki 2024	CS0961	condition_supported_archetype	FOX/6		3-cyt	1605	680	668.0	-0.0020439	0.054844	0.51486	0.7122229999999999	primary	0.61863511800766	0.907253742218018
T2D Suzuki 2024	CS0962	condition_supported_archetype	FOX/6		Ex-4_HG	1612	696	680.0	-0.025819	0.053772	0.68444	0.8082434042553192	primary	0.611118257045746	0.898637056350708
T2D Suzuki 2024	CS0963	condition_supported_archetype	FOX/6		IFNg	1651	709	694.0	-0.049566	0.053686	0.82206	0.9080475747508305	primary	0.6122323274612425	0.907731056213379
T2D Suzuki 2024	CS0964	condition_supported_archetype	FOX/6		dex	1582	690	675.0	-0.02459	0.054421	0.67431	0.8052910791366906	primary	0.611812949180603	0.900884509086609
T2D Suzuki 2024	CS0965	condition_supported_archetype	FOX/6		palmitate	1684	723	707.0	-0.034069	0.053458	0.73803	0.8507845833333333	primary	0.616368770599365	0.899204313755035
T2D Suzuki 2024	CS0966	condition_supported_archetype	GATA		3-cyt	0	0						insufficient		
T2D Suzuki 2024	CS0967	condition_supported_archetype	GATA		Ex-4_HG	1	1						insufficient	0.513957023620605	0.513957023620605
T2D Suzuki 2024	CS0968	condition_supported_archetype	GATA		IFNg	0	0						insufficient		
T2D Suzuki 2024	CS0969	condition_supported_archetype	GATA		dex	0	0						insufficient		
T2D Suzuki 2024	CS0970	condition_supported_archetype	GATA		palmitate	0	0						insufficient		
T2D Suzuki 2024	CS0971	condition_supported_archetype	GC-tract		3-cyt	2298	1571	1508.0	0.11338	0.037793	0.0013516	0.007356249180327868	primary	0.7521283626556394	0.910652577877045
T2D Suzuki 2024	CS0972	condition_supported_archetype	GC-tract		Ex-4_HG	2550	1726	1673.0	0.12989	0.035872	0.00014733	0.0010407140425531913	primary	0.750520467758179	0.903966844081879
T2D Suzuki 2024	CS0973	condition_supported_archetype	GC-tract		IFNg	1951	1344	1284.0	0.09423	0.040674	0.010266	0.043143189873417725	primary	0.751688182353973	0.906091451644897
T2D Suzuki 2024	CS0974	condition_supported_archetype	GC-tract		dex	3116	2122	2047.0	0.13466	0.032848	2.0794e-05	0.00015341351111111112	primary	0.746258616447449	0.904372751712799
T2D Suzuki 2024	CS0975	condition_supported_archetype	GC-tract		palmitate	2930	2009	1933.0	0.1563	0.033607	1.6674e-06	1.31804e-05	primary	0.753448665142059	0.903426826000214
T2D Suzuki 2024	CS0976	condition_supported_archetype	GFI		3-cyt	11	5	5.0	-0.58604	0.66402	0.81126	0.9054910067114094	insufficient	0.671938002109528	0.832400023937225
T2D Suzuki 2024	CS0977	condition_supported_archetype	GFI		Ex-4_HG	9	4	4.0	0.72611	0.80486	0.18349	0.3481067428571428	insufficient	0.709102034568787	0.837142050266266
T2D Suzuki 2024	CS0978	condition_supported_archetype	GFI		IFNg	7	4	4.0	-0.64397	0.76796	0.79913	0.9005275675675677	insufficient	0.656369984149933	0.814367532730103
T2D Suzuki 2024	CS0979	condition_supported_archetype	GFI		dex	9	4	4.0	0.67405	0.80924	0.20245	0.3754938547486033	insufficient	0.602557778358459	0.839094996452332
T2D Suzuki 2024	CS0980	condition_supported_archetype	GFI		palmitate	11	5	5.0	-0.10839	0.71814	0.55998	0.7319423622047244	insufficient	0.640432238578796	0.848543703556061
T2D Suzuki 2024	CS0981	condition_supported_archetype	GMEB2/2		3-cyt	13	3	3.0	0.87103	0.81207	0.14173	0.29310271604938276	insufficient	0.670616984367371	0.870898723602295
T2D Suzuki 2024	CS0982	condition_supported_archetype	GMEB2/2		Ex-4_HG	18	10	10.0	0.21088	0.48977	0.3334	0.5399453658536585	exploratory	0.727789610624313	0.875969052314758
T2D Suzuki 2024	CS0983	condition_supported_archetype	GMEB2/2		IFNg	10	5	5.0	0.11309	0.57689	0.42229	0.6287008071748879	insufficient	0.6863135695457454	0.883565962314606
T2D Suzuki 2024	CS0984	condition_supported_archetype	GMEB2/2		dex	20	12	12.0	0.42215	0.40394	0.148	0.29965024390243905	exploratory	0.7372327148914335	0.868804156780243
T2D Suzuki 2024	CS0985	condition_supported_archetype	GMEB2/2		palmitate	18	8	8.0	-0.018086	0.55087	0.5131	0.7122229999999999	insufficient	0.664530485868454	0.874472200870514
T2D Suzuki 2024	CS0986	condition_supported_archetype	HAND1		3-cyt	4	2	2.0	1.5881	1.0976	0.073978	0.19339130708661417	insufficient	0.5503629446029665	0.79436981678009
T2D Suzuki 2024	CS0987	condition_supported_archetype	HAND1		Ex-4_HG	6	4	4.0	1.4466	0.63771	0.011657	0.046072904761904766	insufficient	0.580860912799835	0.660662353038788
T2D Suzuki 2024	CS0988	condition_supported_archetype	HAND1		IFNg	5	3	3.0	2.2066	0.8955	0.0068735	0.03083786486486487	insufficient	0.562803626060486	0.755534172058105
T2D Suzuki 2024	CS0989	condition_supported_archetype	HAND1		dex	0	0						insufficient		
T2D Suzuki 2024	CS0990	condition_supported_archetype	HAND1		palmitate	7	5	5.0	0.26466	0.70124	0.35294	0.5579813333333333	insufficient	0.649641811847687	0.82444155216217
T2D Suzuki 2024	CS0991	condition_supported_archetype	HD/10		3-cyt	1240	612	604.0	-0.092346	0.056836	0.94788	0.9773172670807452	primary	0.641873836517334	0.894048750400543
T2D Suzuki 2024	CS0992	condition_supported_archetype	HD/10		Ex-4_HG	1250	625	616.0	-0.076435	0.056881	0.91048	0.956580253164557	primary	0.631071716547012	0.883656799793243
T2D Suzuki 2024	CS0993	condition_supported_archetype	HD/10		IFNg	1309	645	635.0	-0.07663	0.055668	0.91566	0.958987760252366	primary	0.628310084342957	0.880421459674835
T2D Suzuki 2024	CS0994	condition_supported_archetype	HD/10		dex	1318	642	634.0	-0.059916	0.055339	0.86052	0.9366971803278688	primary	0.627928495407104	0.879982352256775
T2D Suzuki 2024	CS0995	condition_supported_archetype	HD/10		palmitate	1160	565	557.0	-0.084805	0.059097	0.92435	0.9604448750000001	primary	0.633349120616913	0.886972606182098
T2D Suzuki 2024	CS0996	condition_supported_archetype	HD/11		3-cyt	67	20	19.0	-0.022321	0.34706	0.52564	0.7202645528455285	exploratory	0.5941125750541689	0.864130735397339
T2D Suzuki 2024	CS0997	condition_supported_archetype	HD/11		Ex-4_HG	53	22	22.0	-0.039867	0.32386	0.54899	0.7267901587301588	exploratory	0.590834677219391	0.857823610305786
T2D Suzuki 2024	CS0998	condition_supported_archetype	HD/11		IFNg	65	25	25.0	-0.00089631	0.26884	0.50133	0.7052608474576272	exploratory	0.587447822093964	0.858033120632172
T2D Suzuki 2024	CS0999	condition_supported_archetype	HD/11		dex	30	8	8.0	-0.19839	0.64139	0.62145	0.7785713207547169	insufficient	0.579539954662323	0.864536046981812
T2D Suzuki 2024	CS1000	condition_supported_archetype	HD/11		palmitate	72	30	29.0	0.21006	0.2777	0.2247	0.4029159139784946	exploratory	0.6061118245124815	0.859609186649323
T2D Suzuki 2024	CS1001	condition_supported_archetype	HD/2		3-cyt	39	16	16.0	0.46131	0.39183	0.11954	0.26458186666666667	exploratory	0.609322190284729	0.792788147926331
T2D Suzuki 2024	CS1002	condition_supported_archetype	HD/2		Ex-4_HG	50	19	19.0	-0.11705	0.29616	0.65366	0.7912546376811594	exploratory	0.617762416601181	0.856274843215942
T2D Suzuki 2024	CS1003	condition_supported_archetype	HD/2		IFNg	29	15	15.0	0.22859	0.39005	0.27893	0.47830133333333336	exploratory	0.555776596069336	0.811756074428558
T2D Suzuki 2024	CS1004	condition_supported_archetype	HD/2		dex	14	6	6.0	0.15712	0.64191	0.40332	0.6092954545454545	insufficient	0.5580837726593015	0.702144086360931
T2D Suzuki 2024	CS1005	condition_supported_archetype	HD/2		palmitate	36	15	15.0	-0.20266	0.40002	0.69378	0.8139044522968197	exploratory	0.5931354463100434	0.838635802268982
T2D Suzuki 2024	CS1006	condition_supported_archetype	HIC/1		3-cyt	327	209	203.0	0.041696	0.10171	0.34093	0.548056618357488	primary	0.7049747109413145	0.871831715106964
T2D Suzuki 2024	CS1007	condition_supported_archetype	HIC/1		Ex-4_HG	273	163	156.0	0.13685	0.11589	0.11884	0.26458186666666667	primary	0.718974769115448	0.867664039134979
T2D Suzuki 2024	CS1008	condition_supported_archetype	HIC/1		IFNg	348	218	207.0	0.16497	0.098888	0.047638	0.1375288347826087	primary	0.70443195104599	0.868851006031036
T2D Suzuki 2024	CS1009	condition_supported_archetype	HIC/1		dex	196	128	122.0	0.24719	0.13137	0.029957	0.09472118095238095	primary	0.71493798494339	0.860197067260742
T2D Suzuki 2024	CS1010	condition_supported_archetype	HIC/1		palmitate	256	178	171.0	0.051222	0.11067	0.32175	0.5272094581280787	primary	0.71061909198761	0.878662884235382
T2D Suzuki 2024	CS1011	condition_supported_archetype	IRF/1		3-cyt	77	37	35.0	-0.091601	0.2403	0.64847	0.7912546376811594	primary	0.659268081188202	0.880295634269714
T2D Suzuki 2024	CS1012	condition_supported_archetype	IRF/1		Ex-4_HG	0	0						insufficient		
T2D Suzuki 2024	CS1013	condition_supported_archetype	IRF/1		IFNg	67	34	33.0	0.024265	0.26286	0.46323	0.6750473362445415	primary	0.62982302904129	0.840068995952606
T2D Suzuki 2024	CS1014	condition_supported_archetype	IRF/1		dex	0	0						insufficient		
T2D Suzuki 2024	CS1015	condition_supported_archetype	IRF/1		palmitate	5	5	5.0	-1.6771	0.68644	0.99271	0.9949999999999999	insufficient	0.666986525058746	0.852629899978638
T2D Suzuki 2024	CS1016	condition_supported_archetype	IRF/3		3-cyt	557	396	383.0	0.14537	0.070387	0.019458	0.068724	primary	0.741604328155518	0.899430632591248
T2D Suzuki 2024	CS1017	condition_supported_archetype	IRF/3		Ex-4_HG	476	333	327.0	0.059366	0.07471	0.21342	0.3914665193370166	primary	0.7448135614395145	0.897905945777893
T2D Suzuki 2024	CS1018	condition_supported_archetype	IRF/3		IFNg	461	326	321.0	0.091924	0.075594	0.112	0.2536976870748299	primary	0.739096403121948	0.892956852912903
T2D Suzuki 2024	CS1019	condition_supported_archetype	IRF/3		dex	460	317	311.0	0.10102	0.077702	0.096798	0.23287634782608696	primary	0.749154388904572	0.893069863319397
T2D Suzuki 2024	CS1020	condition_supported_archetype	IRF/3		palmitate	608	431	420.0	0.092887	0.066263	0.080499	0.20401273282442747	primary	0.7473227679729465	0.899599313735962
T2D Suzuki 2024	CS1021	condition_supported_archetype	KAISO		3-cyt	8485	5719	5522.0	0.11805	0.022858	1.2199e-07	1.26564625e-06	primary	0.745939314365387	0.914714395999908
T2D Suzuki 2024	CS1022	condition_supported_archetype	KAISO		Ex-4_HG	8739	5894	5695.0	0.15325	0.02272	7.9044e-12	1.5436828235294117e-10	primary	0.743490695953369	0.905181169509888
T2D Suzuki 2024	CS1023	condition_supported_archetype	KAISO		IFNg	9452	6371	6166.0	0.15008	0.022372	1.0183e-11	1.878197777777778e-10	primary	0.745307803153992	0.907731056213379
T2D Suzuki 2024	CS1024	condition_supported_archetype	KAISO		dex	8698	5873	5674.0	0.12961	0.02277	6.3815e-09	7.84688148148148e-08	primary	0.744131505489349	0.908047795295715
T2D Suzuki 2024	CS1025	condition_supported_archetype	KAISO		palmitate	8002	5385	5203.0	0.11131	0.023162	7.7791e-07	6.456653e-06	primary	0.745722770690918	0.906728029251099
T2D Suzuki 2024	CS1026	condition_supported_archetype	KLF/SP/1		3-cyt	17030	11289	10877.0	0.21606	0.022008	5.5131e-23	4.5758730000000005e-21	primary	0.7302094995975494	0.914714395999908
T2D Suzuki 2024	CS1027	condition_supported_archetype	KLF/SP/1		Ex-4_HG	16930	11231	10818.0	0.21737	0.022003	2.9971e-23	4.5758730000000005e-21	primary	0.7310621440410615	0.908117175102234
T2D Suzuki 2024	CS1028	condition_supported_archetype	KLF/SP/1		IFNg	16885	11185	10781.0	0.21396	0.021924	9.7649e-23	6.4838936e-21	primary	0.729522347450256	0.907731056213379
T2D Suzuki 2024	CS1029	condition_supported_archetype	KLF/SP/1		dex	17353	11468	11052.0	0.22226	0.022116	5.4328e-24	1.8036896e-21	primary	0.726647675037384	0.913902699947357
T2D Suzuki 2024	CS1030	condition_supported_archetype	KLF/SP/1		palmitate	17145	11392	10976.0	0.21673	0.022017	4.2554e-23	4.5758730000000005e-21	primary	0.7323788106441496	0.915444791316986
T2D Suzuki 2024	CS1031	condition_supported_archetype	KLF/SP/2		3-cyt	5949	4023	3888.0	0.12591	0.025392	3.589e-07	3.2204e-06	primary	0.748059958219528	0.910652577877045
T2D Suzuki 2024	CS1032	condition_supported_archetype	KLF/SP/2		Ex-4_HG	6894	4704	4550.0	0.17905	0.024275	8.5524e-14	2.028140571428571e-12	primary	0.745434045791626	0.905426561832428
T2D Suzuki 2024	CS1033	condition_supported_archetype	KLF/SP/2		IFNg	7378	5047	4876.0	0.14086	0.023705	1.4368e-09	2.0739895652173916e-08	primary	0.7444228529930115	0.907641410827637
T2D Suzuki 2024	CS1034	condition_supported_archetype	KLF/SP/2		dex	6605	4487	4334.0	0.13852	0.02452	8.1918e-09	9.111297333333334e-08	primary	0.746633768081665	0.904372751712799
T2D Suzuki 2024	CS1035	condition_supported_archetype	KLF/SP/2		palmitate	5668	3882	3739.0	0.13213	0.025736	1.4354e-07	1.444099393939394e-06	primary	0.747443914413452	0.901142060756683
T2D Suzuki 2024	CS1036	condition_supported_archetype	MAF		3-cyt	1714	747	730.0	0.10391	0.051821	0.022485	0.07617367346938776	primary	0.605133295059204	0.898724675178528
T2D Suzuki 2024	CS1037	condition_supported_archetype	MAF		Ex-4_HG	1679	733	723.0	0.094119	0.051905	0.034903	0.10439455855855857	primary	0.6024772226810455	0.898240804672241
T2D Suzuki 2024	CS1038	condition_supported_archetype	MAF		IFNg	1569	670	658.0	0.1119	0.05395	0.019045	0.06798860215053763	primary	0.6060501933097839	0.890418708324432
T2D Suzuki 2024	CS1039	condition_supported_archetype	MAF		dex	1914	863	847.0	0.092887	0.048778	0.028445	0.09350237623762377	primary	0.607120394706726	0.889994442462921
T2D Suzuki 2024	CS1040	condition_supported_archetype	MAF		palmitate	1825	813	798.0	0.13914	0.049724	0.0025723	0.012939448484848485	primary	0.614186525344849	0.901308476924896
T2D Suzuki 2024	CS1041	condition_supported_archetype	MBD2		3-cyt	3899	2624	2542.0	0.14687	0.030052	5.1658e-07	4.397552820512821e-06	primary	0.739897310733795	0.906529426574707
T2D Suzuki 2024	CS1042	condition_supported_archetype	MBD2		Ex-4_HG	3803	2541	2462.0	0.15081	0.030259	3.1491e-07	2.90417e-06	primary	0.7395471930503845	0.905426561832428
T2D Suzuki 2024	CS1043	condition_supported_archetype	MBD2		IFNg	4307	2906	2817.0	0.10256	0.028644	0.000172	0.0011896666666666668	primary	0.739000856876373	0.907641410827637
T2D Suzuki 2024	CS1044	condition_supported_archetype	MBD2		dex	3495	2351	2283.0	0.10567	0.030955	0.00032132	0.0020515046153846152	primary	0.74498450756073	0.908047795295715
T2D Suzuki 2024	CS1045	condition_supported_archetype	MBD2		palmitate	3297	2230	2170.0	0.10948	0.032213	0.00033953	0.0021268671698113206	primary	0.740014910697937	0.911694645881653
T2D Suzuki 2024	CS1046	condition_supported_archetype	NFAC/2		3-cyt	7	2	2.0	1.4236	1.1309	0.10406	0.24329521126760562	insufficient	0.535029411315918	0.676985263824463
T2D Suzuki 2024	CS1047	condition_supported_archetype	NFAC/2		Ex-4_HG	12	6	6.0	-0.08378	0.64512	0.55166	0.7267901587301588	insufficient	0.540010869503021	0.682073652744293
T2D Suzuki 2024	CS1048	condition_supported_archetype	NFAC/2		IFNg	4	0						insufficient	0.5274527370929716	0.65245646238327
T2D Suzuki 2024	CS1049	condition_supported_archetype	NFAC/2		dex	8	3	3.0	2.0156	0.9198	0.014222	0.05365572727272727	insufficient	0.479218378663063	0.656197488307953
T2D Suzuki 2024	CS1050	condition_supported_archetype	NFAC/2		palmitate	8	1						insufficient	0.5347348153591156	0.669645726680756
T2D Suzuki 2024	CS1051	condition_supported_archetype	NFAT/3		3-cyt	11	8	8.0	-0.67962	0.47039	0.92573	0.9604448750000001	insufficient	0.635888040065765	0.751113593578339
T2D Suzuki 2024	CS1052	condition_supported_archetype	NFAT/3		Ex-4_HG	4	2	2.0	0.83436	0.88795	0.17371	0.33726152046783625	insufficient	0.5419237911701205	0.658337414264679
T2D Suzuki 2024	CS1053	condition_supported_archetype	NFAT/3		IFNg	9	3	3.0	-0.15844	0.79762	0.57872	0.747607159533074	insufficient	0.564937710762024	0.660421431064606
T2D Suzuki 2024	CS1054	condition_supported_archetype	NFAT/3		dex	4	3	3.0	-0.83922	0.90445	0.82326	0.9080475747508305	insufficient	0.5104123950004575	0.71717357635498
T2D Suzuki 2024	CS1055	condition_supported_archetype	NFAT/3		palmitate	9	5	5.0	-0.51164	0.62486	0.79355	0.9005275675675677	insufficient	0.55488258600235	0.749400198459625
T2D Suzuki 2024	CS1056	condition_supported_archetype	NFAT/4		3-cyt	229	122	118.0	0.2497	0.13315	0.030385	0.09516811320754716	primary	0.684800803661346	0.907233357429504
T2D Suzuki 2024	CS1057	condition_supported_archetype	NFAT/4		Ex-4_HG	204	114	112.0	0.28863	0.12597	0.01098	0.04445560975609756	primary	0.6705073714256286	0.885037362575531
T2D Suzuki 2024	CS1058	condition_supported_archetype	NFAT/4		IFNg	91	54	53.0	0.24996	0.18095	0.08359	0.2084737014925373	primary	0.665285646915436	0.85958343744278
T2D Suzuki 2024	CS1059	condition_supported_archetype	NFAT/4		dex	255	144	140.0	0.22366	0.12012	0.03131	0.09714878504672897	primary	0.686389029026031	0.877338767051697
T2D Suzuki 2024	CS1060	condition_supported_archetype	NFAT/4		palmitate	204	121	119.0	0.27226	0.13319	0.020477	0.07081629166666666	primary	0.687555551528931	0.8830526471138
T2D Suzuki 2024	CS1061	condition_supported_archetype	NFY		3-cyt	2487	1530	1480.0	0.1014	0.038231	0.0040016	0.018979017142857144	primary	0.7459249496459965	0.906253635883331
T2D Suzuki 2024	CS1062	condition_supported_archetype	NFY		Ex-4_HG	2471	1522	1469.0	0.10448	0.038455	0.0032969	0.0163368776119403	primary	0.7448322176933291	0.90778774023056
T2D Suzuki 2024	CS1063	condition_supported_archetype	NFY		IFNg	2397	1497	1448.0	0.096709	0.038758	0.0062995	0.028649780821917808	primary	0.748938679695129	0.90043842792511
T2D Suzuki 2024	CS1064	condition_supported_archetype	NFY		dex	2482	1525	1473.0	0.098929	0.038332	0.0049328	0.02274568888888889	primary	0.743325769901276	0.9014812707901
T2D Suzuki 2024	CS1065	condition_supported_archetype	NFY		palmitate	2469	1526	1471.0	0.10908	0.038285	0.0021941	0.01138189375	primary	0.748112559318542	0.900610029697418
T2D Suzuki 2024	CS1066	condition_supported_archetype	NR/1		3-cyt	1253	654	639.0	0.085027	0.056396	0.065829	0.17625183870967742	primary	0.640137016773224	0.899874150753021
T2D Suzuki 2024	CS1067	condition_supported_archetype	NR/1		Ex-4_HG	857	450	436.0	0.070761	0.067714	0.14802	0.29965024390243905	primary	0.633192092180252	0.899784207344055
T2D Suzuki 2024	CS1068	condition_supported_archetype	NR/1		IFNg	1160	602	587.0	0.072681	0.058155	0.1057	0.2454013986013986	primary	0.631077975034714	0.888151884078979
T2D Suzuki 2024	CS1069	condition_supported_archetype	NR/1		dex	692	353	342.0	0.068993	0.075609	0.18076	0.3448983908045977	primary	0.6452900767326355	0.881313323974609
T2D Suzuki 2024	CS1070	condition_supported_archetype	NR/1		palmitate	1434	769	751.0	0.066632	0.05235	0.10155	0.23911063829787232	primary	0.6441846787929535	0.889386773109436
T2D Suzuki 2024	CS1071	condition_supported_archetype	NR/13		3-cyt	17	5	5.0	-1.1561	0.87328	0.90721	0.9561705396825396	insufficient	0.5889877080917355	0.738549530506134
T2D Suzuki 2024	CS1072	condition_supported_archetype	NR/13		Ex-4_HG	17	8	8.0	-0.92487	0.62366	0.93095	0.9628517133956387	insufficient	0.61352464556694	0.822627484798431
T2D Suzuki 2024	CS1073	condition_supported_archetype	NR/13		IFNg	14	7	7.0	-0.73424	0.60705	0.88676	0.9496913548387096	insufficient	0.587198197841644	0.747117757797241
T2D Suzuki 2024	CS1074	condition_supported_archetype	NR/13		dex	11	5	5.0	-1.1561	0.87328	0.90721	0.9561705396825396	insufficient	0.6004654169082639	0.729717671871185
T2D Suzuki 2024	CS1075	condition_supported_archetype	NR/13		palmitate	15	7	7.0	-1.2734	0.68315	0.96884	0.9866714110429448	insufficient	0.6065904796123505	0.822120308876038
T2D Suzuki 2024	CS1076	condition_supported_archetype	NR/18		3-cyt	165	71	70.0	-0.061091	0.15731	0.65112	0.7912546376811594	primary	0.593103647232056	0.845464825630188
T2D Suzuki 2024	CS1077	condition_supported_archetype	NR/18		Ex-4_HG	159	69	68.0	0.077984	0.16212	0.31526	0.520727960199005	primary	0.6026163697242735	0.838092029094696
T2D Suzuki 2024	CS1078	condition_supported_archetype	NR/18		IFNg	187	89	88.0	0.058416	0.1469	0.34545	0.5487531100478469	primary	0.611530482769012	0.850614190101624
T2D Suzuki 2024	CS1079	condition_supported_archetype	NR/18		dex	106	49	48.0	-0.056221	0.19596	0.61291	0.77392608365019	primary	0.610030919313431	0.867006182670593
T2D Suzuki 2024	CS1080	condition_supported_archetype	NR/18		palmitate	153	69	69.0	-0.18612	0.16258	0.87384	0.9419314285714285	primary	0.617949992418289	0.83970183134079
T2D Suzuki 2024	CS1081	condition_supported_archetype	NR/20		3-cyt	22	10	10.0	-0.050939	0.41143	0.54927	0.7267901587301588	exploratory	0.608551561832428	0.828394532203674
T2D Suzuki 2024	CS1082	condition_supported_archetype	NR/20		Ex-4_HG	29	11	11.0	-0.27633	0.41572	0.74688	0.8550488275862068	exploratory	0.602075040340424	0.842363178730011
T2D Suzuki 2024	CS1083	condition_supported_archetype	NR/20		IFNg	14	6	5.0	-0.77865	0.65428	0.88298	0.9487034304207119	insufficient	0.5534093976020815	0.849895238876343
T2D Suzuki 2024	CS1084	condition_supported_archetype	NR/20		dex	505	237	232.0	-0.03253	0.092854	0.63696	0.786298962962963	primary	0.633549869060516	0.889024555683136
T2D Suzuki 2024	CS1085	condition_supported_archetype	NR/20		palmitate	11	3	2.0	-0.93967	1.1107	0.80123	0.9005275675675677	insufficient	0.55929309129715	0.830554783344269
T2D Suzuki 2024	CS1086	condition_supported_archetype	NR/4		3-cyt	248	106	105.0	-0.056771	0.13968	0.65779	0.7912546376811594	primary	0.608287513256073	0.890286028385162
T2D Suzuki 2024	CS1087	condition_supported_archetype	NR/4		Ex-4_HG	238	109	107.0	0.053915	0.13516	0.34498	0.5487531100478469	primary	0.6099084615707395	0.878443896770477
T2D Suzuki 2024	CS1088	condition_supported_archetype	NR/4		IFNg	222	98	96.0	0.10692	0.14199	0.22573	0.4029159139784946	primary	0.601166605949402	0.88578987121582
T2D Suzuki 2024	CS1089	condition_supported_archetype	NR/4		dex	184	82	80.0	0.15909	0.15476	0.15199	0.305822303030303	primary	0.588274538516998	0.861597299575806
T2D Suzuki 2024	CS1090	condition_supported_archetype	NR/4		palmitate	245	96	94.0	0.083451	0.1458	0.28354	0.4802820408163266	primary	0.599693715572357	0.875654101371765
T2D Suzuki 2024	CS1091	condition_supported_archetype	NRF1		3-cyt	12180	8140	7860.0	0.16517	0.021287	4.5447e-15	1.257367e-13	primary	0.749764323234558	0.912147164344788
T2D Suzuki 2024	CS1092	condition_supported_archetype	NRF1		Ex-4_HG	12363	8289	8013.0	0.15625	0.021213	9.2304e-14	2.0429951999999997e-12	primary	0.748840987682343	0.908117175102234
T2D Suzuki 2024	CS1093	condition_supported_archetype	NRF1		IFNg	12235	8173	7909.0	0.1556	0.021185	1.0825e-13	2.2461875000000003e-12	primary	0.7497918009758	0.906530678272247
T2D Suzuki 2024	CS1094	condition_supported_archetype	NRF1		dex	13028	8711	8412.0	0.17681	0.021223	4.332e-17	1.598026666666667e-15	primary	0.747605174779892	0.908047795295715
T2D Suzuki 2024	CS1095	condition_supported_archetype	NRF1		palmitate	12423	8296	8009.0	0.15971	0.021214	2.7003e-14	6.89615076923077e-13	primary	0.749344766139984	0.915444791316986
T2D Suzuki 2024	CS1096	condition_supported_archetype	OCT4+SOX2		3-cyt	12	6	6.0	0.69642	0.65275	0.14302	0.29310271604938276	insufficient	0.6292511820793154	0.817302823066711
T2D Suzuki 2024	CS1097	condition_supported_archetype	OCT4+SOX2		Ex-4_HG	4	2	2.0	-0.12816	0.75313	0.56756	0.73868703125	insufficient	0.588770091533661	0.706206500530243
T2D Suzuki 2024	CS1098	condition_supported_archetype	OCT4+SOX2		IFNg	6	2	2.0	-0.67607	1.2001	0.7134	0.833974647887324	insufficient	0.6210497319698329	0.742934882640839
T2D Suzuki 2024	CS1099	condition_supported_archetype	OCT4+SOX2		dex	9	3	3.0	0.19005	0.92536	0.41864	0.6260742342342343	insufficient	0.583994925022125	0.752915978431702
T2D Suzuki 2024	CS1100	condition_supported_archetype	OCT4+SOX2		palmitate	8	3	3.0	0.90577	0.91566	0.16129	0.3187397619047619	insufficient	0.567013293504715	0.704259216785431
T2D Suzuki 2024	CS1101	condition_supported_archetype	OSR2		3-cyt	414	252	243.0	0.11974	0.091893	0.096298	0.23287634782608696	primary	0.7251223027706145	0.896551191806793
T2D Suzuki 2024	CS1102	condition_supported_archetype	OSR2		Ex-4_HG	137	81	77.0	0.18873	0.15543	0.11233	0.2536976870748299	primary	0.666746139526367	0.889900386333466
T2D Suzuki 2024	CS1103	condition_supported_archetype	OSR2		IFNg	84	34	31.0	-0.37619	0.26188	0.92456	0.9604448750000001	primary	0.619902551174164	0.886886954307556
T2D Suzuki 2024	CS1104	condition_supported_archetype	OSR2		dex	900	556	532.0	0.13251	0.062982	0.017696	0.06527857777777778	primary	0.731419503688812	0.894976615905762
T2D Suzuki 2024	CS1105	condition_supported_archetype	OSR2		palmitate	261	151	145.0	0.041637	0.12187	0.36631	0.5709620657276996	primary	0.72270929813385	0.888300478458405
T2D Suzuki 2024	CS1106	condition_supported_archetype	PAX/1		3-cyt	199	79	79.0	-0.010504	0.15625	0.5268	0.7202645528455285	primary	0.603980451822281	0.863198339939117
T2D Suzuki 2024	CS1107	condition_supported_archetype	PAX/1		Ex-4_HG	210	91	89.0	-0.16359	0.15965	0.84724	0.9252752631578948	primary	0.6215216517448425	0.884840548038483
T2D Suzuki 2024	CS1108	condition_supported_archetype	PAX/1		IFNg	151	61	60.0	0.15356	0.18621	0.20478	0.37770533333333334	primary	0.58858323097229	0.874784708023071
T2D Suzuki 2024	CS1109	condition_supported_archetype	PAX/1		dex	58	32	31.0	-0.57348	0.26753	0.98396	0.9924586666666667	primary	0.657171875238419	0.873393714427948
T2D Suzuki 2024	CS1110	condition_supported_archetype	PAX/1		palmitate	233	104	99.0	0.0083591	0.14295	0.47668	0.6880772173913043	primary	0.619172811508179	0.886848926544189
T2D Suzuki 2024	CS1111	condition_supported_archetype	POU/1		3-cyt	138	53	51.0	-0.34311	0.19782	0.95857	0.9792161230769232	primary	0.579403877258301	0.805578112602234
T2D Suzuki 2024	CS1112	condition_supported_archetype	POU/1		Ex-4_HG	156	67	67.0	-0.062702	0.17698	0.63844	0.786298962962963	primary	0.573798954486847	0.836582362651825
T2D Suzuki 2024	CS1113	condition_supported_archetype	POU/1		IFNg	158	52	49.0	-0.17665	0.21445	0.79496	0.9005275675675677	primary	0.586328446865082	0.85367226600647
T2D Suzuki 2024	CS1114	condition_supported_archetype	POU/1		dex	183	72	69.0	-0.16579	0.18008	0.82137	0.9080475747508305	primary	0.5809544324874876	0.860019505023956
T2D Suzuki 2024	CS1115	condition_supported_archetype	POU/1		palmitate	198	83	80.0	0.20043	0.16168	0.10756	0.2462753103448276	primary	0.592648804187775	0.851416707038879
T2D Suzuki 2024	CS1116	condition_supported_archetype	POU/2		3-cyt	25	10	10.0	0.037471	0.43424	0.46562	0.6750473362445415	exploratory	0.63469260931015	0.818462491035461
T2D Suzuki 2024	CS1117	condition_supported_archetype	POU/2		Ex-4_HG	21	8	8.0	0.041284	0.46659	0.46475	0.6750473362445415	insufficient	0.539002180099487	0.820080280303955
T2D Suzuki 2024	CS1118	condition_supported_archetype	POU/2		IFNg	18	8	8.0	-0.04807	0.49061	0.53902	0.7215912903225807	insufficient	0.5830300748348235	0.76196551322937
T2D Suzuki 2024	CS1119	condition_supported_archetype	POU/2		dex	16	5	5.0	-0.34131	0.57622	0.72318	0.8394956643356644	insufficient	0.562781810760498	0.813852548599243
T2D Suzuki 2024	CS1120	condition_supported_archetype	POU/2		palmitate	29	9	9.0	-0.49254	0.44595	0.86529	0.9388113725490196	insufficient	0.645406126976013	0.857043206691742
T2D Suzuki 2024	CS1121	condition_supported_archetype	PRDM1		3-cyt	1251	683	661.0	-0.027055	0.055665	0.68652	0.8082434042553192	primary	0.670267045497894	0.890275716781616
T2D Suzuki 2024	CS1122	condition_supported_archetype	PRDM1		Ex-4_HG	145	78	77.0	-0.41129	0.15965	0.995	0.9949999999999999	primary	0.640619397163391	0.896908521652222
T2D Suzuki 2024	CS1123	condition_supported_archetype	PRDM1		IFNg	925	514	499.0	-0.062399	0.062925	0.83931	0.9196399999999999	primary	0.6716074049472804	0.888131976127625
T2D Suzuki 2024	CS1124	condition_supported_archetype	PRDM1		dex	139	75	74.0	0.074945	0.16253	0.32236	0.5272094581280787	primary	0.654502213001251	0.882772862911224
T2D Suzuki 2024	CS1125	condition_supported_archetype	PRDM1		palmitate	255	150	145.0	-0.035458	0.11622	0.61985	0.7785713207547169	primary	0.673085629940033	0.885339081287384
T2D Suzuki 2024	CS1126	condition_supported_archetype	PRDM14		3-cyt	98	43	41.0	-0.19613	0.22083	0.81276	0.9054910067114094	primary	0.590948194265366	0.86260199546814
T2D Suzuki 2024	CS1127	condition_supported_archetype	PRDM14		Ex-4_HG	79	31	31.0	-0.030618	0.2439	0.54995	0.7267901587301588	primary	0.587248623371124	0.845297574996948
T2D Suzuki 2024	CS1128	condition_supported_archetype	PRDM14		IFNg	99	37	36.0	0.025513	0.23146	0.45612	0.670052389380531	primary	0.598420560359955	0.854369282722473
T2D Suzuki 2024	CS1129	condition_supported_archetype	PRDM14		dex	67	28	28.0	-0.44717	0.26062	0.95689	0.9792161230769232	exploratory	0.586614608764648	0.831611394882202
T2D Suzuki 2024	CS1130	condition_supported_archetype	PRDM14		palmitate	88	37	36.0	-0.087962	0.22786	0.65026	0.7912546376811594	primary	0.583304822444916	0.851239323616028
T2D Suzuki 2024	CS1131	condition_supported_archetype	REST/NRSF		3-cyt	1542	975	948.0	0.13811	0.046689	0.0015499	0.008299464516129031	primary	0.699550628662109	0.903439342975616
T2D Suzuki 2024	CS1132	condition_supported_archetype	REST/NRSF		Ex-4_HG	1262	815	799.0	0.19228	0.050289	6.6022e-05	0.00047650660869565217	primary	0.707054615020752	0.869700193405151
T2D Suzuki 2024	CS1133	condition_supported_archetype	REST/NRSF		IFNg	1835	1170	1139.0	0.14243	0.042591	0.00041347	0.0024958552727272726	primary	0.7045788466930385	0.873033046722412
T2D Suzuki 2024	CS1134	condition_supported_archetype	REST/NRSF		dex	885	544	535.0	0.1032	0.062524	0.049423	0.14145203448275864	primary	0.7082374095916746	0.898051381111145
T2D Suzuki 2024	CS1135	condition_supported_archetype	REST/NRSF		palmitate	1353	874	849.0	0.078524	0.049916	0.057855	0.15933804958677686	primary	0.703850567340851	0.889362514019012
T2D Suzuki 2024	CS1136	condition_supported_archetype	RFX/1		3-cyt	4904	3228	3141.0	0.089518	0.027545	0.00057841	0.0032547816949152542	primary	0.7288143038749695	0.906948804855347
T2D Suzuki 2024	CS1137	condition_supported_archetype	RFX/1		Ex-4_HG	5300	3427	3341.0	0.094869	0.026834	0.00020413	0.001383084897959184	primary	0.731323003768921	0.908117175102234
T2D Suzuki 2024	CS1138	condition_supported_archetype	RFX/1		IFNg	5030	3284	3193.0	0.0903	0.027218	0.00045487	0.0026494182456140354	primary	0.7306165397167206	0.906091451644897
T2D Suzuki 2024	CS1139	condition_supported_archetype	RFX/1		dex	5921	3876	3775.0	0.08811	0.025488	0.00027398	0.0017935160784313727	primary	0.730651915073395	0.904372751712799
T2D Suzuki 2024	CS1140	condition_supported_archetype	RFX/1		palmitate	5155	3317	3220.0	0.11219	0.026914	1.5411e-05	0.000116283	primary	0.7338734567165375	0.903866350650787
T2D Suzuki 2024	CS1141	condition_supported_archetype	RFX/2		3-cyt	3381	1928	1858.0	0.051087	0.034347	0.068467	0.1810928253968254	primary	0.6827533543109889	0.904594838619232
T2D Suzuki 2024	CS1142	condition_supported_archetype	RFX/2		Ex-4_HG	3017	1731	1672.0	0.082124	0.035976	0.011231	0.044924	primary	0.679362773895264	0.905426561832428
T2D Suzuki 2024	CS1143	condition_supported_archetype	RFX/2		IFNg	3035	1715	1656.0	0.065823	0.035939	0.033522	0.10117549090909092	primary	0.672529011964798	0.906047880649567
T2D Suzuki 2024	CS1144	condition_supported_archetype	RFX/2		dex	3503	2023	1952.0	0.080449	0.032962	0.0073359	0.032473584	primary	0.681106805801392	0.900158703327179
T2D Suzuki 2024	CS1145	condition_supported_archetype	RFX/2		palmitate	3089	1771	1713.0	0.076035	0.035382	0.015825	0.059032584269662916	primary	0.678765177726746	0.903866350650787
T2D Suzuki 2024	CS1146	condition_supported_archetype	RFX/3		3-cyt	600	317	303.0	0.078194	0.079668	0.16318	0.3205666272189349	primary	0.640281558036804	0.888085901737213
T2D Suzuki 2024	CS1147	condition_supported_archetype	RFX/3		Ex-4_HG	317	160	154.0	0.14067	0.10908	0.098596	0.23549548201438847	primary	0.6195442378520966	0.874197065830231
T2D Suzuki 2024	CS1148	condition_supported_archetype	RFX/3		IFNg	399	168	161.0	0.061013	0.10944	0.28859	0.48635472081218273	primary	0.613645434379578	0.889798939228058
T2D Suzuki 2024	CS1149	condition_supported_archetype	RFX/3		dex	1587	877	855.0	0.16316	0.048963	0.00043162	0.0025588900000000003	primary	0.669545471668243	0.900884509086609
T2D Suzuki 2024	CS1150	condition_supported_archetype	RFX/3		palmitate	564	293	280.0	0.066825	0.08631	0.2194	0.39587391304347824	primary	0.6412322223186491	0.891317903995514
T2D Suzuki 2024	CS1151	condition_supported_archetype	SCRT1		3-cyt	4	3	2.0	1.5395	1.1157	0.083826	0.2084737014925373	insufficient	0.6052724123001101	0.70568436384201
T2D Suzuki 2024	CS1152	condition_supported_archetype	SCRT1		Ex-4_HG	6	2	2.0	0.25544	0.80902	0.3761	0.5780796296296297	insufficient	0.6035065948963165	0.763078510761261
T2D Suzuki 2024	CS1153	condition_supported_archetype	SCRT1		IFNg	10	5	5.0	0.41904	0.48369	0.19316	0.36231141242937853	insufficient	0.617979049682617	0.742700397968292
T2D Suzuki 2024	CS1154	condition_supported_archetype	SCRT1		dex	1	1						insufficient	0.687375903129578	0.687375903129578
T2D Suzuki 2024	CS1155	condition_supported_archetype	SCRT1		palmitate	8	2	2.0	0.80275	0.70508	0.12746	0.2765798692810457	insufficient	0.6636702418327329	0.737975895404816
T2D Suzuki 2024	CS1156	condition_supported_archetype	SMAD		3-cyt	948	431	421.0	0.15776	0.068268	0.010425	0.043263750000000004	primary	0.614988207817078	0.888947129249573
T2D Suzuki 2024	CS1157	condition_supported_archetype	SMAD		Ex-4_HG	947	434	429.0	0.074227	0.067795	0.13679	0.2892629299363057	primary	0.6144528985023501	0.891921281814575
T2D Suzuki 2024	CS1158	condition_supported_archetype	SMAD		IFNg	756	324	315.0	0.024414	0.079627	0.37957	0.5807246082949309	primary	0.607830047607422	0.882192492485046
T2D Suzuki 2024	CS1159	condition_supported_archetype	SMAD		dex	1876	969	943.0	0.15464	0.047266	0.00053563	0.00306602	primary	0.6374997794628146	0.890132308006287
T2D Suzuki 2024	CS1160	condition_supported_archetype	SMAD		palmitate	1145	518	512.0	0.11791	0.062355	0.029321	0.09371657692307693	primary	0.621541440486908	0.894421756267548
T2D Suzuki 2024	CS1161	condition_supported_archetype	SNAI2		3-cyt	4	2	2.0	0.50654	1.043	0.3136	0.520576	insufficient	0.6001589000225069	0.6988126039505
T2D Suzuki 2024	CS1162	condition_supported_archetype	SNAI2		Ex-4_HG	0	0						insufficient		
T2D Suzuki 2024	CS1163	condition_supported_archetype	SNAI2		IFNg	0	0						insufficient		
T2D Suzuki 2024	CS1164	condition_supported_archetype	SNAI2		dex	3	1						insufficient	0.545115947723389	0.670902788639069
T2D Suzuki 2024	CS1165	condition_supported_archetype	SNAI2		palmitate	0	0						insufficient		
T2D Suzuki 2024	CS1166	condition_supported_archetype	SOX/8		3-cyt	19	10	10.0	-0.35542	0.4564	0.78193	0.8920988316151202	exploratory	0.651543080806732	0.804618716239929
T2D Suzuki 2024	CS1167	condition_supported_archetype	SOX/8		Ex-4_HG	25	13	13.0	-0.153	0.33174	0.67767	0.8064030107526882	exploratory	0.641948878765106	0.859414994716644
T2D Suzuki 2024	CS1168	condition_supported_archetype	SOX/8		IFNg	9	7	7.0	0.59358	0.51258	0.12344	0.269618947368421	insufficient	0.608913540840149	0.661765158176422
T2D Suzuki 2024	CS1169	condition_supported_archetype	SOX/8		dex	2	0						insufficient	0.6740184128284454	0.723769307136536
T2D Suzuki 2024	CS1170	condition_supported_archetype	SOX/8		palmitate	19	15	15.0	-0.44064	0.34685	0.89802	0.9525323961661343	exploratory	0.6631138920784	0.853763937950134
T2D Suzuki 2024	CS1171	condition_supported_archetype	TFAP2/2		3-cyt	299	204	200.0	-0.026995	0.099166	0.60727	0.7724660536398468	primary	0.758923768997192	0.905113160610199
T2D Suzuki 2024	CS1172	condition_supported_archetype	TFAP2/2		Ex-4_HG	299	219	210.0	0.14695	0.093921	0.058843	0.16013013114754096	primary	0.761956572532654	0.897905945777893
T2D Suzuki 2024	CS1173	condition_supported_archetype	TFAP2/2		IFNg	277	190	185.0	0.14448	0.10181	0.07795	0.200615503875969	primary	0.755224943161011	0.896214604377747
T2D Suzuki 2024	CS1174	condition_supported_archetype	TFAP2/2		dex	360	245	238.0	0.10122	0.091735	0.13494	0.28718	primary	0.7432058453559875	0.902558624744415
T2D Suzuki 2024	CS1175	condition_supported_archetype	TFAP2/2		palmitate	306	222	216.0	0.10846	0.093649	0.12342	0.269618947368421	primary	0.7720161974430084	0.900481164455414
T2D Suzuki 2024	CS1176	condition_supported_archetype	YY1		3-cyt	4226	2788	2674.0	0.17405	0.029411	1.6634e-09	2.3010366666666664e-08	primary	0.7446131706237795	0.905927121639252
T2D Suzuki 2024	CS1177	condition_supported_archetype	YY1		Ex-4_HG	4068	2682	2574.0	0.1691	0.029829	7.3166e-09	8.675397142857143e-08	primary	0.747418999671936	0.903911292552948
T2D Suzuki 2024	CS1178	condition_supported_archetype	YY1		IFNg	3323	2172	2083.0	0.16063	0.032668	4.4393e-07	3.8785463157894734e-06	primary	0.7401464879512785	0.892946481704712
T2D Suzuki 2024	CS1179	condition_supported_archetype	YY1		dex	4226	2749	2632.0	0.18502	0.029592	2.0729e-10	3.441014e-09	primary	0.740224182605743	0.902968883514404
T2D Suzuki 2024	CS1180	condition_supported_archetype	YY1		palmitate	4547	3000	2871.0	0.16988	0.028527	1.329e-09	2.0055818181818182e-08	primary	0.745699852705002	0.903426826000214
T2D Suzuki 2024	CS1181	condition_supported_archetype	ZBTB14		3-cyt	6044	4041	3930.0	0.15447	0.025628	8.5103e-10	1.3454379047619048e-08	primary	0.750460654497147	0.912147164344788
T2D Suzuki 2024	CS1182	condition_supported_archetype	ZBTB14		Ex-4_HG	6318	4222	4107.0	0.13882	0.025127	1.6741e-08	1.7929070967741935e-07	primary	0.747933864593506	0.908117175102234
T2D Suzuki 2024	CS1183	condition_supported_archetype	ZBTB14		IFNg	6237	4190	4073.0	0.14221	0.025176	8.2331e-09	9.111297333333334e-08	primary	0.750632762908936	0.906119525432587
T2D Suzuki 2024	CS1184	condition_supported_archetype	ZBTB14		dex	7641	5152	5005.0	0.15174	0.023582	6.3734e-11	1.1136677894736842e-09	primary	0.7479358017444611	0.908047795295715
T2D Suzuki 2024	CS1185	condition_supported_archetype	ZBTB14		palmitate	6539	4408	4287.0	0.11776	0.02478	1.0144e-06	8.214165853658537e-06	primary	0.750191122293472	0.911694645881653
T2D Suzuki 2024	CS1186	condition_supported_archetype	ZIC/2		3-cyt	423	290	289.0	0.26901	0.079634	0.00036585	0.0022492999999999997	primary	0.707953631877899	0.871950745582581
T2D Suzuki 2024	CS1187	condition_supported_archetype	ZIC/2		Ex-4_HG	342	228	226.0	0.20861	0.092462	0.012037	0.04701510588235294	primary	0.7200843691825864	0.877605497837067
T2D Suzuki 2024	CS1188	condition_supported_archetype	ZIC/2		IFNg	210	149	149.0	0.20298	0.10928	0.031641	0.09726677777777779	primary	0.7157602310180664	0.871949791908264
T2D Suzuki 2024	CS1189	condition_supported_archetype	ZIC/2		dex	331	230	227.0	0.1877	0.09418	0.023138	0.077594101010101	primary	0.722308993339539	0.889651536941528
T2D Suzuki 2024	CS1190	condition_supported_archetype	ZIC/2		palmitate	288	198	197.0	0.29125	0.10117	0.0019985	0.010531777777777777	primary	0.712354302406311	0.88360857963562
T2D Suzuki 2024	CS1191	condition_supported_archetype	ZNF136		3-cyt	92	71	69.0	0.14951	0.16354	0.18031	0.3448983908045977	primary	0.7942965626716615	0.885895669460297
T2D Suzuki 2024	CS1192	condition_supported_archetype	ZNF136		Ex-4_HG	95	71	69.0	0.25968	0.16173	0.054193	0.15377842735042735	primary	0.790742754936218	0.894251644611359
T2D Suzuki 2024	CS1193	condition_supported_archetype	ZNF136		IFNg	96	73	70.0	0.17529	0.16318	0.14137	0.29310271604938276	primary	0.7981871664524075	0.883941769599915
T2D Suzuki 2024	CS1194	condition_supported_archetype	ZNF136		dex	106	78	76.0	0.17236	0.15607	0.13471	0.28718	primary	0.78330659866333	0.894507110118866
T2D Suzuki 2024	CS1195	condition_supported_archetype	ZNF136		palmitate	75	57	54.0	0.30036	0.18781	0.054891	0.15443908474576273	primary	0.781765878200531	0.892507076263428
T2D Suzuki 2024	CS1196	condition_supported_archetype	ZNF143		3-cyt	403	262	254.0	0.053826	0.086093	0.26592	0.4664686910994764	primary	0.7518966495990755	0.896879851818085
T2D Suzuki 2024	CS1197	condition_supported_archetype	ZNF143		Ex-4_HG	347	227	218.0	0.1123	0.093633	0.11521	0.2584440540540541	primary	0.751112878322601	0.894257366657257
T2D Suzuki 2024	CS1198	condition_supported_archetype	ZNF143		IFNg	245	167	164.0	0.11865	0.10569	0.13083	0.2820490909090909	primary	0.794826686382294	0.884902477264404
T2D Suzuki 2024	CS1199	condition_supported_archetype	ZNF143		dex	398	268	262.0	-0.0070865	0.083812	0.53369	0.7202645528455285	primary	0.77501505613327	0.893142223358154
T2D Suzuki 2024	CS1200	condition_supported_archetype	ZNF143		palmitate	401	275	268.0	-0.00012847	0.083247	0.50062	0.7052608474576272	primary	0.748221635818481	0.8846435546875
T2D Suzuki 2024	CS1201	condition_supported_archetype	ZNF28		3-cyt	12	3	3.0	-1.1417	0.90851	0.89555	0.9525323961661343	insufficient	0.5552958846092224	0.805578112602234
T2D Suzuki 2024	CS1202	condition_supported_archetype	ZNF28		Ex-4_HG	11	3	3.0	-0.32203	0.90865	0.63848	0.786298962962963	insufficient	0.622401058673859	0.791074216365814
T2D Suzuki 2024	CS1203	condition_supported_archetype	ZNF28		IFNg	9	2	2.0	0.75657	0.79662	0.17114	0.3342263529411764	insufficient	0.650815904140472	0.779289841651917
T2D Suzuki 2024	CS1204	condition_supported_archetype	ZNF28		dex	4	2	2.0	0.09862	0.67639	0.44204	0.6522545777777778	insufficient	0.6286019086837771	0.71967351436615
T2D Suzuki 2024	CS1205	condition_supported_archetype	ZNF28		palmitate	13	5	5.0	1.0478	0.55341	0.029168	0.09371657692307693	insufficient	0.67422342300415	0.822833478450775
T2D Suzuki 2024	CS1206	condition_supported_archetype	ZNF317		3-cyt	41	11	11.0	-0.92628	0.44021	0.98231	0.9924586666666667	exploratory	0.601597428321838	0.825563311576843
T2D Suzuki 2024	CS1207	condition_supported_archetype	ZNF317		Ex-4_HG	38	13	13.0	-0.13954	0.42945	0.62738	0.7830457142857143	exploratory	0.6281090378761289	0.859414994716644
T2D Suzuki 2024	CS1208	condition_supported_archetype	ZNF317		IFNg	47	16	13.0	-0.99563	0.45031	0.98648	0.9924586666666667	exploratory	0.609696984291077	0.858214139938354
T2D Suzuki 2024	CS1209	condition_supported_archetype	ZNF317		dex	121	61	58.0	-0.056721	0.19739	0.61308	0.77392608365019	primary	0.591921389102936	0.867295980453491
T2D Suzuki 2024	CS1210	condition_supported_archetype	ZNF317		palmitate	46	16	16.0	0.084589	0.36555	0.4085	0.6136742081447963	exploratory	0.6147386133670805	0.858842134475708
T2D Suzuki 2024	CS1211	condition_supported_archetype	ZNF331		3-cyt	248	123	117.0	0.25064	0.12616	0.023484	0.07796688	primary	0.608315885066986	0.865274965763092
T2D Suzuki 2024	CS1212	condition_supported_archetype	ZNF331		Ex-4_HG	250	106	103.0	0.34722	0.13427	0.0048602	0.02272656901408451	primary	0.623534858226776	0.882136762142181
T2D Suzuki 2024	CS1213	condition_supported_archetype	ZNF331		IFNg	197	83	82.0	0.34942	0.15012	0.0099725	0.042447051282051285	primary	0.6183260381221776	0.878472506999969
T2D Suzuki 2024	CS1214	condition_supported_archetype	ZNF331		dex	410	222	212.0	0.14507	0.093449	0.06029	0.1627339837398374	primary	0.634266018867493	0.879579722881317
T2D Suzuki 2024	CS1215	condition_supported_archetype	ZNF331		palmitate	302	147	141.0	-0.0082365	0.11257	0.52916	0.7202645528455285	primary	0.618593752384186	0.860459804534912
T2D Suzuki 2024	CS1216	condition_supported_archetype	ZNF335		3-cyt	36	18	18.0	-0.076507	0.33158	0.59124	0.760820465116279	exploratory	0.623068690299988	0.849705159664154
T2D Suzuki 2024	CS1217	condition_supported_archetype	ZNF335		Ex-4_HG	35	20	20.0	-0.21537	0.33153	0.74203	0.852435847750865	exploratory	0.577569425106049	0.852603495121002
T2D Suzuki 2024	CS1218	condition_supported_archetype	ZNF335		IFNg	33	13	13.0	-0.01067	0.40774	0.51044	0.7120423529411765	exploratory	0.5866319537162785	0.849427759647369
T2D Suzuki 2024	CS1219	condition_supported_archetype	ZNF335		dex	49	21	20.0	-0.29855	0.35042	0.80288	0.9005275675675677	exploratory	0.622377455234528	0.851521372795105
T2D Suzuki 2024	CS1220	condition_supported_archetype	ZNF335		palmitate	36	19	18.0	-0.43305	0.34982	0.89212	0.95235961414791	exploratory	0.6373928785324094	0.852113664150238
T2D Suzuki 2024	CS1221	condition_supported_archetype	ZNF436		3-cyt	104	56	56.0	0.0025221	0.17553	0.49427	0.7042817167381974	primary	0.736478924751282	0.878658413887024
T2D Suzuki 2024	CS1222	condition_supported_archetype	ZNF436		Ex-4_HG	97	63	61.0	0.073821	0.16529	0.32758	0.5331203921568627	primary	0.728058695793152	0.89593517780304
T2D Suzuki 2024	CS1223	condition_supported_archetype	ZNF436		IFNg	83	53	53.0	0.0058928	0.18037	0.48697	0.6968708620689654	primary	0.707528352737427	0.872421085834503
T2D Suzuki 2024	CS1224	condition_supported_archetype	ZNF436		dex	78	46	46.0	0.093083	0.18902	0.31121	0.5192046231155779	primary	0.735381692647934	0.884407639503479
T2D Suzuki 2024	CS1225	condition_supported_archetype	ZNF436		palmitate	102	67	67.0	0.23914	0.17631	0.0875	0.21518518518518517	primary	0.7244414687156675	0.885389626026154
T2D Suzuki 2024	CS1226	condition_supported_archetype	ZNF563		3-cyt	73	45	45.0	0.33521	0.21155	0.05655	0.15776974789915965	primary	0.690402746200562	0.861122965812683
T2D Suzuki 2024	CS1227	condition_supported_archetype	ZNF563		Ex-4_HG	63	38	37.0	-0.019542	0.2403	0.53241	0.7202645528455285	primary	0.70292466878891	0.891436576843262
T2D Suzuki 2024	CS1228	condition_supported_archetype	ZNF563		IFNg	87	59	59.0	0.17496	0.18857	0.17676	0.34118790697674417	primary	0.713633000850677	0.867203414440155
T2D Suzuki 2024	CS1229	condition_supported_archetype	ZNF563		dex	20	15	14.0	-0.029289	0.3675	0.53176	0.7202645528455285	exploratory	0.7096122801303865	0.78912889957428
T2D Suzuki 2024	CS1230	condition_supported_archetype	ZNF563		palmitate	100	69	69.0	0.0085371	0.17302	0.48032	0.6903300432900433	primary	0.7243131101131435	0.874432384967804
T2D Suzuki 2024	CS1231	condition_supported_archetype	ZNF708		3-cyt	0	0						insufficient		
T2D Suzuki 2024	CS1232	condition_supported_archetype	ZNF708		Ex-4_HG	0	0						insufficient		
T2D Suzuki 2024	CS1233	condition_supported_archetype	ZNF708		IFNg	1	0						insufficient	0.618005514144897	0.618005514144897
T2D Suzuki 2024	CS1234	condition_supported_archetype	ZNF708		dex	0	0						insufficient		
T2D Suzuki 2024	CS1235	condition_supported_archetype	ZNF708		palmitate	0	0						insufficient		
T2D DIAMANTE 2022	CS0876	condition_supported_archetype	AP1/1		3-cyt	1058	522	511.0	-0.0024072	0.052458	0.5183	0.7426300854700855	primary	0.6272708773612975	0.899986922740936
T2D DIAMANTE 2022	CS0877	condition_supported_archetype	AP1/1		Ex-4_HG	1018	517	511.0	-0.029393	0.052373	0.71267	0.8529175539568344	primary	0.6287395656108855	0.894974172115326
T2D DIAMANTE 2022	CS0878	condition_supported_archetype	AP1/1		IFNg	949	481	471.0	0.033179	0.054116	0.26991	0.5034276404494382	primary	0.637931227684021	0.869547188282013
T2D DIAMANTE 2022	CS0879	condition_supported_archetype	AP1/1		dex	649	333	323.0	0.017506	0.067038	0.397	0.6429463414634147	primary	0.6247523427009585	0.889280796051025
T2D DIAMANTE 2022	CS0880	condition_supported_archetype	AP1/1		palmitate	1723	903	879.0	0.032837	0.040254	0.20733	0.4329154716981132	primary	0.6534631848335265	0.8901407122612
T2D DIAMANTE 2022	CS0881	condition_supported_archetype	AP1/2		3-cyt	667	326	319.0	0.018866	0.064934	0.3857	0.6313069950738918	primary	0.62689083814621	0.873550474643707
T2D DIAMANTE 2022	CS0882	condition_supported_archetype	AP1/2		Ex-4_HG	688	332	324.0	-0.0987	0.064238	0.93778	0.966903602484472	primary	0.6159339845180509	0.871971487998962
T2D DIAMANTE 2022	CS0883	condition_supported_archetype	AP1/2		IFNg	486	226	223.0	-0.0032967	0.076278	0.51724	0.7426300854700855	primary	0.612890124320984	0.867106735706329
T2D DIAMANTE 2022	CS0884	condition_supported_archetype	AP1/2		dex	534	290	285.0	0.072039	0.068196	0.14541	0.3448294285714286	primary	0.6427440941333771	0.883671402931213
T2D DIAMANTE 2022	CS0885	condition_supported_archetype	AP1/2		palmitate	893	451	438.0	-0.072366	0.056758	0.89883	0.9448341772151898	primary	0.6422099471092224	0.869922697544098
T2D DIAMANTE 2022	CS0886	condition_supported_archetype	BCL6/1		3-cyt	240	168	168.0	-0.073829	0.091368	0.79046	0.8956748122866894	primary	0.79413378238678	0.898792088031769
T2D DIAMANTE 2022	CS0887	condition_supported_archetype	BCL6/1		Ex-4_HG	238	166	165.0	-0.062416	0.093171	0.74854	0.8689345454545454	primary	0.796562314033508	0.903430640697479
T2D DIAMANTE 2022	CS0888	condition_supported_archetype	BCL6/1		IFNg	233	160	160.0	-0.061513	0.093351	0.74503	0.8689345454545454	primary	0.7855813503265385	0.894868969917297
T2D DIAMANTE 2022	CS0889	condition_supported_archetype	BCL6/1		dex	241	166	165.0	-0.080854	0.091554	0.81141	0.906755761589404	primary	0.7944499552249911	0.898216307163239
T2D DIAMANTE 2022	CS0890	condition_supported_archetype	BCL6/1		palmitate	241	168	168.0	-0.049599	0.090925	0.70729	0.8507981159420289	primary	0.795160889625549	0.894665658473969
T2D DIAMANTE 2022	CS0891	condition_supported_archetype	CCAAT/CEBP		3-cyt	28	11	11.0	1.0325	0.37592	0.0030142	0.01924450769230769	exploratory	0.5749916136264805	0.87409520149231
T2D DIAMANTE 2022	CS0892	condition_supported_archetype	CCAAT/CEBP		Ex-4_HG	53	24	24.0	0.35086	0.2749	0.10093	0.2724289430894309	exploratory	0.657440483570099	0.852572202682495
T2D DIAMANTE 2022	CS0893	condition_supported_archetype	CCAAT/CEBP		IFNg	8	5	5.0	-0.35324	0.54338	0.74217	0.8689345454545454	insufficient	0.597302347421646	0.79381650686264
T2D DIAMANTE 2022	CS0894	condition_supported_archetype	CCAAT/CEBP		dex	62	29	28.0	0.38668	0.23754	0.051791	0.17194611999999998	exploratory	0.672962129116058	0.867794394493103
T2D DIAMANTE 2022	CS0895	condition_supported_archetype	CCAAT/CEBP		palmitate	23	8	8.0	0.13068	0.42339	0.37879	0.6313069950738918	insufficient	0.640850067138672	0.862265527248383
T2D DIAMANTE 2022	CS0896	condition_supported_archetype	CPEB1		3-cyt	0	0						insufficient		
T2D DIAMANTE 2022	CS0897	condition_supported_archetype	CPEB1		Ex-4_HG	0	0						insufficient		
T2D DIAMANTE 2022	CS0898	condition_supported_archetype	CPEB1		IFNg	4	1						insufficient	0.6389243006706236	0.76718145608902
T2D DIAMANTE 2022	CS0899	condition_supported_archetype	CPEB1		dex	0	0						insufficient		
T2D DIAMANTE 2022	CS0900	condition_supported_archetype	CPEB1		palmitate	0	0						insufficient		
T2D DIAMANTE 2022	CS0901	condition_supported_archetype	CREB/ATF/1		3-cyt	3150	2041	1984.0	0.088447	0.028495	0.0009563	0.007055368888888889	primary	0.755390346050262	0.912147164344788
T2D DIAMANTE 2022	CS0902	condition_supported_archetype	CREB/ATF/1		Ex-4_HG	3256	2105	2041.0	0.089485	0.028154	0.00074183	0.005737654883720931	primary	0.751958072185516	0.908117175102234
T2D DIAMANTE 2022	CS0903	condition_supported_archetype	CREB/ATF/1		IFNg	3286	2126	2066.0	0.10038	0.02799	0.00016822	0.0016923951515151515	primary	0.757670164108276	0.90043842792511
T2D DIAMANTE 2022	CS0904	condition_supported_archetype	CREB/ATF/1		dex	3054	1981	1919.0	0.092142	0.028891	0.00071459	0.005737654883720931	primary	0.754664063453674	0.903584361076355
T2D DIAMANTE 2022	CS0905	condition_supported_archetype	CREB/ATF/1		palmitate	3048	1973	1916.0	0.092715	0.02878	0.00063885	0.005302455	primary	0.755257844924927	0.906620621681213
T2D DIAMANTE 2022	CS0906	condition_supported_archetype	CREB/ATF/2		3-cyt	1692	1026	995.0	0.078462	0.038345	0.020376	0.09395599999999998	primary	0.738838315010071	0.900819420814514
T2D DIAMANTE 2022	CS0907	condition_supported_archetype	CREB/ATF/2		Ex-4_HG	1662	1013	986.0	0.045255	0.038275	0.11854	0.29369611940298507	primary	0.7404547333717345	0.899692356586456
T2D DIAMANTE 2022	CS0908	condition_supported_archetype	CREB/ATF/2		IFNg	1460	900	878.0	0.087284	0.040918	0.016464	0.07921808695652173	primary	0.739558756351471	0.90043842792511
T2D DIAMANTE 2022	CS0909	condition_supported_archetype	CREB/ATF/2		dex	1689	1017	986.0	0.074451	0.038884	0.027775	0.11526625000000001	primary	0.7385193705558775	0.903584361076355
T2D DIAMANTE 2022	CS0910	condition_supported_archetype	CREB/ATF/2		palmitate	1565	957	930.0	0.074739	0.03999	0.030824	0.12468576190476191	primary	0.73945888876915	0.90280282497406
T2D DIAMANTE 2022	CS0911	condition_supported_archetype	CTCF		3-cyt	9326	5908	5755.0	0.054907	0.01891	0.0018471	0.012515044897959184	primary	0.6910018920898435	0.910241186618805
T2D DIAMANTE 2022	CS0912	condition_supported_archetype	CTCF		Ex-4_HG	9784	6234	6067.0	0.077838	0.01881	1.7593e-05	0.00030532380000000003	primary	0.6969133913517	0.905426561832428
T2D DIAMANTE 2022	CS0913	condition_supported_archetype	CTCF		IFNg	8768	5530	5401.0	0.073943	0.019231	6.0509e-05	0.0007726533846153846	primary	0.684668242931366	0.907641410827637
T2D DIAMANTE 2022	CS0914	condition_supported_archetype	CTCF		dex	10478	6707	6531.0	0.068013	0.018382	0.00010814	0.0012822314285714286	primary	0.7001494169235225	0.905020892620087
T2D DIAMANTE 2022	CS0915	condition_supported_archetype	CTCF		palmitate	10198	6506	6337.0	0.073125	0.018572	4.1368e-05	0.00054936704	primary	0.6994040310382845	0.915444791316986
T2D DIAMANTE 2022	CS0916	condition_supported_archetype	CUX/4		3-cyt	4	1						insufficient	0.7323423027992245	0.811172306537628
T2D DIAMANTE 2022	CS0917	condition_supported_archetype	CUX/4		Ex-4_HG	3	2	2.0	0.89034	0.903	0.16208	0.3711073103448276	insufficient	0.662055671215057	0.688761711120605
T2D DIAMANTE 2022	CS0918	condition_supported_archetype	CUX/4		IFNg	2	2	2.0	1.7761	1.0496	0.045325	0.15839894736842103	insufficient	0.6029186844825745	0.691474556922913
T2D DIAMANTE 2022	CS0919	condition_supported_archetype	CUX/4		dex	3	2	2.0	-0.61259	0.85997	0.76187	0.881326968641115	insufficient	0.77501505613327	0.817435264587402
T2D DIAMANTE 2022	CS0920	condition_supported_archetype	CUX/4		palmitate	3	1						insufficient	0.575275719165802	0.608908712863922
T2D DIAMANTE 2022	CS0921	condition_supported_archetype	E2F/3		3-cyt	546	342	326.0	0.075245	0.066169	0.12774	0.31414577777777775	primary	0.697391629219055	0.862613618373871
T2D DIAMANTE 2022	CS0922	condition_supported_archetype	E2F/3		Ex-4_HG	603	368	354.0	0.11298	0.063131	0.03677	0.1403177011494253	primary	0.6977375745773315	0.890783429145813
T2D DIAMANTE 2022	CS0923	condition_supported_archetype	E2F/3		IFNg	544	330	317.0	0.15957	0.067188	0.0087798	0.04778514098360656	primary	0.693026423454285	0.906091451644897
T2D DIAMANTE 2022	CS0924	condition_supported_archetype	E2F/3		dex	519	329	310.0	0.060023	0.06648	0.18331	0.40844912751677853	primary	0.69687819480896	0.88800436258316
T2D DIAMANTE 2022	CS0925	condition_supported_archetype	E2F/3		palmitate	595	371	355.0	0.077151	0.063298	0.11146	0.2881451162790698	primary	0.6983065009117124	0.906728029251099
T2D DIAMANTE 2022	CS0926	condition_supported_archetype	ETS/1		3-cyt	16205	10677	10323.0	0.11609	0.018229	9.8405e-11	8.167614999999999e-09	primary	0.727641105651855	0.914714395999908
T2D DIAMANTE 2022	CS0927	condition_supported_archetype	ETS/1		Ex-4_HG	16167	10668	10319.0	0.11202	0.018179	3.684e-10	1.8381417142857144e-08	primary	0.728417992591858	0.905426561832428
T2D DIAMANTE 2022	CS0928	condition_supported_archetype	ETS/1		IFNg	16067	10547	10207.0	0.11817	0.01813	3.6784e-11	6.145430666666667e-09	primary	0.7243397831916805	0.907731056213379
T2D DIAMANTE 2022	CS0929	condition_supported_archetype	ETS/1		dex	15497	10173	9838.0	0.10539	0.017964	2.2703e-09	7.537396e-08	primary	0.726980447769165	0.913902699947357
T2D DIAMANTE 2022	CS0930	condition_supported_archetype	ETS/1		palmitate	15796	10425	10083.0	0.1107	0.018064	4.5488e-10	1.8877519999999998e-08	primary	0.729142665863037	0.912462711334229
T2D DIAMANTE 2022	CS0931	condition_supported_archetype	ETS/2		3-cyt	892	604	597.0	-0.055608	0.048474	0.87433	0.9354073311897105	primary	0.796435475349426	0.910652577877045
T2D DIAMANTE 2022	CS0932	condition_supported_archetype	ETS/2		Ex-4_HG	889	599	590.0	0.028233	0.048985	0.28219	0.5147641758241758	primary	0.7928841710090635	0.903911292552948
T2D DIAMANTE 2022	CS0933	condition_supported_archetype	ETS/2		IFNg	889	623	611.0	-0.01176	0.04814	0.5965	0.7921520000000001	primary	0.769820600748062	0.907641410827637
T2D DIAMANTE 2022	CS0934	condition_supported_archetype	ETS/2		dex	726	504	498.0	-0.082058	0.053405	0.93778	0.966903602484472	primary	0.797816216945648	0.903533160686493
T2D DIAMANTE 2022	CS0935	condition_supported_archetype	ETS/2		palmitate	897	599	591.0	-0.030439	0.048551	0.73465	0.8667790070921986	primary	0.776615560054779	0.912462711334229
T2D DIAMANTE 2022	CS0936	condition_supported_archetype	Ebox/CACGTG/1		3-cyt	2795	1778	1719.0	0.058635	0.030384	0.026824	0.1127287088607595	primary	0.733120024204254	0.905802965164185
T2D DIAMANTE 2022	CS0937	condition_supported_archetype	Ebox/CACGTG/1		Ex-4_HG	3422	2155	2089.0	0.051487	0.027692	0.031504	0.12468576190476191	primary	0.722019374370575	0.903966844081879
T2D DIAMANTE 2022	CS0938	condition_supported_archetype	Ebox/CACGTG/1		IFNg	2432	1511	1465.0	0.025284	0.032489	0.21822	0.4466316564417178	primary	0.7315276265144346	0.906119525432587
T2D DIAMANTE 2022	CS0939	condition_supported_archetype	Ebox/CACGTG/1		dex	2957	1881	1819.0	0.048453	0.029466	0.050062	0.16788468686868688	primary	0.7338070273399355	0.900959551334381
T2D DIAMANTE 2022	CS0940	condition_supported_archetype	Ebox/CACGTG/1		palmitate	3049	1900	1839.0	0.050123	0.029048	0.042226	0.15223806451612903	primary	0.7292270660400391	0.901142060756683
T2D DIAMANTE 2022	CS0941	condition_supported_archetype	Ebox/CAGATGG		3-cyt	3298	1732	1688.0	0.021478	0.029678	0.23463	0.4636735714285714	primary	0.642864406108856	0.903439342975616
T2D DIAMANTE 2022	CS0942	condition_supported_archetype	Ebox/CAGATGG		Ex-4_HG	3521	1888	1832.0	0.03831	0.028429	0.088905	0.24803747899159662	primary	0.6414660215377805	0.901831924915314
T2D DIAMANTE 2022	CS0943	condition_supported_archetype	Ebox/CAGATGG		IFNg	2849	1449	1406.0	0.017179	0.03197	0.29552	0.5304103783783783	primary	0.626423120498657	0.906047880649567
T2D DIAMANTE 2022	CS0944	condition_supported_archetype	Ebox/CAGATGG		dex	3913	2153	2100.0	0.039675	0.02701	0.070942	0.21352342857142856	primary	0.654875487089157	0.905020892620087
T2D DIAMANTE 2022	CS0945	condition_supported_archetype	Ebox/CAGATGG		palmitate	3320	1773	1726.0	0.030365	0.029254	0.14965	0.35236737588652484	primary	0.643978178501129	0.903866350650787
T2D DIAMANTE 2022	CS0946	condition_supported_archetype	Ebox/CATATG		3-cyt	21	8	8.0	-0.17998	0.40592	0.67126	0.831560895522388	insufficient	0.601574957370758	0.749911546707153
T2D DIAMANTE 2022	CS0947	condition_supported_archetype	Ebox/CATATG		Ex-4_HG	24	7	7.0	-0.13222	0.35966	0.64342	0.8185644444444444	insufficient	0.6283054053783415	0.793073713779449
T2D DIAMANTE 2022	CS0948	condition_supported_archetype	Ebox/CATATG		IFNg	16	5	5.0	-0.92476	0.48691	0.97122	0.9890952147239264	insufficient	0.5813004076480865	0.750962555408478
T2D DIAMANTE 2022	CS0949	condition_supported_archetype	Ebox/CATATG		dex	20	8	8.0	0.20616	0.38376	0.29556	0.5304103783783783	insufficient	0.57789146900177	0.828008592128754
T2D DIAMANTE 2022	CS0950	condition_supported_archetype	Ebox/CATATG		palmitate	16	6	6.0	-0.0025876	0.43259	0.50239	0.7380242477876106	insufficient	0.606951326131821	0.790726721286774
T2D DIAMANTE 2022	CS0951	condition_supported_archetype	FOX/4		3-cyt	635	256	250.0	-0.0074077	0.074329	0.53969	0.7564136708860759	primary	0.61985832452774	0.899440348148346
T2D DIAMANTE 2022	CS0952	condition_supported_archetype	FOX/4		Ex-4_HG	545	207	206.0	0.14782	0.082499	0.036592	0.1403177011494253	primary	0.6056869626045225	0.865165174007416
T2D DIAMANTE 2022	CS0953	condition_supported_archetype	FOX/4		IFNg	647	244	240.0	0.076834	0.075099	0.15314	0.3580456338028169	primary	0.5964519083499911	0.877203345298767
T2D DIAMANTE 2022	CS0954	condition_supported_archetype	FOX/4		dex	639	250	243.0	0.034984	0.077427	0.3257	0.569117894736842	primary	0.607712507247925	0.869216620922089
T2D DIAMANTE 2022	CS0955	condition_supported_archetype	FOX/4		palmitate	579	233	230.0	-0.016477	0.076764	0.58498	0.7877002429149799	primary	0.602255940437317	0.883515059947968
T2D DIAMANTE 2022	CS0956	condition_supported_archetype	FOX/5		3-cyt	2054	883	867.0	0.057763	0.041241	0.080673	0.2308916896551724	primary	0.610115110874176	0.907233357429504
T2D DIAMANTE 2022	CS0957	condition_supported_archetype	FOX/5		Ex-4_HG	2182	945	927.0	0.02049	0.04057	0.30676	0.5446220320855615	primary	0.6104556024074554	0.901831924915314
T2D DIAMANTE 2022	CS0958	condition_supported_archetype	FOX/5		IFNg	2105	922	902.0	-0.008268	0.040844	0.58021	0.7877002429149799	primary	0.601219415664673	0.889236748218536
T2D DIAMANTE 2022	CS0959	condition_supported_archetype	FOX/5		dex	2182	984	967.0	-0.014335	0.038969	0.64351	0.8185644444444444	primary	0.609928607940674	0.899236619472504
T2D DIAMANTE 2022	CS0960	condition_supported_archetype	FOX/5		palmitate	2155	939	920.0	-0.0010585	0.040917	0.51032	0.7426300854700855	primary	0.6069222688674925	0.896017372608185
T2D DIAMANTE 2022	CS0961	condition_supported_archetype	FOX/6		3-cyt	1605	680	668.0	0.020693	0.04707	0.33011	0.5738037696335079	primary	0.61863511800766	0.907253742218018
T2D DIAMANTE 2022	CS0962	condition_supported_archetype	FOX/6		Ex-4_HG	1612	696	680.0	-0.0099499	0.045776	0.58603	0.7877002429149799	primary	0.611118257045746	0.898637056350708
T2D DIAMANTE 2022	CS0963	condition_supported_archetype	FOX/6		IFNg	1651	709	694.0	-0.018892	0.045965	0.65946	0.8248770037453182	primary	0.6122323274612425	0.907731056213379
T2D DIAMANTE 2022	CS0964	condition_supported_archetype	FOX/6		dex	1582	690	675.0	0.0058967	0.046715	0.44978	0.694544	primary	0.611812949180603	0.900884509086609
T2D DIAMANTE 2022	CS0965	condition_supported_archetype	FOX/6		palmitate	1684	723	707.0	-0.0026346	0.045754	0.52296	0.7426300854700855	primary	0.616368770599365	0.899204313755035
T2D DIAMANTE 2022	CS0966	condition_supported_archetype	GATA		3-cyt	0	0						insufficient		
T2D DIAMANTE 2022	CS0967	condition_supported_archetype	GATA		Ex-4_HG	1	1						insufficient	0.513957023620605	0.513957023620605
T2D DIAMANTE 2022	CS0968	condition_supported_archetype	GATA		IFNg	0	0						insufficient		
T2D DIAMANTE 2022	CS0969	condition_supported_archetype	GATA		dex	0	0						insufficient		
T2D DIAMANTE 2022	CS0970	condition_supported_archetype	GATA		palmitate	0	0						insufficient		
T2D DIAMANTE 2022	CS0971	condition_supported_archetype	GC-tract		3-cyt	2298	1571	1512.0	0.055269	0.032117	0.042645	0.15223806451612903	primary	0.7521283626556394	0.910652577877045
T2D DIAMANTE 2022	CS0972	condition_supported_archetype	GC-tract		Ex-4_HG	2550	1726	1677.0	0.090643	0.030797	0.0016263	0.011248574999999999	primary	0.750520467758179	0.903966844081879
T2D DIAMANTE 2022	CS0973	condition_supported_archetype	GC-tract		IFNg	1951	1344	1288.0	0.029411	0.034639	0.19792	0.42393187096774193	primary	0.751688182353973	0.906091451644897
T2D DIAMANTE 2022	CS0974	condition_supported_archetype	GC-tract		dex	3116	2122	2048.0	0.067593	0.028067	0.0080206	0.044380653333333325	primary	0.746258616447449	0.904372751712799
T2D DIAMANTE 2022	CS0975	condition_supported_archetype	GC-tract		palmitate	2930	2009	1937.0	0.066365	0.028622	0.010212	0.054683612903225806	primary	0.753448665142059	0.903426826000214
T2D DIAMANTE 2022	CS0976	condition_supported_archetype	GFI		3-cyt	11	5	5.0	-0.50014	0.57681	0.80705	0.906755761589404	insufficient	0.671938002109528	0.832400023937225
T2D DIAMANTE 2022	CS0977	condition_supported_archetype	GFI		Ex-4_HG	9	4	4.0	0.31969	0.53848	0.27637	0.5097491111111111	insufficient	0.709102034568787	0.837142050266266
T2D DIAMANTE 2022	CS0978	condition_supported_archetype	GFI		IFNg	7	4	4.0	-0.16998	0.53433	0.6248	0.8134650980392157	insufficient	0.656369984149933	0.814367532730103
T2D DIAMANTE 2022	CS0979	condition_supported_archetype	GFI		dex	9	4	4.0	0.31224	0.68286	0.32375	0.5687037037037037	insufficient	0.602557778358459	0.839094996452332
T2D DIAMANTE 2022	CS0980	condition_supported_archetype	GFI		palmitate	11	5	5.0	-0.17336	0.48549	0.63948	0.8185644444444444	insufficient	0.640432238578796	0.848543703556061
T2D DIAMANTE 2022	CS0981	condition_supported_archetype	GMEB2/2		3-cyt	13	3	3.0	0.61514	0.69712	0.18879	0.4123571052631579	insufficient	0.670616984367371	0.870898723602295
T2D DIAMANTE 2022	CS0982	condition_supported_archetype	GMEB2/2		Ex-4_HG	18	10	10.0	0.40005	0.32803	0.11133	0.2881451162790698	exploratory	0.727789610624313	0.875969052314758
T2D DIAMANTE 2022	CS0983	condition_supported_archetype	GMEB2/2		IFNg	10	5	5.0	-0.062605	0.57435	0.5434	0.7580201680672268	insufficient	0.6863135695457454	0.883565962314606
T2D DIAMANTE 2022	CS0984	condition_supported_archetype	GMEB2/2		dex	20	12	12.0	0.41817	0.28908	0.074019	0.21556410526315792	exploratory	0.7372327148914335	0.868804156780243
T2D DIAMANTE 2022	CS0985	condition_supported_archetype	GMEB2/2		palmitate	18	8	8.0	0.46072	0.38461	0.11549	0.29314839694656486	insufficient	0.664530485868454	0.874472200870514
T2D DIAMANTE 2022	CS0986	condition_supported_archetype	HAND1		3-cyt	4	2	2.0	0.16111	0.93884	0.43187	0.6730912149532711	insufficient	0.5503629446029665	0.79436981678009
T2D DIAMANTE 2022	CS0987	condition_supported_archetype	HAND1		Ex-4_HG	6	4	4.0	0.17499	0.50191	0.36368	0.6098068686868687	insufficient	0.580860912799835	0.660662353038788
T2D DIAMANTE 2022	CS0988	condition_supported_archetype	HAND1		IFNg	5	3	3.0	0.678	0.76787	0.18864	0.4123571052631579	insufficient	0.562803626060486	0.755534172058105
T2D DIAMANTE 2022	CS0989	condition_supported_archetype	HAND1		dex	0	0						insufficient		
T2D DIAMANTE 2022	CS0990	condition_supported_archetype	HAND1		palmitate	7	5	5.0	-0.17104	0.49514	0.63511	0.8185644444444444	insufficient	0.649641811847687	0.82444155216217
T2D DIAMANTE 2022	CS0991	condition_supported_archetype	HD/10		3-cyt	1240	612	605.0	-0.059265	0.048361	0.88979	0.9438028115015974	primary	0.641873836517334	0.894048750400543
T2D DIAMANTE 2022	CS0992	condition_supported_archetype	HD/10		Ex-4_HG	1250	625	616.0	-0.054066	0.047952	0.87022	0.9349936569579289	primary	0.631071716547012	0.883656799793243
T2D DIAMANTE 2022	CS0993	condition_supported_archetype	HD/10		IFNg	1309	645	635.0	-0.069851	0.046954	0.93157	0.966903602484472	primary	0.628310084342957	0.880421459674835
T2D DIAMANTE 2022	CS0994	condition_supported_archetype	HD/10		dex	1318	642	634.0	-0.054296	0.046952	0.87624	0.9354073311897105	primary	0.627928495407104	0.879982352256775
T2D DIAMANTE 2022	CS0995	condition_supported_archetype	HD/10		palmitate	1160	565	557.0	-0.050127	0.050317	0.84042	0.9164393464052288	primary	0.633349120616913	0.886972606182098
T2D DIAMANTE 2022	CS0996	condition_supported_archetype	HD/11		3-cyt	67	20	19.0	-0.026558	0.26463	0.53997	0.7564136708860759	exploratory	0.5941125750541689	0.864130735397339
T2D DIAMANTE 2022	CS0997	condition_supported_archetype	HD/11		Ex-4_HG	53	22	22.0	-0.037749	0.27219	0.55515	0.7679575000000001	exploratory	0.590834677219391	0.857823610305786
T2D DIAMANTE 2022	CS0998	condition_supported_archetype	HD/11		IFNg	65	25	25.0	-0.16956	0.23034	0.76916	0.8847053287197232	exploratory	0.587447822093964	0.858033120632172
T2D DIAMANTE 2022	CS0999	condition_supported_archetype	HD/11		dex	30	8	8.0	-0.58848	0.40636	0.92621	0.966903602484472	insufficient	0.579539954662323	0.864536046981812
T2D DIAMANTE 2022	CS1000	condition_supported_archetype	HD/11		palmitate	72	30	29.0	-0.041278	0.2142	0.5764	0.7875094650205762	exploratory	0.6061118245124815	0.859609186649323
T2D DIAMANTE 2022	CS1001	condition_supported_archetype	HD/2		3-cyt	39	16	16.0	0.15373	0.29038	0.29826	0.5323780645161291	exploratory	0.609322190284729	0.792788147926331
T2D DIAMANTE 2022	CS1002	condition_supported_archetype	HD/2		Ex-4_HG	50	19	19.0	-0.19897	0.26597	0.7728	0.8847227586206898	exploratory	0.617762416601181	0.856274843215942
T2D DIAMANTE 2022	CS1003	condition_supported_archetype	HD/2		IFNg	29	15	15.0	0.075039	0.30017	0.4013	0.6436309178743961	exploratory	0.555776596069336	0.811756074428558
T2D DIAMANTE 2022	CS1004	condition_supported_archetype	HD/2		dex	14	6	6.0	-0.2767	0.54544	0.69403	0.8440218315018316	insufficient	0.5580837726593015	0.702144086360931
T2D DIAMANTE 2022	CS1005	condition_supported_archetype	HD/2		palmitate	36	15	15.0	0.21204	0.32471	0.25688	0.4901388505747126	exploratory	0.5931354463100434	0.838635802268982
T2D DIAMANTE 2022	CS1006	condition_supported_archetype	HIC/1		3-cyt	327	209	203.0	0.061596	0.08604	0.23703	0.46564473372781057	primary	0.7049747109413145	0.871831715106964
T2D DIAMANTE 2022	CS1007	condition_supported_archetype	HIC/1		Ex-4_HG	273	163	156.0	0.18837	0.095375	0.024138	0.10453688311688311	primary	0.718974769115448	0.867664039134979
T2D DIAMANTE 2022	CS1008	condition_supported_archetype	HIC/1		IFNg	348	218	208.0	0.076864	0.082462	0.17565	0.3940256756756757	primary	0.70443195104599	0.868851006031036
T2D DIAMANTE 2022	CS1009	condition_supported_archetype	HIC/1		dex	196	128	121.0	0.062131	0.1061	0.27908	0.5119036464088398	primary	0.71493798494339	0.860197067260742
T2D DIAMANTE 2022	CS1010	condition_supported_archetype	HIC/1		palmitate	256	178	172.0	0.0074636	0.09003	0.46697	0.7079179908675799	primary	0.71061909198761	0.878662884235382
T2D DIAMANTE 2022	CS1011	condition_supported_archetype	IRF/1		3-cyt	77	37	36.0	0.33541	0.18854	0.037635	0.14039123595505618	primary	0.659268081188202	0.880295634269714
T2D DIAMANTE 2022	CS1012	condition_supported_archetype	IRF/1		Ex-4_HG	0	0						insufficient		
T2D DIAMANTE 2022	CS1013	condition_supported_archetype	IRF/1		IFNg	67	34	34.0	0.0020088	0.21268	0.49623	0.7323329777777777	primary	0.62982302904129	0.840068995952606
T2D DIAMANTE 2022	CS1014	condition_supported_archetype	IRF/1		dex	0	0						insufficient		
T2D DIAMANTE 2022	CS1015	condition_supported_archetype	IRF/1		palmitate	5	5	5.0	-2.0439	0.65883	0.99904	0.99904	insufficient	0.666986525058746	0.852629899978638
T2D DIAMANTE 2022	CS1016	condition_supported_archetype	IRF/3		3-cyt	557	396	384.0	0.098949	0.061621	0.054172	0.17561510679611647	primary	0.741604328155518	0.899430632591248
T2D DIAMANTE 2022	CS1017	condition_supported_archetype	IRF/3		Ex-4_HG	476	333	327.0	0.14425	0.065858	0.014256	0.071712	primary	0.7448135614395145	0.897905945777893
T2D DIAMANTE 2022	CS1018	condition_supported_archetype	IRF/3		IFNg	461	326	321.0	0.047843	0.065549	0.23273	0.4628318562874251	primary	0.739096403121948	0.892956852912903
T2D DIAMANTE 2022	CS1019	condition_supported_archetype	IRF/3		dex	460	317	312.0	0.049189	0.067336	0.23255	0.4628318562874251	primary	0.749154388904572	0.893069863319397
T2D DIAMANTE 2022	CS1020	condition_supported_archetype	IRF/3		palmitate	608	431	420.0	0.069126	0.058038	0.11683	0.29369611940298507	primary	0.7473227679729465	0.899599313735962
T2D DIAMANTE 2022	CS1021	condition_supported_archetype	KAISO		3-cyt	8485	5719	5533.0	0.064038	0.019462	0.00050139	0.004498958918918919	primary	0.745939314365387	0.914714395999908
T2D DIAMANTE 2022	CS1022	condition_supported_archetype	KAISO		Ex-4_HG	8739	5894	5706.0	0.078054	0.01941	2.9065e-05	0.00045067490909090913	primary	0.743490695953369	0.905181169509888
T2D DIAMANTE 2022	CS1023	condition_supported_archetype	KAISO		IFNg	9452	6371	6179.0	0.083308	0.019016	5.9456e-06	0.0001161140705882353	primary	0.745307803153992	0.907731056213379
T2D DIAMANTE 2022	CS1024	condition_supported_archetype	KAISO		dex	8698	5873	5686.0	0.082909	0.019267	8.4699e-06	0.0001562226	primary	0.744131505489349	0.908047795295715
T2D DIAMANTE 2022	CS1025	condition_supported_archetype	KAISO		palmitate	8002	5385	5215.0	0.064554	0.019759	0.0005446	0.004758084210526316	primary	0.745722770690918	0.906728029251099
T2D DIAMANTE 2022	CS1026	condition_supported_archetype	KLF/SP/1		3-cyt	17030	11289	10891.0	0.11807	0.01879	1.6986e-10	1.1278704e-08	primary	0.7302094995975494	0.914714395999908
T2D DIAMANTE 2022	CS1027	condition_supported_archetype	KLF/SP/1		Ex-4_HG	16930	11231	10833.0	0.12079	0.018711	5.5531e-11	6.145430666666667e-09	primary	0.7310621440410615	0.908117175102234
T2D DIAMANTE 2022	CS1028	condition_supported_archetype	KLF/SP/1		IFNg	16885	11185	10797.0	0.11063	0.018699	1.679e-09	6.193644444444444e-08	primary	0.729522347450256	0.907731056213379
T2D DIAMANTE 2022	CS1029	condition_supported_archetype	KLF/SP/1		dex	17353	11468	11067.0	0.11564	0.018791	3.8756e-10	1.8381417142857144e-08	primary	0.726647675037384	0.913902699947357
T2D DIAMANTE 2022	CS1030	condition_supported_archetype	KLF/SP/1		palmitate	17145	11392	10992.0	0.12163	0.018741	4.4136e-11	6.145430666666667e-09	primary	0.7323788106441496	0.915444791316986
T2D DIAMANTE 2022	CS1031	condition_supported_archetype	KLF/SP/2		3-cyt	5949	4023	3892.0	0.066245	0.021545	0.0010553	0.007616513043478261	primary	0.748059958219528	0.910652577877045
T2D DIAMANTE 2022	CS1032	condition_supported_archetype	KLF/SP/2		Ex-4_HG	6894	4704	4552.0	0.1077	0.020591	8.5647e-08	2.1872926153846154e-06	primary	0.745434045791626	0.905426561832428
T2D DIAMANTE 2022	CS1033	condition_supported_archetype	KLF/SP/2		IFNg	7378	5047	4880.0	0.072362	0.020064	0.00015558	0.001666211612903226	primary	0.7444228529930115	0.907641410827637
T2D DIAMANTE 2022	CS1034	condition_supported_archetype	KLF/SP/2		dex	6605	4487	4337.0	0.077922	0.020684	8.2815e-05	0.0010183177777777779	primary	0.746633768081665	0.904372751712799
T2D DIAMANTE 2022	CS1035	condition_supported_archetype	KLF/SP/2		palmitate	5668	3882	3745.0	0.073026	0.021768	0.00039827	0.0036729344444444444	primary	0.747443914413452	0.901142060756683
T2D DIAMANTE 2022	CS1036	condition_supported_archetype	MAF		3-cyt	1714	747	731.0	0.048953	0.043465	0.13004	0.3174505882352941	primary	0.605133295059204	0.898724675178528
T2D DIAMANTE 2022	CS1037	condition_supported_archetype	MAF		Ex-4_HG	1679	733	724.0	0.053293	0.043819	0.11196	0.2881451162790698	primary	0.6024772226810455	0.898240804672241
T2D DIAMANTE 2022	CS1038	condition_supported_archetype	MAF		IFNg	1569	670	658.0	0.041064	0.045847	0.18522	0.40995360000000003	primary	0.6060501933097839	0.890418708324432
T2D DIAMANTE 2022	CS1039	condition_supported_archetype	MAF		dex	1914	863	849.0	0.053745	0.041391	0.097074	0.2641685901639344	primary	0.607120394706726	0.889994442462921
T2D DIAMANTE 2022	CS1040	condition_supported_archetype	MAF		palmitate	1825	813	799.0	0.10881	0.041936	0.0047373	0.028716792727272726	primary	0.614186525344849	0.901308476924896
T2D DIAMANTE 2022	CS1041	condition_supported_archetype	MBD2		3-cyt	3899	2624	2547.0	0.074687	0.025297	0.0015787	0.011151668085106382	primary	0.739897310733795	0.906529426574707
T2D DIAMANTE 2022	CS1042	condition_supported_archetype	MBD2		Ex-4_HG	3803	2541	2463.0	0.083406	0.025711	0.00059069	0.005028437948717949	primary	0.7395471930503845	0.905426561832428
T2D DIAMANTE 2022	CS1043	condition_supported_archetype	MBD2		IFNg	4307	2906	2819.0	0.06332	0.024417	0.0047573	0.028716792727272726	primary	0.739000856876373	0.907641410827637
T2D DIAMANTE 2022	CS1044	condition_supported_archetype	MBD2		dex	3495	2351	2289.0	0.038084	0.026069	0.072032	0.21352342857142856	primary	0.74498450756073	0.908047795295715
T2D DIAMANTE 2022	CS1045	condition_supported_archetype	MBD2		palmitate	3297	2230	2171.0	0.095682	0.027294	0.00022837	0.002229965882352941	primary	0.740014910697937	0.911694645881653
T2D DIAMANTE 2022	CS1046	condition_supported_archetype	NFAC/2		3-cyt	7	2	2.0	0.86899	1.1353	0.22201	0.4494348780487806	insufficient	0.535029411315918	0.676985263824463
T2D DIAMANTE 2022	CS1047	condition_supported_archetype	NFAC/2		Ex-4_HG	12	6	6.0	-0.072914	0.57792	0.5502	0.7642945606694561	insufficient	0.540010869503021	0.682073652744293
T2D DIAMANTE 2022	CS1048	condition_supported_archetype	NFAC/2		IFNg	4	0						insufficient	0.5274527370929716	0.65245646238327
T2D DIAMANTE 2022	CS1049	condition_supported_archetype	NFAC/2		dex	8	3	3.0	1.3028	0.87086	0.06734	0.20510899082568806	insufficient	0.479218378663063	0.656197488307953
T2D DIAMANTE 2022	CS1050	condition_supported_archetype	NFAC/2		palmitate	8	1						insufficient	0.5347348153591156	0.669645726680756
T2D DIAMANTE 2022	CS1051	condition_supported_archetype	NFAT/3		3-cyt	11	8	8.0	-1.2318	0.46629	0.99587	0.9988987311178249	insufficient	0.635888040065765	0.751113593578339
T2D DIAMANTE 2022	CS1052	condition_supported_archetype	NFAT/3		Ex-4_HG	4	2	2.0	-0.22546	0.7673	0.61556	0.8077704347826087	insufficient	0.5419237911701205	0.658337414264679
T2D DIAMANTE 2022	CS1053	condition_supported_archetype	NFAT/3		IFNg	9	3	3.0	-0.68788	0.67847	0.84467	0.9164393464052288	insufficient	0.564937710762024	0.660421431064606
T2D DIAMANTE 2022	CS1054	condition_supported_archetype	NFAT/3		dex	4	3	3.0	-0.4397	0.75959	0.71866	0.8551796415770608	insufficient	0.5104123950004575	0.71717357635498
T2D DIAMANTE 2022	CS1055	condition_supported_archetype	NFAT/3		palmitate	9	5	5.0	-0.86214	0.49438	0.9594	0.9822092307692308	insufficient	0.55488258600235	0.749400198459625
T2D DIAMANTE 2022	CS1056	condition_supported_archetype	NFAT/4		3-cyt	229	122	119.0	0.24152	0.10554	0.011061	0.058289714285714285	primary	0.684800803661346	0.907233357429504
T2D DIAMANTE 2022	CS1057	condition_supported_archetype	NFAT/4		Ex-4_HG	204	114	114.0	0.13892	0.10675	0.096571	0.2641685901639344	primary	0.6705073714256286	0.885037362575531
T2D DIAMANTE 2022	CS1058	condition_supported_archetype	NFAT/4		IFNg	91	54	54.0	0.24208	0.14951	0.052721	0.17330071287128712	primary	0.665285646915436	0.85958343744278
T2D DIAMANTE 2022	CS1059	condition_supported_archetype	NFAT/4		dex	255	144	141.0	0.18874	0.10098	0.030808	0.12468576190476191	primary	0.686389029026031	0.877338767051697
T2D DIAMANTE 2022	CS1060	condition_supported_archetype	NFAT/4		palmitate	204	121	120.0	0.24522	0.1104	0.013175	0.06729384615384615	primary	0.687555551528931	0.8830526471138
T2D DIAMANTE 2022	CS1061	condition_supported_archetype	NFY		3-cyt	2487	1530	1488.0	0.06533	0.032576	0.022464	0.10078443243243244	primary	0.7459249496459965	0.906253635883331
T2D DIAMANTE 2022	CS1062	condition_supported_archetype	NFY		Ex-4_HG	2471	1522	1480.0	0.05519	0.032488	0.044691	0.1578448085106383	primary	0.7448322176933291	0.90778774023056
T2D DIAMANTE 2022	CS1063	condition_supported_archetype	NFY		IFNg	2397	1497	1456.0	0.051223	0.032846	0.059452	0.1874682990654206	primary	0.748938679695129	0.90043842792511
T2D DIAMANTE 2022	CS1064	condition_supported_archetype	NFY		dex	2482	1525	1481.0	0.053653	0.032623	0.050034	0.16788468686868688	primary	0.743325769901276	0.9014812707901
T2D DIAMANTE 2022	CS1065	condition_supported_archetype	NFY		palmitate	2469	1526	1482.0	0.070078	0.032467	0.015453	0.075447	primary	0.748112559318542	0.900610029697418
T2D DIAMANTE 2022	CS1066	condition_supported_archetype	NR/1		3-cyt	1253	654	641.0	0.096523	0.047471	0.021019	0.09559326027397261	primary	0.640137016773224	0.899874150753021
T2D DIAMANTE 2022	CS1067	condition_supported_archetype	NR/1		Ex-4_HG	857	450	438.0	0.12319	0.056934	0.01525	0.075447	primary	0.633192092180252	0.899784207344055
T2D DIAMANTE 2022	CS1068	condition_supported_archetype	NR/1		IFNg	1160	602	589.0	0.064696	0.048941	0.093109	0.25760156666666667	primary	0.631077975034714	0.888151884078979
T2D DIAMANTE 2022	CS1069	condition_supported_archetype	NR/1		dex	692	353	344.0	0.1691	0.063143	0.0037066	0.023218701886792453	primary	0.6452900767326355	0.881313323974609
T2D DIAMANTE 2022	CS1070	condition_supported_archetype	NR/1		palmitate	1434	769	753.0	0.11132	0.044523	0.0062084	0.03616120701754386	primary	0.6441846787929535	0.889386773109436
T2D DIAMANTE 2022	CS1071	condition_supported_archetype	NR/13		3-cyt	17	5	5.0	-0.26286	0.62332	0.66338	0.8248770037453182	insufficient	0.5889877080917355	0.738549530506134
T2D DIAMANTE 2022	CS1072	condition_supported_archetype	NR/13		Ex-4_HG	17	8	8.0	-0.64417	0.50778	0.8977	0.9448341772151898	insufficient	0.61352464556694	0.822627484798431
T2D DIAMANTE 2022	CS1073	condition_supported_archetype	NR/13		IFNg	14	7	7.0	-0.10455	0.46073	0.58976	0.7895174193548385	insufficient	0.587198197841644	0.747117757797241
T2D DIAMANTE 2022	CS1074	condition_supported_archetype	NR/13		dex	11	5	5.0	-0.26286	0.62332	0.66338	0.8248770037453182	insufficient	0.6004654169082639	0.729717671871185
T2D DIAMANTE 2022	CS1075	condition_supported_archetype	NR/13		palmitate	15	7	7.0	-0.66852	0.51659	0.90217	0.9448594321766561	insufficient	0.6065904796123505	0.822120308876038
T2D DIAMANTE 2022	CS1076	condition_supported_archetype	NR/18		3-cyt	165	71	70.0	0.011448	0.13369	0.46588	0.7079179908675799	primary	0.593103647232056	0.845464825630188
T2D DIAMANTE 2022	CS1077	condition_supported_archetype	NR/18		Ex-4_HG	159	69	68.0	0.093709	0.13335	0.24112	0.46813941520467833	primary	0.6026163697242735	0.838092029094696
T2D DIAMANTE 2022	CS1078	condition_supported_archetype	NR/18		IFNg	187	89	88.0	0.087693	0.12381	0.23938	0.4674950588235294	primary	0.611530482769012	0.850614190101624
T2D DIAMANTE 2022	CS1079	condition_supported_archetype	NR/18		dex	106	49	48.0	0.18457	0.17093	0.14013	0.33958510948905113	primary	0.610030919313431	0.867006182670593
T2D DIAMANTE 2022	CS1080	condition_supported_archetype	NR/18		palmitate	153	69	69.0	-0.073144	0.13499	0.70603	0.8507981159420289	primary	0.617949992418289	0.83970183134079
T2D DIAMANTE 2022	CS1081	condition_supported_archetype	NR/20		3-cyt	22	10	10.0	0.094865	0.32516	0.38524	0.6313069950738918	exploratory	0.608551561832428	0.828394532203674
T2D DIAMANTE 2022	CS1082	condition_supported_archetype	NR/20		Ex-4_HG	29	11	11.0	-0.066976	0.3599	0.57381	0.7872104132231406	exploratory	0.602075040340424	0.842363178730011
T2D DIAMANTE 2022	CS1083	condition_supported_archetype	NR/20		IFNg	14	6	5.0	-0.84665	0.5515	0.93762	0.966903602484472	insufficient	0.5534093976020815	0.849895238876343
T2D DIAMANTE 2022	CS1084	condition_supported_archetype	NR/20		dex	505	237	232.0	0.032484	0.080851	0.34393	0.5855628717948719	primary	0.633549869060516	0.889024555683136
T2D DIAMANTE 2022	CS1085	condition_supported_archetype	NR/20		palmitate	11	3	2.0	-0.44133	0.94675	0.67944	0.8329279704797048	insufficient	0.55929309129715	0.830554783344269
T2D DIAMANTE 2022	CS1086	condition_supported_archetype	NR/4		3-cyt	248	106	105.0	-0.099366	0.12096	0.79431	0.8969759183673469	primary	0.608287513256073	0.890286028385162
T2D DIAMANTE 2022	CS1087	condition_supported_archetype	NR/4		Ex-4_HG	238	109	107.0	0.068399	0.11396	0.27419	0.5085535195530726	primary	0.6099084615707395	0.878443896770477
T2D DIAMANTE 2022	CS1088	condition_supported_archetype	NR/4		IFNg	222	98	96.0	-0.0070354	0.12175	0.52304	0.7426300854700855	primary	0.601166605949402	0.88578987121582
T2D DIAMANTE 2022	CS1089	condition_supported_archetype	NR/4		dex	184	82	80.0	0.047478	0.13245	0.36	0.6067005076142131	primary	0.588274538516998	0.861597299575806
T2D DIAMANTE 2022	CS1090	condition_supported_archetype	NR/4		palmitate	245	96	94.0	-0.025421	0.12322	0.58172	0.7877002429149799	primary	0.599693715572357	0.875654101371765
T2D DIAMANTE 2022	CS1091	condition_supported_archetype	NRF1		3-cyt	12180	8140	7868.0	0.08626	0.018169	1.0379e-06	2.2972186666666668e-05	primary	0.749764323234558	0.912147164344788
T2D DIAMANTE 2022	CS1092	condition_supported_archetype	NRF1		Ex-4_HG	12363	8289	8020.0	0.095555	0.018208	7.7915e-08	2.1556483333333333e-06	primary	0.748840987682343	0.908117175102234
T2D DIAMANTE 2022	CS1093	condition_supported_archetype	NRF1		IFNg	12235	8173	7917.0	0.080985	0.018079	3.7673e-06	7.8171475e-05	primary	0.7497918009758	0.906530678272247
T2D DIAMANTE 2022	CS1094	condition_supported_archetype	NRF1		dex	13028	8711	8421.0	0.096858	0.018072	4.2333e-08	1.2776869090909092e-06	primary	0.747605174779892	0.908047795295715
T2D DIAMANTE 2022	CS1095	condition_supported_archetype	NRF1		palmitate	12423	8296	8018.0	0.091666	0.018053	1.9341e-07	4.5865800000000006e-06	primary	0.749344766139984	0.915444791316986
T2D DIAMANTE 2022	CS1096	condition_supported_archetype	OCT4+SOX2		3-cyt	12	6	6.0	0.52637	0.5309	0.16073	0.37057194444444447	insufficient	0.6292511820793154	0.817302823066711
T2D DIAMANTE 2022	CS1097	condition_supported_archetype	OCT4+SOX2		Ex-4_HG	4	2	2.0	0.66232	0.76249	0.19253	0.41506467532467534	insufficient	0.588770091533661	0.706206500530243
T2D DIAMANTE 2022	CS1098	condition_supported_archetype	OCT4+SOX2		IFNg	6	2	2.0	-0.34551	0.89731	0.6499	0.8235374045801528	insufficient	0.6210497319698329	0.742934882640839
T2D DIAMANTE 2022	CS1099	condition_supported_archetype	OCT4+SOX2		dex	9	3	3.0	0.054154	0.7822	0.4724	0.7128945454545453	insufficient	0.583994925022125	0.752915978431702
T2D DIAMANTE 2022	CS1100	condition_supported_archetype	OCT4+SOX2		palmitate	8	3	3.0	-0.4543	0.71903	0.73624	0.8667790070921986	insufficient	0.567013293504715	0.704259216785431
T2D DIAMANTE 2022	CS1101	condition_supported_archetype	OSR2		3-cyt	414	252	243.0	0.064068	0.07842	0.20698	0.4329154716981132	primary	0.7251223027706145	0.896551191806793
T2D DIAMANTE 2022	CS1102	condition_supported_archetype	OSR2		Ex-4_HG	137	81	77.0	-0.064529	0.13806	0.67989	0.8329279704797048	primary	0.666746139526367	0.889900386333466
T2D DIAMANTE 2022	CS1103	condition_supported_archetype	OSR2		IFNg	84	34	31.0	-0.4021	0.22883	0.96055	0.9822092307692308	primary	0.619902551174164	0.886886954307556
T2D DIAMANTE 2022	CS1104	condition_supported_archetype	OSR2		dex	900	556	533.0	0.077706	0.053446	0.072997	0.21446906194690268	primary	0.731419503688812	0.894976615905762
T2D DIAMANTE 2022	CS1105	condition_supported_archetype	OSR2		palmitate	261	151	145.0	0.0010775	0.10454	0.49589	0.7323329777777777	primary	0.72270929813385	0.888300478458405
T2D DIAMANTE 2022	CS1106	condition_supported_archetype	PAX/1		3-cyt	199	79	79.0	-0.061242	0.13518	0.67473	0.8327522676579926	primary	0.603980451822281	0.863198339939117
T2D DIAMANTE 2022	CS1107	condition_supported_archetype	PAX/1		Ex-4_HG	210	91	89.0	-0.17262	0.1351	0.8993	0.9448341772151898	primary	0.6215216517448425	0.884840548038483
T2D DIAMANTE 2022	CS1108	condition_supported_archetype	PAX/1		IFNg	151	61	60.0	0.03336	0.16283	0.41884	0.6653343540669856	primary	0.58858323097229	0.874784708023071
T2D DIAMANTE 2022	CS1109	condition_supported_archetype	PAX/1		dex	58	32	31.0	-0.59787	0.22617	0.99589	0.9988987311178249	primary	0.657171875238419	0.873393714427948
T2D DIAMANTE 2022	CS1110	condition_supported_archetype	PAX/1		palmitate	233	104	99.0	0.056976	0.12041	0.31805	0.5616627659574468	primary	0.619172811508179	0.886848926544189
T2D DIAMANTE 2022	CS1111	condition_supported_archetype	POU/1		3-cyt	138	53	51.0	0.0015828	0.17102	0.49631	0.7323329777777777	primary	0.579403877258301	0.805578112602234
T2D DIAMANTE 2022	CS1112	condition_supported_archetype	POU/1		Ex-4_HG	156	67	67.0	0.099352	0.14999	0.25386	0.48717641618497104	primary	0.573798954486847	0.836582362651825
T2D DIAMANTE 2022	CS1113	condition_supported_archetype	POU/1		IFNg	158	52	49.0	0.0069565	0.18342	0.48487	0.725120900900901	primary	0.586328446865082	0.85367226600647
T2D DIAMANTE 2022	CS1114	condition_supported_archetype	POU/1		dex	183	72	69.0	0.093672	0.15049	0.26683	0.5030081355932204	primary	0.5809544324874876	0.860019505023956
T2D DIAMANTE 2022	CS1115	condition_supported_archetype	POU/1		palmitate	198	83	80.0	0.24556	0.13484	0.034303	0.13398348235294116	primary	0.592648804187775	0.851416707038879
T2D DIAMANTE 2022	CS1116	condition_supported_archetype	POU/2		3-cyt	25	10	10.0	-0.094616	0.33578	0.61094	0.8048892063492065	exploratory	0.63469260931015	0.818462491035461
T2D DIAMANTE 2022	CS1117	condition_supported_archetype	POU/2		Ex-4_HG	21	8	8.0	0.15667	0.37445	0.33783	0.5811376165803109	insufficient	0.539002180099487	0.820080280303955
T2D DIAMANTE 2022	CS1118	condition_supported_archetype	POU/2		IFNg	18	8	8.0	0.014625	0.35605	0.48362	0.725120900900901	insufficient	0.5830300748348235	0.76196551322937
T2D DIAMANTE 2022	CS1119	condition_supported_archetype	POU/2		dex	16	5	5.0	0.49182	0.45966	0.14233	0.3424171014492754	insufficient	0.562781810760498	0.813852548599243
T2D DIAMANTE 2022	CS1120	condition_supported_archetype	POU/2		palmitate	29	9	9.0	-0.10213	0.41905	0.59627	0.7921520000000001	insufficient	0.645406126976013	0.857043206691742
T2D DIAMANTE 2022	CS1121	condition_supported_archetype	PRDM1		3-cyt	1251	683	664.0	0.0089068	0.045773	0.42286	0.6685215238095238	primary	0.670267045497894	0.890275716781616
T2D DIAMANTE 2022	CS1122	condition_supported_archetype	PRDM1		Ex-4_HG	145	78	77.0	-0.23695	0.13399	0.9615	0.9822092307692308	primary	0.640619397163391	0.896908521652222
T2D DIAMANTE 2022	CS1123	condition_supported_archetype	PRDM1		IFNg	925	514	501.0	-0.033022	0.053059	0.73314	0.8667790070921986	primary	0.6716074049472804	0.888131976127625
T2D DIAMANTE 2022	CS1124	condition_supported_archetype	PRDM1		dex	139	75	74.0	-0.12419	0.13469	0.82175	0.906755761589404	primary	0.654502213001251	0.882772862911224
T2D DIAMANTE 2022	CS1125	condition_supported_archetype	PRDM1		palmitate	255	150	148.0	-0.096727	0.093556	0.8494	0.9175488311688311	primary	0.673085629940033	0.885339081287384
T2D DIAMANTE 2022	CS1126	condition_supported_archetype	PRDM14		3-cyt	98	43	41.0	-0.081163	0.19695	0.65986	0.8248770037453182	primary	0.590948194265366	0.86260199546814
T2D DIAMANTE 2022	CS1127	condition_supported_archetype	PRDM14		Ex-4_HG	79	31	31.0	0.084257	0.19423	0.33222	0.57446375	primary	0.587248623371124	0.845297574996948
T2D DIAMANTE 2022	CS1128	condition_supported_archetype	PRDM14		IFNg	99	37	36.0	-0.17228	0.17641	0.8356	0.9155749174917491	primary	0.598420560359955	0.854369282722473
T2D DIAMANTE 2022	CS1129	condition_supported_archetype	PRDM14		dex	67	28	28.0	-0.19026	0.20859	0.81914	0.906755761589404	exploratory	0.586614608764648	0.831611394882202
T2D DIAMANTE 2022	CS1130	condition_supported_archetype	PRDM14		palmitate	88	37	36.0	0.054831	0.18686	0.3846	0.6313069950738918	primary	0.583304822444916	0.851239323616028
T2D DIAMANTE 2022	CS1131	condition_supported_archetype	REST/NRSF		3-cyt	1542	975	948.0	0.058819	0.039083	0.066175	0.20342685185185183	primary	0.699550628662109	0.903439342975616
T2D DIAMANTE 2022	CS1132	condition_supported_archetype	REST/NRSF		Ex-4_HG	1262	815	800.0	0.10769	0.042352	0.0055038	0.03262967142857143	primary	0.707054615020752	0.869700193405151
T2D DIAMANTE 2022	CS1133	condition_supported_archetype	REST/NRSF		IFNg	1835	1170	1141.0	0.073542	0.035737	0.019809	0.092628	primary	0.7045788466930385	0.873033046722412
T2D DIAMANTE 2022	CS1134	condition_supported_archetype	REST/NRSF		dex	885	544	536.0	0.074031	0.052508	0.079296	0.22892410434782612	primary	0.7082374095916746	0.898051381111145
T2D DIAMANTE 2022	CS1135	condition_supported_archetype	REST/NRSF		palmitate	1353	874	848.0	0.086733	0.04161	0.018568	0.08806537142857143	primary	0.703850567340851	0.889362514019012
T2D DIAMANTE 2022	CS1136	condition_supported_archetype	RFX/1		3-cyt	4904	3228	3147.0	0.066431	0.023294	0.0021761	0.014449303999999998	primary	0.7288143038749695	0.906948804855347
T2D DIAMANTE 2022	CS1137	condition_supported_archetype	RFX/1		Ex-4_HG	5300	3427	3349.0	0.050857	0.022831	0.012963	0.06724556250000001	primary	0.731323003768921	0.908117175102234
T2D DIAMANTE 2022	CS1138	condition_supported_archetype	RFX/1		IFNg	5030	3284	3200.0	0.055587	0.023061	0.0079725	0.044380653333333325	primary	0.7306165397167206	0.906091451644897
T2D DIAMANTE 2022	CS1139	condition_supported_archetype	RFX/1		dex	5921	3876	3781.0	0.053798	0.021711	0.0066119	0.0378474275862069	primary	0.730651915073395	0.904372751712799
T2D DIAMANTE 2022	CS1140	condition_supported_archetype	RFX/1		palmitate	5155	3317	3227.0	0.071558	0.022918	0.00089893	0.006782835454545455	primary	0.7338734567165375	0.903866350650787
T2D DIAMANTE 2022	CS1141	condition_supported_archetype	RFX/2		3-cyt	3381	1928	1860.0	0.042275	0.028895	0.071732	0.21352342857142856	primary	0.6827533543109889	0.904594838619232
T2D DIAMANTE 2022	CS1142	condition_supported_archetype	RFX/2		Ex-4_HG	3017	1731	1672.0	0.060377	0.030245	0.022962	0.10164511999999999	primary	0.679362773895264	0.905426561832428
T2D DIAMANTE 2022	CS1143	condition_supported_archetype	RFX/2		IFNg	3035	1715	1656.0	0.056609	0.030457	0.031547	0.12468576190476191	primary	0.672529011964798	0.906047880649567
T2D DIAMANTE 2022	CS1144	condition_supported_archetype	RFX/2		dex	3503	2023	1953.0	0.055439	0.028096	0.024245	0.10453688311688311	primary	0.681106805801392	0.900158703327179
T2D DIAMANTE 2022	CS1145	condition_supported_archetype	RFX/2		palmitate	3089	1771	1712.0	0.047999	0.029944	0.054483	0.17561510679611647	primary	0.678765177726746	0.903866350650787
T2D DIAMANTE 2022	CS1146	condition_supported_archetype	RFX/3		3-cyt	600	317	303.0	-0.024541	0.069257	0.63846	0.8185644444444444	primary	0.640281558036804	0.888085901737213
T2D DIAMANTE 2022	CS1147	condition_supported_archetype	RFX/3		Ex-4_HG	317	160	154.0	0.12736	0.09394	0.087594	0.2464509152542373	primary	0.6195442378520966	0.874197065830231
T2D DIAMANTE 2022	CS1148	condition_supported_archetype	RFX/3		IFNg	399	168	162.0	-0.09495	0.094403	0.84274	0.9164393464052288	primary	0.613645434379578	0.889798939228058
T2D DIAMANTE 2022	CS1149	condition_supported_archetype	RFX/3		dex	1587	877	855.0	0.06423	0.041399	0.060403	0.1874682990654206	primary	0.669545471668243	0.900884509086609
T2D DIAMANTE 2022	CS1150	condition_supported_archetype	RFX/3		palmitate	564	293	282.0	0.029654	0.071808	0.33982	0.5815476288659793	primary	0.6412322223186491	0.891317903995514
T2D DIAMANTE 2022	CS1151	condition_supported_archetype	SCRT1		3-cyt	4	3	2.0	1.4789	0.95294	0.060355	0.1874682990654206	insufficient	0.6052724123001101	0.70568436384201
T2D DIAMANTE 2022	CS1152	condition_supported_archetype	SCRT1		Ex-4_HG	6	2	2.0	0.27622	1.2037	0.40925	0.6532259615384616	insufficient	0.6035065948963165	0.763078510761261
T2D DIAMANTE 2022	CS1153	condition_supported_archetype	SCRT1		IFNg	10	5	5.0	0.59428	0.48809	0.11171	0.2881451162790698	insufficient	0.617979049682617	0.742700397968292
T2D DIAMANTE 2022	CS1154	condition_supported_archetype	SCRT1		dex	1	1						insufficient	0.687375903129578	0.687375903129578
T2D DIAMANTE 2022	CS1155	condition_supported_archetype	SCRT1		palmitate	8	2	2.0	1.1072	0.62218	0.037582	0.14039123595505618	insufficient	0.6636702418327329	0.737975895404816
T2D DIAMANTE 2022	CS1156	condition_supported_archetype	SMAD		3-cyt	948	431	421.0	0.05405	0.057229	0.17248	0.3922147945205479	primary	0.614988207817078	0.888947129249573
T2D DIAMANTE 2022	CS1157	condition_supported_archetype	SMAD		Ex-4_HG	947	434	429.0	0.071641	0.05716	0.10505	0.2812629032258065	primary	0.6144528985023501	0.891921281814575
T2D DIAMANTE 2022	CS1158	condition_supported_archetype	SMAD		IFNg	756	324	315.0	0.011741	0.066913	0.43036	0.6730912149532711	primary	0.607830047607422	0.882192492485046
T2D DIAMANTE 2022	CS1159	condition_supported_archetype	SMAD		dex	1876	969	944.0	0.046822	0.039555	0.11827	0.29369611940298507	primary	0.6374997794628146	0.890132308006287
T2D DIAMANTE 2022	CS1160	condition_supported_archetype	SMAD		palmitate	1145	518	512.0	0.088338	0.052753	0.047022	0.16200915463917526	primary	0.621541440486908	0.894421756267548
T2D DIAMANTE 2022	CS1161	condition_supported_archetype	SNAI2		3-cyt	4	2	2.0	1.4222	0.91674	0.060419	0.1874682990654206	insufficient	0.6001589000225069	0.6988126039505
T2D DIAMANTE 2022	CS1162	condition_supported_archetype	SNAI2		Ex-4_HG	0	0						insufficient		
T2D DIAMANTE 2022	CS1163	condition_supported_archetype	SNAI2		IFNg	0	0						insufficient		
T2D DIAMANTE 2022	CS1164	condition_supported_archetype	SNAI2		dex	3	1						insufficient	0.545115947723389	0.670902788639069
T2D DIAMANTE 2022	CS1165	condition_supported_archetype	SNAI2		palmitate	0	0						insufficient		
T2D DIAMANTE 2022	CS1166	condition_supported_archetype	SOX/8		3-cyt	19	10	10.0	-0.332	0.42509	0.7826	0.8928632302405498	exploratory	0.651543080806732	0.804618716239929
T2D DIAMANTE 2022	CS1167	condition_supported_archetype	SOX/8		Ex-4_HG	25	13	13.0	-0.28604	0.27459	0.85122	0.9175488311688311	exploratory	0.641948878765106	0.859414994716644
T2D DIAMANTE 2022	CS1168	condition_supported_archetype	SOX/8		IFNg	9	7	7.0	0.77673	0.45021	0.042249	0.15223806451612903	insufficient	0.608913540840149	0.661765158176422
T2D DIAMANTE 2022	CS1169	condition_supported_archetype	SOX/8		dex	2	0						insufficient	0.6740184128284454	0.723769307136536
T2D DIAMANTE 2022	CS1170	condition_supported_archetype	SOX/8		palmitate	19	15	15.0	-0.65149	0.2989	0.98535	0.9988987311178249	exploratory	0.6631138920784	0.853763937950134
T2D DIAMANTE 2022	CS1171	condition_supported_archetype	TFAP2/2		3-cyt	299	204	200.0	-0.072126	0.081975	0.81052	0.906755761589404	primary	0.758923768997192	0.905113160610199
T2D DIAMANTE 2022	CS1172	condition_supported_archetype	TFAP2/2		Ex-4_HG	299	219	211.0	0.063947	0.078173	0.20668	0.4329154716981132	primary	0.761956572532654	0.897905945777893
T2D DIAMANTE 2022	CS1173	condition_supported_archetype	TFAP2/2		IFNg	277	190	185.0	0.033668	0.085158	0.34629	0.5865728571428571	primary	0.755224943161011	0.896214604377747
T2D DIAMANTE 2022	CS1174	condition_supported_archetype	TFAP2/2		dex	360	245	239.0	0.019971	0.072889	0.39205	0.6380421568627451	primary	0.7432058453559875	0.902558624744415
T2D DIAMANTE 2022	CS1175	condition_supported_archetype	TFAP2/2		palmitate	306	222	216.0	0.0087442	0.077421	0.45504	0.6961902304147466	primary	0.7720161974430084	0.900481164455414
T2D DIAMANTE 2022	CS1176	condition_supported_archetype	YY1		3-cyt	4226	2788	2681.0	0.098941	0.024928	3.625e-05	0.0005014583333333334	primary	0.7446131706237795	0.905927121639252
T2D DIAMANTE 2022	CS1177	condition_supported_archetype	YY1		Ex-4_HG	4068	2682	2581.0	0.099713	0.025076	3.513e-05	0.0005014583333333334	primary	0.747418999671936	0.903911292552948
T2D DIAMANTE 2022	CS1178	condition_supported_archetype	YY1		IFNg	3323	2172	2091.0	0.10001	0.027661	0.00015031	0.0016634306666666666	primary	0.7401464879512785	0.892946481704712
T2D DIAMANTE 2022	CS1179	condition_supported_archetype	YY1		dex	4226	2749	2641.0	0.10095	0.025145	2.9864e-05	0.00045067490909090913	primary	0.740224182605743	0.902968883514404
T2D DIAMANTE 2022	CS1180	condition_supported_archetype	YY1		palmitate	4547	3000	2879.0	0.087407	0.024353	0.00016638	0.0016923951515151515	primary	0.745699852705002	0.903426826000214
T2D DIAMANTE 2022	CS1181	condition_supported_archetype	ZBTB14		3-cyt	6044	4041	3935.0	0.090415	0.021903	1.8393e-05	0.00030532380000000003	primary	0.750460654497147	0.912147164344788
T2D DIAMANTE 2022	CS1182	condition_supported_archetype	ZBTB14		Ex-4_HG	6318	4222	4106.0	0.067876	0.021359	0.00074313	0.005737654883720931	primary	0.747933864593506	0.908117175102234
T2D DIAMANTE 2022	CS1183	condition_supported_archetype	ZBTB14		IFNg	6237	4190	4076.0	0.078217	0.021319	0.00012217	0.0013986358620689655	primary	0.750632762908936	0.906119525432587
T2D DIAMANTE 2022	CS1184	condition_supported_archetype	ZBTB14		dex	7641	5152	5011.0	0.069659	0.019993	0.00024745	0.00234724	primary	0.7479358017444611	0.908047795295715
T2D DIAMANTE 2022	CS1185	condition_supported_archetype	ZBTB14		palmitate	6539	4408	4289.0	0.057843	0.021054	0.0030078	0.01924450769230769	primary	0.750191122293472	0.911694645881653
T2D DIAMANTE 2022	CS1186	condition_supported_archetype	ZIC/2		3-cyt	423	290	290.0	0.1342	0.069359	0.02651	0.1127287088607595	primary	0.707953631877899	0.871950745582581
T2D DIAMANTE 2022	CS1187	condition_supported_archetype	ZIC/2		Ex-4_HG	342	228	226.0	0.095468	0.079757	0.11567	0.29314839694656486	primary	0.7200843691825864	0.877605497837067
T2D DIAMANTE 2022	CS1188	condition_supported_archetype	ZIC/2		IFNg	210	149	149.0	0.096677	0.097299	0.16021	0.37057194444444447	primary	0.7157602310180664	0.871949791908264
T2D DIAMANTE 2022	CS1189	condition_supported_archetype	ZIC/2		dex	331	230	227.0	0.11221	0.082483	0.086866	0.2464509152542373	primary	0.722308993339539	0.889651536941528
T2D DIAMANTE 2022	CS1190	condition_supported_archetype	ZIC/2		palmitate	288	198	198.0	0.073548	0.087638	0.20068	0.4270882051282051	primary	0.712354302406311	0.88360857963562
T2D DIAMANTE 2022	CS1191	condition_supported_archetype	ZNF136		3-cyt	92	71	69.0	-0.022135	0.14302	0.5615	0.7735186721991701	primary	0.7942965626716615	0.885895669460297
T2D DIAMANTE 2022	CS1192	condition_supported_archetype	ZNF136		Ex-4_HG	95	71	69.0	-0.036299	0.14283	0.6003	0.7940223107569719	primary	0.790742754936218	0.894251644611359
T2D DIAMANTE 2022	CS1193	condition_supported_archetype	ZNF136		IFNg	96	73	70.0	-0.0018894	0.14175	0.50532	0.7390583259911895	primary	0.7981871664524075	0.883941769599915
T2D DIAMANTE 2022	CS1194	condition_supported_archetype	ZNF136		dex	106	78	76.0	-0.072325	0.13551	0.70323	0.8507981159420289	primary	0.78330659866333	0.894507110118866
T2D DIAMANTE 2022	CS1195	condition_supported_archetype	ZNF136		palmitate	75	57	54.0	0.087094	0.15997	0.29307	0.5304103783783783	primary	0.781765878200531	0.892507076263428
T2D DIAMANTE 2022	CS1196	condition_supported_archetype	ZNF143		3-cyt	403	262	254.0	0.011956	0.071787	0.43386	0.6730912149532711	primary	0.7518966495990755	0.896879851818085
T2D DIAMANTE 2022	CS1197	condition_supported_archetype	ZNF143		Ex-4_HG	347	227	218.0	0.013153	0.076343	0.43161	0.6730912149532711	primary	0.751112878322601	0.894257366657257
T2D DIAMANTE 2022	CS1198	condition_supported_archetype	ZNF143		IFNg	245	167	164.0	0.059198	0.088971	0.25291	0.48717641618497104	primary	0.794826686382294	0.884902477264404
T2D DIAMANTE 2022	CS1199	condition_supported_archetype	ZNF143		dex	398	268	262.0	-0.0041191	0.070125	0.52342	0.7426300854700855	primary	0.77501505613327	0.893142223358154
T2D DIAMANTE 2022	CS1200	condition_supported_archetype	ZNF143		palmitate	401	275	268.0	-0.085165	0.070853	0.88531	0.9420606410256411	primary	0.748221635818481	0.8846435546875
T2D DIAMANTE 2022	CS1201	condition_supported_archetype	ZNF28		3-cyt	12	3	3.0	-0.5742	0.77672	0.77012	0.8847053287197232	insufficient	0.5552958846092224	0.805578112602234
T2D DIAMANTE 2022	CS1202	condition_supported_archetype	ZNF28		Ex-4_HG	11	3	3.0	-0.72628	0.77766	0.82482	0.906755761589404	insufficient	0.622401058673859	0.791074216365814
T2D DIAMANTE 2022	CS1203	condition_supported_archetype	ZNF28		IFNg	9	2	2.0	0.26321	0.90841	0.38601	0.6313069950738918	insufficient	0.650815904140472	0.779289841651917
T2D DIAMANTE 2022	CS1204	condition_supported_archetype	ZNF28		dex	4	2	2.0	-0.027474	0.55808	0.51963	0.7426300854700855	insufficient	0.6286019086837771	0.71967351436615
T2D DIAMANTE 2022	CS1205	condition_supported_archetype	ZNF28		palmitate	13	5	5.0	0.34204	0.46877	0.23281	0.4628318562874251	insufficient	0.67422342300415	0.822833478450775
T2D DIAMANTE 2022	CS1206	condition_supported_archetype	ZNF317		3-cyt	41	11	11.0	-0.31264	0.34627	0.8167	0.906755761589404	exploratory	0.601597428321838	0.825563311576843
T2D DIAMANTE 2022	CS1207	condition_supported_archetype	ZNF317		Ex-4_HG	38	13	13.0	-0.34685	0.37211	0.82435	0.906755761589404	exploratory	0.6281090378761289	0.859414994716644
T2D DIAMANTE 2022	CS1208	condition_supported_archetype	ZNF317		IFNg	47	16	13.0	-0.89008	0.35105	0.99438	0.9988987311178249	exploratory	0.609696984291077	0.858214139938354
T2D DIAMANTE 2022	CS1209	condition_supported_archetype	ZNF317		dex	121	61	58.0	-0.052356	0.17126	0.62009	0.8105113385826772	primary	0.591921389102936	0.867295980453491
T2D DIAMANTE 2022	CS1210	condition_supported_archetype	ZNF317		palmitate	46	16	16.0	-0.24035	0.30399	0.78542	0.8930117808219178	exploratory	0.6147386133670805	0.858842134475708
T2D DIAMANTE 2022	CS1211	condition_supported_archetype	ZNF331		3-cyt	248	123	118.0	0.19205	0.10963	0.039905	0.14720511111111112	primary	0.608315885066986	0.865274965763092
T2D DIAMANTE 2022	CS1212	condition_supported_archetype	ZNF331		Ex-4_HG	250	106	103.0	0.19017	0.11378	0.047334	0.16200915463917526	primary	0.623534858226776	0.882136762142181
T2D DIAMANTE 2022	CS1213	condition_supported_archetype	ZNF331		IFNg	197	83	82.0	0.081003	0.12495	0.25841	0.4902406857142857	primary	0.6183260381221776	0.878472506999969
T2D DIAMANTE 2022	CS1214	condition_supported_archetype	ZNF331		dex	410	222	212.0	0.062393	0.079314	0.21575	0.44490062111801243	primary	0.634266018867493	0.879579722881317
T2D DIAMANTE 2022	CS1215	condition_supported_archetype	ZNF331		palmitate	302	147	141.0	-0.0067618	0.097434	0.52766	0.745460085106383	primary	0.618593752384186	0.860459804534912
T2D DIAMANTE 2022	CS1216	condition_supported_archetype	ZNF335		3-cyt	36	18	18.0	-0.12021	0.29844	0.65645	0.8248770037453182	exploratory	0.623068690299988	0.849705159664154
T2D DIAMANTE 2022	CS1217	condition_supported_archetype	ZNF335		Ex-4_HG	35	20	20.0	-0.17069	0.25788	0.74598	0.8689345454545454	exploratory	0.577569425106049	0.852603495121002
T2D DIAMANTE 2022	CS1218	condition_supported_archetype	ZNF335		IFNg	33	13	13.0	0.041571	0.3598	0.45401	0.6961902304147466	exploratory	0.5866319537162785	0.849427759647369
T2D DIAMANTE 2022	CS1219	condition_supported_archetype	ZNF335		dex	49	21	20.0	-0.64492	0.27934	0.98951	0.9988987311178249	exploratory	0.622377455234528	0.851521372795105
T2D DIAMANTE 2022	CS1220	condition_supported_archetype	ZNF335		palmitate	36	19	18.0	-0.098823	0.28175	0.63711	0.8185644444444444	exploratory	0.6373928785324094	0.852113664150238
T2D DIAMANTE 2022	CS1221	condition_supported_archetype	ZNF436		3-cyt	104	56	55.0	0.14453	0.15389	0.17383	0.39259564625850346	primary	0.736478924751282	0.878658413887024
T2D DIAMANTE 2022	CS1222	condition_supported_archetype	ZNF436		Ex-4_HG	97	63	60.0	0.11544	0.14526	0.21341	0.44282575	primary	0.728058695793152	0.89593517780304
T2D DIAMANTE 2022	CS1223	condition_supported_archetype	ZNF436		IFNg	83	53	53.0	0.040469	0.16031	0.40035	0.6436309178743961	primary	0.707528352737427	0.872421085834503
T2D DIAMANTE 2022	CS1224	condition_supported_archetype	ZNF436		dex	78	46	46.0	-0.08995	0.15902	0.71419	0.8529175539568344	primary	0.735381692647934	0.884407639503479
T2D DIAMANTE 2022	CS1225	condition_supported_archetype	ZNF436		palmitate	102	67	66.0	0.16437	0.15437	0.1435	0.3427482014388489	primary	0.7244414687156675	0.885389626026154
T2D DIAMANTE 2022	CS1226	condition_supported_archetype	ZNF563		3-cyt	73	45	45.0	0.23215	0.18704	0.10728	0.28493567999999997	primary	0.690402746200562	0.861122965812683
T2D DIAMANTE 2022	CS1227	condition_supported_archetype	ZNF563		Ex-4_HG	63	38	37.0	0.15306	0.19758	0.21928	0.4466316564417178	primary	0.70292466878891	0.891436576843262
T2D DIAMANTE 2022	CS1228	condition_supported_archetype	ZNF563		IFNg	87	59	59.0	0.10211	0.16513	0.26817	0.5030081355932204	primary	0.713633000850677	0.867203414440155
T2D DIAMANTE 2022	CS1229	condition_supported_archetype	ZNF563		dex	20	15	14.0	0.23973	0.27323	0.19015	0.41261307189542484	exploratory	0.7096122801303865	0.78912889957428
T2D DIAMANTE 2022	CS1230	condition_supported_archetype	ZNF563		palmitate	100	69	69.0	-0.07156	0.14128	0.69375	0.8440218315018316	primary	0.7243131101131435	0.874432384967804
T2D DIAMANTE 2022	CS1231	condition_supported_archetype	ZNF708		3-cyt	0	0						insufficient		
T2D DIAMANTE 2022	CS1232	condition_supported_archetype	ZNF708		Ex-4_HG	0	0						insufficient		
T2D DIAMANTE 2022	CS1233	condition_supported_archetype	ZNF708		IFNg	1	0						insufficient	0.618005514144897	0.618005514144897
T2D DIAMANTE 2022	CS1234	condition_supported_archetype	ZNF708		dex	0	0						insufficient		
T2D DIAMANTE 2022	CS1235	condition_supported_archetype	ZNF708		palmitate	0	0						insufficient		
