TF	condition	database	n_query_genes	n_positive_rho_genes	n_negative_rho_genes	n_background_genes	n_pathways_tested	query_status	n_pathways_with_overlap	n_pathways_FDR_lt_0.05	minimum_P	minimum_BH_FDR
AR	3-cyt	GO_BP	160	98	61	20749	5392	testable	893	0	0.0002379236500128509	1.0
AR	3-cyt	Hallmark	160	98	61	20749	50	testable	31	0	0.03527647052511886	1.0
AR	3-cyt	Reactome	160	98	61	20749	1816	testable	446	0	0.0037071690052666965	1.0
AR	Ex-4_HG	GO_BP	100	43	53	20749	5392	testable	692	0	0.0008098157661999453	1.0
AR	Ex-4_HG	Hallmark	100	43	53	20749	50	testable	22	0	0.004042034490168643	0.14245339201537818
AR	Ex-4_HG	Reactome	100	43	53	20749	1816	testable	250	0	0.0010090900468958676	0.8423970775092906
AR	IFNg	GO_BP	130	88	40	20749	5392	testable	720	0	0.001064120682956626	1.0
AR	IFNg	Hallmark	130	88	40	20749	50	testable	30	0	0.002793675766570709	0.12064135243505952
AR	IFNg	Reactome	130	88	40	20749	1816	testable	310	0	0.001696198536122892	1.0
AR	dex	GO_BP	131	73	57	20749	5392	testable	562	0	0.0003971118418950619	1.0
AR	dex	Hallmark	131	73	57	20749	50	testable	24	0	0.021136470406917903	1.0
AR	dex	Reactome	131	73	57	20749	1816	testable	394	0	0.0002353885996369457	0.4274656969406934
AR	palmitate	GO_BP	175	114	56	20749	5392	testable	897	0	0.00041968626607043495	1.0
AR	palmitate	Hallmark	175	114	56	20749	50	testable	28	0	0.002255712215152847	0.11278561075764235
AR	palmitate	Reactome	175	114	56	20749	1816	testable	410	0	0.0006955938485211968	1.0
ARID3A	3-cyt	GO_BP	93	59	33	20749	5392	testable	381	0	5.663707173424643e-05	0.30538709079105675
ARID3A	3-cyt	Hallmark	93	59	33	20749	50	testable	16	0	0.17066980733765424	1.0
ARID3A	3-cyt	Reactome	93	59	33	20749	1816	testable	281	0	0.008944412883111189	1.0
ARID3A	Ex-4_HG	GO_BP	132	69	59	20749	5392	testable	758	0	0.0011941999519231486	1.0
ARID3A	Ex-4_HG	Hallmark	132	69	59	20749	50	testable	23	0	0.07995644539235605	1.0
ARID3A	Ex-4_HG	Reactome	132	69	59	20749	1816	testable	385	0	0.000247906939153128	0.44608734408223494
ARID3A	IFNg	GO_BP	13	11	0	20749	5392	testable	89	0	2.2609123831448594e-05	0.12190839569917082
ARID3A	IFNg	Hallmark	13	11	0	20749	50	testable	8	0	0.0019078158307236864	0.09539079153618432
ARID3A	IFNg	Reactome	13	11	0	20749	1816	testable	49	0	0.0062490786112404835	1.0
ARID3A	dex	GO_BP	139	103	35	20749	5392	testable	774	0	0.0006566793068399584	1.0
ARID3A	dex	Hallmark	139	103	35	20749	50	testable	29	0	0.007856745273086435	0.24369764779471909
ARID3A	dex	Reactome	139	103	35	20749	1816	testable	452	1	1.2845862198500024e-05	0.023328085752476045
ARID3A	palmitate	GO_BP	113	89	19	20749	5392	testable	843	0	3.409344580120357e-05	0.18383185976008964
ARID3A	palmitate	Hallmark	113	89	19	20749	50	testable	25	0	0.003291589701792662	0.1645794850896331
ARID3A	palmitate	Reactome	113	89	19	20749	1816	testable	390	5	5.140489187026938e-06	0.00933512836364092
ARID3B	3-cyt	GO_BP	116	54	61	20749	5392	testable	635	0	0.0001618203614468383	0.8725353889213521
ARID3B	3-cyt	Hallmark	116	54	61	20749	50	testable	30	0	0.09902730892498464	1.0
ARID3B	3-cyt	Reactome	116	54	61	20749	1816	testable	351	0	0.0010626427961940986	1.0
ARID3B	Ex-4_HG	GO_BP	136	85	47	20749	5392	testable	542	0	0.0004209979542428555	1.0
ARID3B	Ex-4_HG	Hallmark	136	85	47	20749	50	testable	24	0	0.05815664447804283	1.0
ARID3B	Ex-4_HG	Reactome	136	85	47	20749	1816	testable	269	0	0.0060914447509721895	1.0
ARID3B	IFNg	GO_BP	10	4	4	20749	5392	testable	67	0	0.0001534460548858801	0.8256520202072596
ARID3B	IFNg	Hallmark	10	4	4	20749	50	testable	8	0	0.02478601056214325	0.46004128670124816
ARID3B	IFNg	Reactome	10	4	4	20749	1816	testable	15	0	0.004810111381630942	1.0
ARID3B	dex	GO_BP	160	121	38	20749	5392	testable	840	0	0.0012098279498310193	1.0
ARID3B	dex	Hallmark	160	121	38	20749	50	testable	24	0	0.00870582715759666	0.43529135787983303
ARID3B	dex	Reactome	160	121	38	20749	1816	testable	361	0	0.0028847144391841153	1.0
ARID3B	palmitate	GO_BP	141	86	50	20749	5392	testable	757	0	0.00016122586611562857	0.7179785335673367
ARID3B	palmitate	Hallmark	141	86	50	20749	50	testable	28	0	0.048751259267712885	1.0
ARID3B	palmitate	Reactome	141	86	50	20749	1816	testable	383	0	0.0008885267274444976	1.0
ARNT	3-cyt	GO_BP	91	40	50	20749	5392	testable	366	0	0.000523614628864353	1.0
ARNT	3-cyt	Hallmark	91	40	50	20749	50	testable	23	0	0.030309141304937726	1.0
ARNT	3-cyt	Reactome	91	40	50	20749	1816	testable	239	0	0.00011349443043914759	0.20610588567749202
ARNT	Ex-4_HG	GO_BP	147	69	74	20749	5392	testable	815	0	0.0013573821635782294	1.0
ARNT	Ex-4_HG	Hallmark	147	69	74	20749	50	testable	29	0	0.02396335294289233	0.6536212777448857
ARNT	Ex-4_HG	Reactome	147	69	74	20749	1816	testable	406	0	0.004290157583768401	1.0
ARNT	IFNg	GO_BP	147	64	81	20749	5392	testable	601	0	0.0012293726656871973	1.0
ARNT	IFNg	Hallmark	147	64	81	20749	50	testable	20	0	0.005395988871285547	0.2697994435642774
ARNT	IFNg	Reactome	147	64	81	20749	1816	testable	382	0	0.0021921240039246438	1.0
ARNT	dex	GO_BP	201	102	98	20749	5392	testable	641	0	0.005781406239153842	1.0
ARNT	dex	Hallmark	201	102	98	20749	50	testable	35	0	0.0137228555065971	0.686142775329855
ARNT	dex	Reactome	201	102	98	20749	1816	testable	655	0	0.0005509449666952703	1.0
ARNT	palmitate	GO_BP	85	21	59	20749	5392	testable	679	0	7.628121645939365e-05	0.21722430298450565
ARNT	palmitate	Hallmark	85	21	59	20749	50	testable	27	0	0.017361392172845904	0.6640645186254108
ARNT	palmitate	Reactome	85	21	59	20749	1816	testable	307	0	0.00016114562535942556	0.2926404556527168
ARX	3-cyt	GO_BP	56	34	21	20749	5392	testable	455	0	7.117295573947877e-05	0.38376457734726954
ARX	3-cyt	Hallmark	56	34	21	20749	50	testable	18	0	0.046187861458569075	1.0
ARX	3-cyt	Reactome	56	34	21	20749	1816	testable	264	0	0.0014537493692850882	1.0
ARX	Ex-4_HG	GO_BP	143	93	46	20749	5392	testable	716	0	0.00014086401560293784	0.7595387721310408
ARX	Ex-4_HG	Hallmark	143	93	46	20749	50	testable	31	0	0.0139357184704217	0.6018548525371451
ARX	Ex-4_HG	Reactome	143	93	46	20749	1816	testable	331	0	0.0016450174148944497	1.0
ARX	IFNg	GO_BP	198	117	79	20749	5392	testable	941	0	0.0007558179403608704	1.0
ARX	IFNg	Hallmark	198	117	79	20749	50	testable	36	2	0.001486670541958237	0.04401709364632899
ARX	IFNg	Reactome	198	117	79	20749	1816	testable	476	0	0.0076455882469933225	1.0
ARX	dex	GO_BP	208	147	60	20749	5392	testable	839	0	0.00029805553132769775	0.7982428565448355
ARX	dex	Hallmark	208	147	60	20749	50	testable	30	0	0.12255929644781736	1.0
ARX	dex	Reactome	208	147	60	20749	1816	testable	346	0	0.00015440217839929424	0.28039435597311835
ARX	palmitate	GO_BP	178	102	71	20749	5392	testable	983	0	0.0007195079111387846	1.0
ARX	palmitate	Hallmark	178	102	71	20749	50	testable	29	0	0.004811622591902998	0.12604058502970067
ARX	palmitate	Reactome	178	102	71	20749	1816	testable	423	0	0.001242555643492831	1.0
ATF1	3-cyt	GO_BP	61	40	20	20749	5392	testable	427	0	0.00017685116480017817	0.5836392711618842
ATF1	3-cyt	Hallmark	61	40	20	20749	50	testable	18	0	0.012893868418505764	0.6446934209252883
ATF1	3-cyt	Reactome	61	40	20	20749	1816	testable	324	0	0.0012619229258347226	0.7677257457331884
ATF1	Ex-4_HG	GO_BP	140	87	49	20749	5392	testable	776	0	5.422420616885115e-05	0.2923769196624454
ATF1	Ex-4_HG	Hallmark	140	87	49	20749	50	testable	24	0	0.0056087053941493315	0.2804352697074666
ATF1	Ex-4_HG	Reactome	140	87	49	20749	1816	testable	352	0	0.0014143539242617172	1.0
ATF1	IFNg	GO_BP	11	8	1	20749	5392	testable	100	0	0.0021190514677537106	1.0
ATF1	IFNg	Hallmark	11	8	1	20749	50	testable	9	0	0.02723121657364376	0.49163176419101123
ATF1	IFNg	Reactome	11	8	1	20749	1816	testable	69	0	0.0052899753522281335	1.0
ATF1	dex	GO_BP	153	79	73	20749	5392	testable	826	0	0.00016127627769450757	0.8653847082389329
ATF1	dex	Hallmark	153	79	73	20749	50	testable	32	0	0.019208128931077817	0.9604064465538908
ATF1	dex	Reactome	153	79	73	20749	1816	testable	369	0	0.0028441780611787983	1.0
ATF1	palmitate	GO_BP	175	98	72	20749	5392	testable	689	0	0.0019154469519687375	1.0
ATF1	palmitate	Hallmark	175	98	72	20749	50	testable	28	0	0.06624212417854625	1.0
ATF1	palmitate	Reactome	175	98	72	20749	1816	testable	291	0	0.0024490817926923533	1.0
ATF2	3-cyt	GO_BP	88	56	31	20749	5392	testable	372	0	0.0001763697891790144	0.9509859032532457
ATF2	3-cyt	Hallmark	88	56	31	20749	50	testable	10	0	0.008621467761648403	0.43107338808242013
ATF2	3-cyt	Reactome	88	56	31	20749	1816	testable	239	0	0.005826436451274908	1.0
ATF2	Ex-4_HG	GO_BP	159	57	98	20749	5392	testable	1028	0	0.00022979905422111568	0.7747919208796197
ATF2	Ex-4_HG	Hallmark	159	57	98	20749	50	testable	35	0	0.019304144950952538	0.8820158065640533
ATF2	Ex-4_HG	Reactome	159	57	98	20749	1816	testable	427	0	0.003662005267024426	1.0
ATF2	IFNg	GO_BP	91	36	53	20749	5392	testable	839	0	4.3849255314843526e-05	0.11053626138567821
ATF2	IFNg	Hallmark	91	36	53	20749	50	testable	27	0	0.0091954908312013	0.459774541560065
ATF2	IFNg	Reactome	91	36	53	20749	1816	testable	295	0	0.0001886167710593078	0.34252805624370297
ATF2	dex	GO_BP	86	32	53	20749	5392	testable	346	0	0.004059654786827162	1.0
ATF2	dex	Hallmark	86	32	53	20749	50	testable	19	0	0.07520278227160275	1.0
ATF2	dex	Reactome	86	32	53	20749	1816	testable	273	0	0.002488266891347927	1.0
ATF2	palmitate	GO_BP	48	9	34	20749	5392	testable	303	0	0.0007399266270672952	1.0
ATF2	palmitate	Hallmark	48	9	34	20749	50	testable	18	0	0.05468634563646643	0.9604414700038086
ATF2	palmitate	Reactome	48	9	34	20749	1816	testable	156	0	0.0038647038061240652	1.0
ATF3	3-cyt	GO_BP	121	74	46	20749	5392	testable	693	0	0.0004982341286217928	1.0
ATF3	3-cyt	Hallmark	121	74	46	20749	50	testable	27	0	0.04293811285971933	0.7742123568491381
ATF3	3-cyt	Reactome	121	74	46	20749	1816	testable	373	0	0.010003445890887324	1.0
ATF3	Ex-4_HG	GO_BP	149	87	58	20749	5392	testable	964	0	0.0005050206917770592	1.0
ATF3	Ex-4_HG	Hallmark	149	87	58	20749	50	testable	33	1	0.0005584971607645905	0.027924858038229524
ATF3	Ex-4_HG	Reactome	149	87	58	20749	1816	testable	317	0	0.003863013162739805	1.0
ATF3	IFNg	GO_BP	155	119	34	20749	5392	testable	870	0	0.000329420534620614	0.5920785075581169
ATF3	IFNg	Hallmark	155	119	34	20749	50	testable	39	0	0.027463977704342796	0.4947533338611825
ATF3	IFNg	Reactome	155	119	34	20749	1816	testable	460	0	0.00784285714757465	1.0
ATF3	dex	GO_BP	170	106	63	20749	5392	testable	756	0	0.0022314222124907622	1.0
ATF3	dex	Hallmark	170	106	63	20749	50	testable	30	0	0.020648879074481662	0.6904320188524308
ATF3	dex	Reactome	170	106	63	20749	1816	testable	523	0	0.001657319869026541	1.0
ATF3	palmitate	GO_BP	128	47	76	20749	5392	testable	763	0	3.343844337767611e-05	0.18030008669242956
ATF3	palmitate	Hallmark	128	47	76	20749	50	testable	35	0	0.004289982130980552	0.21449910654902762
ATF3	palmitate	Reactome	128	47	76	20749	1816	testable	313	0	0.0021601714576339874	1.0
ATF7	3-cyt	GO_BP	202	97	104	20749	5392	testable	927	0	0.0025407639355987254	1.0
ATF7	3-cyt	Hallmark	202	97	104	20749	50	testable	24	0	0.006891895718620033	0.3445947859310016
ATF7	3-cyt	Reactome	202	97	104	20749	1816	testable	338	0	0.009735408935582878	1.0
ATF7	Ex-4_HG	GO_BP	160	72	84	20749	5392	testable	822	0	0.0012098279498310193	1.0
ATF7	Ex-4_HG	Hallmark	160	72	84	20749	50	testable	29	0	0.004615276397290756	0.23076381986453778
ATF7	Ex-4_HG	Reactome	160	72	84	20749	1816	testable	448	0	0.005412012741461999	1.0
ATF7	IFNg	GO_BP	144	39	103	20749	5392	testable	749	0	0.0005798347022989625	1.0
ATF7	IFNg	Hallmark	144	39	103	20749	50	testable	24	0	0.0011585091767333585	0.05792545883666792
ATF7	IFNg	Reactome	144	39	103	20749	1816	testable	245	0	0.013832354272674707	1.0
ATF7	dex	GO_BP	157	66	90	20749	5392	testable	817	0	0.0003767519264165495	1.0
ATF7	dex	Hallmark	157	66	90	20749	50	testable	29	0	0.004150690361787009	0.20753451808935042
ATF7	dex	Reactome	157	66	90	20749	1816	testable	641	0	0.0003379608820113913	0.6137369617326865
ATF7	palmitate	GO_BP	189	48	136	20749	5392	testable	927	0	0.0002514603470031737	1.0
ATF7	palmitate	Hallmark	189	48	136	20749	50	testable	31	0	0.039343155761060705	1.0
ATF7	palmitate	Reactome	189	48	136	20749	1816	testable	510	0	0.00018691864639447018	0.22286574968126038
BACH1	3-cyt	GO_BP	167	120	46	20749	5392	testable	877	0	1.885654729064737e-05	0.10167450299117062
BACH1	3-cyt	Hallmark	167	120	46	20749	50	testable	30	4	3.310283583878499e-19	1.6551417919392495e-17
BACH1	3-cyt	Reactome	167	120	46	20749	1816	testable	490	5	5.926790849390933e-09	1.0763052182493935e-05
BACH1	Ex-4_HG	GO_BP	61	36	21	20749	5392	testable	497	0	1.9117478117822525e-05	0.06430572356904624
BACH1	Ex-4_HG	Hallmark	61	36	21	20749	50	testable	25	0	0.0025995837796065997	0.09157210698860097
BACH1	Ex-4_HG	Reactome	61	36	21	20749	1816	testable	128	0	0.00318148265217698	1.0
BACH1	IFNg	GO_BP	195	151	42	20749	5392	testable	1094	0	1.5529002867578614e-05	0.08373238346198389
BACH1	IFNg	Hallmark	195	151	42	20749	50	testable	39	1	0.0005740311538806294	0.02870155769403147
BACH1	IFNg	Reactome	195	151	42	20749	1816	testable	433	0	0.00016893110409518913	0.30677888503686346
BACH1	dex	GO_BP	166	90	75	20749	5392	testable	751	0	0.00018986510928962463	1.0
BACH1	dex	Hallmark	166	90	75	20749	50	testable	28	0	0.0035949433721197584	0.10895550581625624
BACH1	dex	Reactome	166	90	75	20749	1816	testable	319	0	0.0009344147370979639	1.0
BACH1	palmitate	GO_BP	179	85	89	20749	5392	testable	887	0	0.0033733794192991836	1.0
BACH1	palmitate	Hallmark	179	85	89	20749	50	testable	29	0	0.0010754842737797123	0.05377421368898561
BACH1	palmitate	Reactome	179	85	89	20749	1816	testable	459	0	0.003319070471943066	1.0
BACH2	3-cyt	GO_BP	54	30	23	20749	5392	testable	421	0	0.0016240200223680739	1.0
BACH2	3-cyt	Hallmark	54	30	23	20749	50	testable	21	0	0.008088968137091044	0.20069130681432376
BACH2	3-cyt	Reactome	54	30	23	20749	1816	testable	205	0	0.008415252078426345	1.0
BACH2	Ex-4_HG	GO_BP	187	127	56	20749	5392	testable	959	0	0.00012893119607299786	0.5744693138003389
BACH2	Ex-4_HG	Hallmark	187	127	56	20749	50	testable	37	0	0.032451203052143496	0.869085918718959
BACH2	Ex-4_HG	Reactome	187	127	56	20749	1816	testable	339	0	0.0034668107174731042	1.0
BACH2	IFNg	GO_BP	179	76	101	20749	5392	testable	866	0	0.0002207718754173767	1.0
BACH2	IFNg	Hallmark	179	76	101	20749	50	testable	35	0	0.002525084707465858	0.1262542353732929
BACH2	IFNg	Reactome	179	76	101	20749	1816	testable	411	0	0.008202672278994532	1.0
BACH2	dex	GO_BP	174	82	91	20749	5392	testable	903	0	0.0008144546170232493	1.0
BACH2	dex	Hallmark	174	82	91	20749	50	testable	38	0	0.002262331016026595	0.11311655080132973
BACH2	dex	Reactome	174	82	91	20749	1816	testable	445	0	0.0006877107747387157	0.8238203243075057
BACH2	palmitate	GO_BP	148	112	31	20749	5392	testable	849	0	0.00024707111414263444	1.0
BACH2	palmitate	Hallmark	148	112	31	20749	50	testable	30	0	0.012290315195182713	0.4514608702724022
BACH2	palmitate	Reactome	148	112	31	20749	1816	testable	518	0	0.002313266623134893	1.0
BHLHE40	3-cyt	GO_BP	176	89	86	20749	5392	testable	1057	0	0.00021343396544015495	0.6827713015854743
BHLHE40	3-cyt	Hallmark	176	89	86	20749	50	testable	24	0	0.004777664203233485	0.23888321016167424
BHLHE40	3-cyt	Reactome	176	89	86	20749	1816	testable	544	0	0.0006150339137541415	0.8952978380383985
BHLHE40	Ex-4_HG	GO_BP	135	62	69	20749	5392	testable	729	0	0.0015305758422666147	1.0
BHLHE40	Ex-4_HG	Hallmark	135	62	69	20749	50	testable	33	0	0.012991837419541444	0.3884143258402237
BHLHE40	Ex-4_HG	Reactome	135	62	69	20749	1816	testable	358	0	9.303441671302824e-05	0.16895050075085927
BHLHE40	IFNg	GO_BP	31	21	8	20749	5392	testable	165	0	0.00032563166696217527	1.0
BHLHE40	IFNg	Hallmark	31	21	8	20749	50	testable	14	0	0.016793751177107432	0.3551694962112047
BHLHE40	IFNg	Reactome	31	21	8	20749	1816	testable	39	0	0.014843628071894389	1.0
BHLHE40	dex	GO_BP	160	95	64	20749	5392	testable	928	0	5.189681031457936e-05	0.25361258474972764
BHLHE40	dex	Hallmark	160	95	64	20749	50	testable	33	1	0.00017323312001275702	0.008661656000637851
BHLHE40	dex	Reactome	160	95	64	20749	1816	testable	482	0	0.0037960913880139666	1.0
BHLHE40	palmitate	GO_BP	40	12	23	20749	5392	testable	287	0	0.0001624322984281107	0.4799154711708114
BHLHE40	palmitate	Hallmark	40	12	23	20749	50	testable	18	0	0.0024745513920721262	0.12372756960360631
BHLHE40	palmitate	Reactome	40	12	23	20749	1816	testable	149	0	0.0031804429510428806	1.0
BHLHE41	3-cyt	GO_BP	187	138	48	20749	5392	testable	1116	0	1.982235089713456e-05	0.10688211603734955
BHLHE41	3-cyt	Hallmark	187	138	48	20749	50	testable	38	1	0.0004530669709831532	0.02265334854915766
BHLHE41	3-cyt	Reactome	187	138	48	20749	1816	testable	489	24	7.509038693581217e-07	0.0003302680998851029
BHLHE41	Ex-4_HG	GO_BP	213	129	80	20749	5392	testable	1106	0	0.001027745463687729	1.0
BHLHE41	Ex-4_HG	Hallmark	213	129	80	20749	50	testable	33	0	0.08012496569556854	1.0
BHLHE41	Ex-4_HG	Reactome	213	129	80	20749	1816	testable	482	0	0.00016562269762692515	0.30077081889049606
BHLHE41	IFNg	GO_BP	174	132	40	20749	5392	testable	840	0	0.00012061923175779073	0.6180227495651925
BHLHE41	IFNg	Hallmark	174	132	40	20749	50	testable	33	0	0.006195543919002539	0.309777195950127
BHLHE41	IFNg	Reactome	174	132	40	20749	1816	testable	486	0	0.0013076371832405613	1.0
BHLHE41	dex	GO_BP	199	130	68	20749	5392	testable	891	0	0.00012119623584422861	0.5388180764387759
BHLHE41	dex	Hallmark	199	130	68	20749	50	testable	30	0	0.012007722159473388	0.6003861079736694
BHLHE41	dex	Reactome	199	130	68	20749	1816	testable	347	0	0.0015876142729223538	1.0
BHLHE41	palmitate	GO_BP	160	98	57	20749	5392	testable	776	0	0.000350974196324754	1.0
BHLHE41	palmitate	Hallmark	160	98	57	20749	50	testable	35	0	0.04526464089578737	1.0
BHLHE41	palmitate	Reactome	160	98	57	20749	1816	testable	308	0	0.0037071690052666965	1.0
BMAL1	3-cyt	GO_BP	59	27	31	20749	5392	testable	485	0	0.000515104903427561	1.0
BMAL1	3-cyt	Hallmark	59	27	31	20749	50	testable	17	0	0.10087670060492453	1.0
BMAL1	3-cyt	Reactome	59	27	31	20749	1816	testable	231	0	0.0024724320445344704	1.0
BMAL1	Ex-4_HG	GO_BP	196	120	72	20749	5392	testable	970	0	0.00011058486416021845	0.5962735875518979
BMAL1	Ex-4_HG	Hallmark	196	120	72	20749	50	testable	29	0	0.013066087371189927	0.6533043685594964
BMAL1	Ex-4_HG	Reactome	196	120	72	20749	1816	testable	562	0	0.0024965882618118306	1.0
BMAL1	IFNg	GO_BP	144	113	29	20749	5392	testable	608	0	5.834581507055377e-05	0.31460063486042594
BMAL1	IFNg	Hallmark	144	113	29	20749	50	testable	27	0	0.050616561776306974	1.0
BMAL1	IFNg	Reactome	144	113	29	20749	1816	testable	350	0	0.0008675187845824184	0.5513468383736142
BMAL1	dex	GO_BP	202	143	58	20749	5392	testable	932	0	0.0013787263546525042	1.0
BMAL1	dex	Hallmark	202	143	58	20749	50	testable	34	0	0.01298812448532399	0.3042816935578237
BMAL1	dex	Reactome	202	143	58	20749	1816	testable	461	0	0.0024538316461115354	1.0
BMAL1	palmitate	GO_BP	170	27	138	20749	5392	testable	739	0	0.00246104861873905	1.0
BMAL1	palmitate	Hallmark	170	27	138	20749	50	testable	32	0	0.008900400197185509	0.4450200098592754
BMAL1	palmitate	Reactome	170	27	138	20749	1816	testable	405	0	0.0018089976342796487	1.0
CEBPB	3-cyt	GO_BP	61	26	34	20749	5392	testable	413	0	0.000459683673362028	1.0
CEBPB	3-cyt	Hallmark	61	26	34	20749	50	testable	21	0	0.03004772718687885	0.6936163355645363
CEBPB	3-cyt	Reactome	61	26	34	20749	1816	testable	158	0	0.004752435529491556	1.0
CEBPB	Ex-4_HG	GO_BP	175	88	83	20749	5392	testable	887	0	0.00019353933972060208	1.0
CEBPB	Ex-4_HG	Hallmark	175	88	83	20749	50	testable	36	0	0.002255712215152847	0.10534221278845679
CEBPB	Ex-4_HG	Reactome	175	88	83	20749	1816	testable	495	0	5.385093119956101e-05	0.0977932910584028
CEBPB	IFNg	GO_BP	162	78	82	20749	5392	testable	785	0	0.00010312919993601332	0.5560726460549839
CEBPB	IFNg	Hallmark	162	78	82	20749	50	testable	31	2	4.289145146047146e-06	0.00013435965479831514
CEBPB	IFNg	Reactome	162	78	82	20749	1816	testable	410	0	0.004290355928434114	1.0
CEBPB	dex	GO_BP	118	71	46	20749	5392	testable	491	0	0.0006610154394057306	1.0
CEBPB	dex	Hallmark	118	71	46	20749	50	testable	25	0	0.02492699488598684	0.6492623873446015
CEBPB	dex	Reactome	118	71	46	20749	1816	testable	347	0	0.0028706521537695323	1.0
CEBPB	palmitate	GO_BP	106	82	19	20749	5392	testable	393	0	0.0007095214037501524	1.0
CEBPB	palmitate	Hallmark	106	82	19	20749	50	testable	22	0	0.14804805950594185	1.0
CEBPB	palmitate	Reactome	106	82	19	20749	1816	testable	146	0	0.010191506229337163	1.0
CEBPD	3-cyt	GO_BP	209	121	87	20749	5392	testable	845	0	0.002051100293280668	1.0
CEBPD	3-cyt	Hallmark	209	121	87	20749	50	testable	33	0	0.0018709119257951372	0.09354559628975687
CEBPD	3-cyt	Reactome	209	121	87	20749	1816	testable	386	0	0.0027166827709630714	1.0
CEBPD	Ex-4_HG	GO_BP	44	11	29	20749	5392	testable	254	0	0.00015672787503465864	0.8450767021868794
CEBPD	Ex-4_HG	Hallmark	44	11	29	20749	50	testable	13	0	0.0032526237094943856	0.16263118547471928
CEBPD	Ex-4_HG	Reactome	44	11	29	20749	1816	testable	122	0	0.004106138639864934	1.0
CEBPD	IFNg	GO_BP	123	82	39	20749	5392	testable	574	0	0.0003301174583426338	1.0
CEBPD	IFNg	Hallmark	123	82	39	20749	50	testable	26	0	0.0036355234273129926	0.18177617136564964
CEBPD	IFNg	Reactome	123	82	39	20749	1816	testable	434	0	0.0059279965300536915	1.0
CEBPD	dex	GO_BP	133	85	47	20749	5392	testable	780	0	0.0002710009940356332	1.0
CEBPD	dex	Hallmark	133	85	47	20749	50	testable	32	0	0.010916302620942678	0.46152158074981464
CEBPD	dex	Reactome	133	85	47	20749	1816	testable	439	0	0.0021595312886639392	1.0
CEBPD	palmitate	GO_BP	117	45	67	20749	5392	testable	714	0	0.0008633598647400189	1.0
CEBPD	palmitate	Hallmark	117	45	67	20749	50	testable	29	0	0.0402412639169959	0.9808859090243854
CEBPD	palmitate	Reactome	117	45	67	20749	1816	testable	488	0	0.0002623201261194794	0.4763733490329746
CEBPG	3-cyt	GO_BP	59	27	31	20749	5392	testable	485	0	0.000515104903427561	1.0
CEBPG	3-cyt	Hallmark	59	27	31	20749	50	testable	17	0	0.10087670060492453	1.0
CEBPG	3-cyt	Reactome	59	27	31	20749	1816	testable	231	0	0.0024724320445344704	1.0
CEBPG	Ex-4_HG	GO_BP	151	74	73	20749	5392	testable	665	0	0.0003933007686006511	0.9321246438624412
CEBPG	Ex-4_HG	Hallmark	151	74	73	20749	50	testable	29	0	0.07322687294270787	1.0
CEBPG	Ex-4_HG	Reactome	151	74	73	20749	1816	testable	392	0	0.00016122335781788814	0.29278161779728484
CEBPG	IFNg	GO_BP	166	93	71	20749	5392	testable	870	0	0.000626237119016879	1.0
CEBPG	IFNg	Hallmark	166	93	71	20749	50	testable	36	0	0.013121035393493736	0.4706171461855066
CEBPG	IFNg	Reactome	166	93	71	20749	1816	testable	414	0	0.005435242749696101	1.0
CEBPG	dex	GO_BP	151	96	54	20749	5392	testable	592	0	0.0007742047675598799	1.0
CEBPG	dex	Hallmark	151	96	54	20749	50	testable	31	0	0.03426313115363911	1.0
CEBPG	dex	Reactome	151	96	54	20749	1816	testable	298	0	0.00452066714638825	1.0
CEBPG	palmitate	GO_BP	167	53	109	20749	5392	testable	757	0	0.0021396926049147337	1.0
CEBPG	palmitate	Hallmark	167	53	109	20749	50	testable	21	0	0.005545607839499601	0.21197791220495224
CEBPG	palmitate	Reactome	167	53	109	20749	1816	testable	338	0	0.0009456190181003174	1.0
CLOCK	3-cyt	GO_BP	76	35	40	20749	5392	testable	457	0	0.0002747602228887417	0.9853259554398627
CLOCK	3-cyt	Hallmark	76	35	40	20749	50	testable	17	0	0.029672459215401552	0.7421753468539473
CLOCK	3-cyt	Reactome	76	35	40	20749	1816	testable	268	0	0.0010060924359073815	1.0
CLOCK	Ex-4_HG	GO_BP	150	64	82	20749	5392	testable	769	0	5.856015891569191e-05	0.31575637687341074
CLOCK	Ex-4_HG	Hallmark	150	64	82	20749	50	testable	32	0	0.005021523790010875	0.2510761895005438
CLOCK	Ex-4_HG	Reactome	150	64	82	20749	1816	testable	419	0	0.0018077525998995076	1.0
CLOCK	IFNg	GO_BP	190	81	107	20749	5392	testable	748	0	0.0051827083862672025	1.0
CLOCK	IFNg	Hallmark	190	81	107	20749	50	testable	26	0	0.06655242391554227	1.0
CLOCK	IFNg	Reactome	190	81	107	20749	1816	testable	372	0	0.003576479928234579	1.0
CLOCK	dex	GO_BP	52	20	31	20749	5392	testable	412	0	5.750508836353932e-05	0.310067436456204
CLOCK	dex	Hallmark	52	20	31	20749	50	testable	18	0	0.01759293183456976	0.7256395254173278
CLOCK	dex	Reactome	52	20	31	20749	1816	testable	175	0	0.0009186122608433806	1.0
CLOCK	palmitate	GO_BP	155	61	89	20749	5392	testable	987	0	9.29295231324994e-06	0.05010759887304368
CLOCK	palmitate	Hallmark	155	61	89	20749	50	testable	35	0	0.006726081926755902	0.30516684577428216
CLOCK	palmitate	Reactome	155	61	89	20749	1816	testable	474	0	0.0005653904652559108	1.0
CPEB1	3-cyt	GO_BP	152	77	74	20749	5392	testable	749	0	0.00036014836281146454	1.0
CPEB1	3-cyt	Hallmark	152	77	74	20749	50	testable	26	0	0.0301469029064969	1.0
CPEB1	3-cyt	Reactome	152	77	74	20749	1816	testable	347	0	0.00027353627708596263	0.49674187918810814
CPEB1	Ex-4_HG	GO_BP	131	74	53	20749	5392	testable	592	0	0.001080410018714446	1.0
CPEB1	Ex-4_HG	Hallmark	131	74	53	20749	50	testable	24	0	0.01799208731001407	0.8996043655007036
CPEB1	Ex-4_HG	Reactome	131	74	53	20749	1816	testable	343	0	0.025017859690755033	1.0
CPEB1	IFNg	GO_BP	47	25	20	20749	5392	testable	346	0	0.00023242940964169546	1.0
CPEB1	IFNg	Hallmark	47	25	20	20749	50	testable	15	0	0.030738880179906388	0.7658849551617685
CPEB1	IFNg	Reactome	47	25	20	20749	1816	testable	208	0	0.0015222601697243085	1.0
CPEB1	dex	GO_BP	103	65	37	20749	5392	testable	704	0	0.0004826599777921166	1.0
CPEB1	dex	Hallmark	103	65	37	20749	50	testable	25	0	0.013159192553151748	0.5175843068695771
CPEB1	dex	Reactome	103	65	37	20749	1816	testable	257	0	0.0003613360586579162	0.3215073352474127
CPEB1	palmitate	GO_BP	154	75	74	20749	5392	testable	759	0	0.0005393407672874798	0.7270313543035227
CPEB1	palmitate	Hallmark	154	75	74	20749	50	testable	32	0	0.009715612797422134	0.2959557883276019
CPEB1	palmitate	Reactome	154	75	74	20749	1816	testable	282	0	0.0010290029269921588	1.0
CREB1	3-cyt	GO_BP	56	24	31	20749	5392	testable	452	0	7.179253751513048e-05	0.38710536228158354
CREB1	3-cyt	Hallmark	56	24	31	20749	50	testable	14	0	0.07171914831804622	1.0
CREB1	3-cyt	Reactome	56	24	31	20749	1816	testable	307	0	2.7651825452905295e-05	0.050215715022476015
CREB1	Ex-4_HG	GO_BP	124	42	78	20749	5392	testable	767	0	6.172426338961075e-05	0.25345871813309784
CREB1	Ex-4_HG	Hallmark	124	42	78	20749	50	testable	28	0	0.028314726575581664	0.9444165425540693
CREB1	Ex-4_HG	Reactome	124	42	78	20749	1816	testable	353	0	0.0005231494539938569	0.9500394084528442
CREB1	IFNg	GO_BP	88	31	55	20749	5392	testable	638	0	8.733554832246796e-05	0.47091327655474724
CREB1	IFNg	Hallmark	88	31	55	20749	50	testable	30	1	0.0005824757380514539	0.029123786902572692
CREB1	IFNg	Reactome	88	31	55	20749	1816	testable	321	0	0.0024155093005800068	1.0
CREB1	dex	GO_BP	186	69	116	20749	5392	testable	719	0	0.0010999252233539676	1.0
CREB1	dex	Hallmark	186	69	116	20749	50	testable	23	0	0.029497740131568848	1.0
CREB1	dex	Reactome	186	69	116	20749	1816	testable	476	0	0.00117087880526416	1.0
CREB1	palmitate	GO_BP	123	62	56	20749	5392	testable	896	0	0.00020751992151338912	0.6939205901880886
CREB1	palmitate	Hallmark	123	62	56	20749	50	testable	22	0	0.009709817395113644	0.4854908697556822
CREB1	palmitate	Reactome	123	62	56	20749	1816	testable	387	0	0.0009534760884989262	0.7249585561949813
CREB3	3-cyt	GO_BP	73	35	37	20749	5392	testable	455	0	0.00033720342044357574	1.0
CREB3	3-cyt	Hallmark	73	35	37	20749	50	testable	14	0	0.0159304182902454	0.3686867678981112
CREB3	3-cyt	Reactome	73	35	37	20749	1816	testable	190	0	0.0040482282423957225	1.0
CREB3	Ex-4_HG	GO_BP	53	24	25	20749	5392	testable	286	0	0.00017749733352891787	0.9570656223879251
CREB3	Ex-4_HG	Hallmark	53	24	25	20749	50	testable	21	0	0.007681872065400306	0.21976736683667936
CREB3	Ex-4_HG	Reactome	53	24	25	20749	1816	testable	146	0	0.00022783724739265234	0.41375244126505667
CREB3	IFNg	GO_BP	121	93	26	20749	5392	testable	767	0	0.00010079769539072869	0.543501173546809
CREB3	IFNg	Hallmark	121	93	26	20749	50	testable	33	0	0.04871212996995097	0.8338263433114372
CREB3	IFNg	Reactome	121	93	26	20749	1816	testable	298	0	0.0014720264262007578	1.0
CREB3	dex	GO_BP	128	60	67	20749	5392	testable	930	0	0.00022473385519011126	0.7881175379854027
CREB3	dex	Hallmark	128	60	67	20749	50	testable	30	0	0.009338091183336667	0.23377364342152598
CREB3	dex	Reactome	128	60	67	20749	1816	testable	393	0	0.00024209881901984847	0.4396514553400448
CREB3	palmitate	GO_BP	150	115	30	20749	5392	testable	968	0	0.0001550083408746401	0.8122835015548454
CREB3	palmitate	Hallmark	150	115	30	20749	50	testable	32	0	0.024123590870090077	0.7197958966941559
CREB3	palmitate	Reactome	150	115	30	20749	1816	testable	343	0	0.0007640488964362957	0.7209513014379382
CREB3L1	3-cyt	GO_BP	130	74	55	20749	5392	testable	765	0	0.002467418937305777	1.0
CREB3L1	3-cyt	Hallmark	130	74	55	20749	50	testable	29	0	0.02601650990438639	0.9332989072991108
CREB3L1	3-cyt	Reactome	130	74	55	20749	1816	testable	295	0	0.0038774567473429116	1.0
CREB3L1	Ex-4_HG	GO_BP	111	56	51	20749	5392	testable	586	0	0.0005852598695586347	1.0
CREB3L1	Ex-4_HG	Hallmark	111	56	51	20749	50	testable	22	0	0.07915190652899022	1.0
CREB3L1	Ex-4_HG	Reactome	111	56	51	20749	1816	testable	252	0	0.0012410283247722286	1.0
CREB3L1	IFNg	GO_BP	122	77	43	20749	5392	testable	703	0	0.0003120526250966078	0.8628174887893709
CREB3L1	IFNg	Hallmark	122	77	43	20749	50	testable	30	0	0.012206222973703074	0.46376695858260514
CREB3L1	IFNg	Reactome	122	77	43	20749	1816	testable	375	0	0.00046711723376320776	0.45987727400759243
CREB3L1	dex	GO_BP	196	127	68	20749	5392	testable	1026	0	9.862133699570195e-05	0.5317662490808249
CREB3L1	dex	Hallmark	196	127	68	20749	50	testable	34	0	0.0036761637109081454	0.18380818554540726
CREB3L1	dex	Reactome	196	127	68	20749	1816	testable	510	0	0.00039956729122736035	0.7256142008688864
CREB3L1	palmitate	GO_BP	176	112	59	20749	5392	testable	906	0	8.736438263217624e-05	0.4710687511526943
CREB3L1	palmitate	Hallmark	176	112	59	20749	50	testable	30	0	0.002022152236093816	0.1011076118046908
CREB3L1	palmitate	Reactome	176	112	59	20749	1816	testable	466	1	6.348354978206986e-06	0.011528612640423886
CREB3L2	3-cyt	GO_BP	63	37	25	20749	5392	testable	425	0	7.571315911336749e-05	0.27539274313139733
CREB3L2	3-cyt	Hallmark	63	37	25	20749	50	testable	9	0	0.010120390780754145	0.5060195390377072
CREB3L2	3-cyt	Reactome	63	37	25	20749	1816	testable	216	0	0.00010214864359473195	0.17131888129707956
CREB3L2	Ex-4_HG	GO_BP	123	51	68	20749	5392	testable	955	0	0.00020751992151338912	0.5213895430704419
CREB3L2	Ex-4_HG	Hallmark	123	51	68	20749	50	testable	33	1	0.0002553201187885982	0.012766005939429911
CREB3L2	Ex-4_HG	Reactome	123	51	68	20749	1816	testable	434	0	5.567082703943129e-05	0.09769827783696361
CREB3L2	IFNg	GO_BP	53	31	20	20749	5392	testable	391	0	0.00013334133380406445	0.6235779506763435
CREB3L2	IFNg	Hallmark	53	31	20	20749	50	testable	17	0	0.007823179106163203	0.39115895530816014
CREB3L2	IFNg	Reactome	53	31	20	20749	1816	testable	139	0	0.010179011655602596	1.0
CREB3L2	dex	GO_BP	69	31	37	20749	5392	testable	502	0	0.00070400913852422	1.0
CREB3L2	dex	Hallmark	69	31	37	20749	50	testable	19	0	0.07245705481571471	1.0
CREB3L2	dex	Reactome	69	31	37	20749	1816	testable	296	0	0.0018050635143687782	1.0
CREB3L2	palmitate	GO_BP	139	69	65	20749	5392	testable	652	0	0.0015553610450914335	1.0
CREB3L2	palmitate	Hallmark	139	69	65	20749	50	testable	29	0	0.02183524465596336	1.0
CREB3L2	palmitate	Reactome	139	69	65	20749	1816	testable	397	0	0.004581700295987856	1.0
CREB5	3-cyt	GO_BP	100	63	36	20749	5392	testable	483	0	0.0014707206629709377	1.0
CREB5	3-cyt	Hallmark	100	63	36	20749	50	testable	17	0	0.03601231362934203	1.0
CREB5	3-cyt	Reactome	100	63	36	20749	1816	testable	226	0	0.003345770583470309	1.0
CREB5	Ex-4_HG	GO_BP	166	115	47	20749	5392	testable	875	0	0.0005186846371657893	1.0
CREB5	Ex-4_HG	Hallmark	166	115	47	20749	50	testable	38	0	0.004358220232650249	0.21791101163251247
CREB5	Ex-4_HG	Reactome	166	115	47	20749	1816	testable	473	0	0.0002099570221956945	0.2407856598102807
CREB5	IFNg	GO_BP	115	36	77	20749	5392	testable	400	0	0.004396668443157651	1.0
CREB5	IFNg	Hallmark	115	36	77	20749	50	testable	20	0	0.037832515556232786	1.0
CREB5	IFNg	Reactome	115	36	77	20749	1816	testable	192	0	0.003473391853977622	1.0
CREB5	dex	GO_BP	203	98	104	20749	5392	testable	684	0	0.0011320919680951633	1.0
CREB5	dex	Hallmark	203	98	104	20749	50	testable	27	0	0.011694189186643295	0.5847094593321648
CREB5	dex	Reactome	203	98	104	20749	1816	testable	371	0	0.0013922653330510643	1.0
CREB5	palmitate	GO_BP	140	99	36	20749	5392	testable	751	0	0.0023888974239563974	1.0
CREB5	palmitate	Hallmark	140	99	36	20749	50	testable	31	0	0.06915882793024189	1.0
CREB5	palmitate	Reactome	140	99	36	20749	1816	testable	451	0	0.00038794177780669215	0.4854171487190986
CREM	3-cyt	GO_BP	97	55	41	20749	5392	testable	371	0	0.0038903979505561567	1.0
CREM	3-cyt	Hallmark	97	55	41	20749	50	testable	13	0	0.13628585095830412	1.0
CREM	3-cyt	Reactome	97	55	41	20749	1816	testable	196	0	0.003821034647911941	1.0
CREM	Ex-4_HG	GO_BP	180	48	128	20749	5392	testable	1102	1	1.0858076133117158e-06	0.0058546746509767714
CREM	Ex-4_HG	Hallmark	180	48	128	20749	50	testable	35	0	0.012832985991207455	0.5523477110432259
CREM	Ex-4_HG	Reactome	180	48	128	20749	1816	testable	525	0	0.0013992747298325356	0.9192733187979605
CREM	IFNg	GO_BP	136	60	74	20749	5392	testable	783	0	5.803021851333857e-05	0.31289893822392156
CREM	IFNg	Hallmark	136	60	74	20749	50	testable	33	0	0.016454204490912068	0.8227102245456034
CREM	IFNg	Reactome	136	60	74	20749	1816	testable	357	0	0.0018999949233278954	1.0
CREM	dex	GO_BP	175	104	70	20749	5392	testable	646	0	0.0006049219378681542	1.0
CREM	dex	Hallmark	175	104	70	20749	50	testable	28	0	0.046472994162835325	1.0
CREM	dex	Reactome	175	104	70	20749	1816	testable	494	0	0.00048741129400843526	0.8851389099193184
CREM	palmitate	GO_BP	156	95	56	20749	5392	testable	850	0	0.0008259694101549077	1.0
CREM	palmitate	Hallmark	156	95	56	20749	50	testable	31	0	0.012523280901038717	0.6261640450519359
CREM	palmitate	Reactome	156	95	56	20749	1816	testable	436	0	0.001150648361023598	1.0
CTCF	3-cyt	GO_BP	67	31	35	20749	5392	testable	607	0	6.13734734987437e-05	0.33092576910522603
CTCF	3-cyt	Hallmark	67	31	35	20749	50	testable	18	0	0.012730595582899636	0.6365297791449818
CTCF	3-cyt	Reactome	67	31	35	20749	1816	testable	237	0	0.012854783122170813	1.0
CTCF	Ex-4_HG	GO_BP	128	75	49	20749	5392	testable	770	0	0.0010807935104032646	1.0
CTCF	Ex-4_HG	Hallmark	128	75	49	20749	50	testable	30	0	0.004065278143207259	0.20326390716036294
CTCF	Ex-4_HG	Reactome	128	75	49	20749	1816	testable	352	0	0.0005374287139105287	0.9253147871063949
CTCF	IFNg	GO_BP	7	4	1	20749	5392	insufficient_lt10	0	0		
CTCF	IFNg	Hallmark	7	4	1	20749	50	insufficient_lt10	0	0		
CTCF	IFNg	Reactome	7	4	1	20749	1816	insufficient_lt10	0	0		
CTCF	dex	GO_BP	97	84	12	20749	5392	testable	571	0	3.472904096629024e-05	0.09362949444511849
CTCF	dex	Hallmark	97	84	12	20749	50	testable	15	1	0.00022046958606117945	0.011023479303058973
CTCF	dex	Reactome	97	84	12	20749	1816	testable	313	0	0.000986985357216313	1.0
CTCF	palmitate	GO_BP	117	92	20	20749	5392	testable	766	0	0.0004659448628001891	0.8518918905355208
CTCF	palmitate	Hallmark	117	92	20	20749	50	testable	19	0	0.11857437605499399	1.0
CTCF	palmitate	Reactome	117	92	20	20749	1816	testable	282	0	0.0006499163991978505	0.6135395152518058
CUX2	3-cyt	GO_BP	135	69	65	20749	5392	testable	898	0	0.0007138137381751453	1.0
CUX2	3-cyt	Hallmark	135	69	65	20749	50	testable	29	1	0.00019831635638351138	0.00991581781917557
CUX2	3-cyt	Reactome	135	69	65	20749	1816	testable	403	0	0.0022239308388688904	1.0
CUX2	Ex-4_HG	GO_BP	115	68	43	20749	5392	testable	600	0	0.00015246136093353634	0.48903670486700207
CUX2	Ex-4_HG	Hallmark	115	68	43	20749	50	testable	22	0	0.03368900495485538	1.0
CUX2	Ex-4_HG	Reactome	115	68	43	20749	1816	testable	199	0	0.0013106322505434575	1.0
CUX2	IFNg	GO_BP	189	89	98	20749	5392	testable	953	0	9.932944734807981e-05	0.5355843801008464
CUX2	IFNg	Hallmark	189	89	98	20749	50	testable	36	1	0.0006244549930208707	0.031222749651043536
CUX2	IFNg	Reactome	189	89	98	20749	1816	testable	475	0	0.004964220344153955	1.0
CUX2	dex	GO_BP	176	139	36	20749	5392	testable	788	0	0.0003097561361404851	1.0
CUX2	dex	Hallmark	176	139	36	20749	50	testable	31	0	0.05031985965947824	1.0
CUX2	dex	Reactome	176	139	36	20749	1816	testable	485	0	0.0025494625806092466	1.0
CUX2	palmitate	GO_BP	156	112	39	20749	5392	testable	939	0	6.865108603994464e-05	0.37016665592738146
CUX2	palmitate	Hallmark	156	112	39	20749	50	testable	33	0	0.00388295314778191	0.1941476573890955
CUX2	palmitate	Reactome	156	112	39	20749	1816	testable	380	0	0.00038572409473036965	0.1286423006971387
DBP	3-cyt	GO_BP	148	71	76	20749	5392	testable	614	0	0.0007439344194703517	1.0
DBP	3-cyt	Hallmark	148	71	76	20749	50	testable	23	0	0.02725929479291951	1.0
DBP	3-cyt	Reactome	148	71	76	20749	1816	testable	341	0	0.001344375549252794	1.0
DBP	Ex-4_HG	GO_BP	143	97	42	20749	5392	testable	788	0	0.0008407686641703931	1.0
DBP	Ex-4_HG	Hallmark	143	97	42	20749	50	testable	39	0	0.006040891125712331	0.290865441004211
DBP	Ex-4_HG	Reactome	143	97	42	20749	1816	testable	346	2	1.7166756361363951e-06	0.0031174829552236935
DBP	IFNg	GO_BP	174	94	78	20749	5392	testable	637	0	0.0035587038285854523	1.0
DBP	IFNg	Hallmark	174	94	78	20749	50	testable	24	0	0.006195543919002539	0.26934238586859643
DBP	IFNg	Reactome	174	94	78	20749	1816	testable	485	0	0.002848057053859753	1.0
DBP	dex	GO_BP	95	65	29	20749	5392	testable	633	0	0.0005949772637974366	1.0
DBP	dex	Hallmark	95	65	29	20749	50	testable	20	0	0.011822151286003967	0.5911075643001983
DBP	dex	Reactome	95	65	29	20749	1816	testable	304	0	0.0033716156514494	1.0
DBP	palmitate	GO_BP	190	143	42	20749	5392	testable	925	0	2.5747565263824256e-05	0.1388308719025404
DBP	palmitate	Hallmark	190	143	42	20749	50	testable	32	0	0.00915437679272695	0.4577188396363475
DBP	palmitate	Reactome	190	143	42	20749	1816	testable	522	0	0.005566735170799184	1.0
EGR1	3-cyt	GO_BP	106	49	56	20749	5392	testable	649	0	0.0013798140873525005	1.0
EGR1	3-cyt	Hallmark	106	49	56	20749	50	testable	24	0	0.014489717510326489	0.4501561642532388
EGR1	3-cyt	Reactome	106	49	56	20749	1816	testable	360	0	0.00030931191984922884	0.5617104464461996
EGR1	Ex-4_HG	GO_BP	138	96	38	20749	5392	testable	770	0	0.00044195745690947996	1.0
EGR1	Ex-4_HG	Hallmark	138	96	38	20749	50	testable	34	1	4.253273784281755e-05	0.0021266368921408776
EGR1	Ex-4_HG	Reactome	138	96	38	20749	1816	testable	478	0	0.00244918906961777	1.0
EGR1	IFNg	GO_BP	163	105	56	20749	5392	testable	831	0	0.001325735994493539	1.0
EGR1	IFNg	Hallmark	163	105	56	20749	50	testable	29	0	0.014896456335798473	0.3931577334401793
EGR1	IFNg	Reactome	163	105	56	20749	1816	testable	404	0	0.0035929936732727176	1.0
EGR1	dex	GO_BP	199	127	71	20749	5392	testable	1005	1	8.568023701284501e-06	0.04619878379732603
EGR1	dex	Hallmark	199	127	71	20749	50	testable	32	0	0.011352832897341045	0.46838897348582054
EGR1	dex	Reactome	199	127	71	20749	1816	testable	465	0	0.012236918904358513	1.0
EGR1	palmitate	GO_BP	184	146	33	20749	5392	testable	1021	0	0.00010742832898187083	0.5792535498702475
EGR1	palmitate	Hallmark	184	146	33	20749	50	testable	42	0	0.008272914542908417	0.41364572714542086
EGR1	palmitate	Reactome	184	146	33	20749	1816	testable	383	0	6.544561187205779e-05	0.11884923115965694
ELF1	3-cyt	GO_BP	122	59	62	20749	5392	testable	803	0	0.0009381535456561735	1.0
ELF1	3-cyt	Hallmark	122	59	62	20749	50	testable	29	0	0.018550678343304206	0.6104926843000432
ELF1	3-cyt	Reactome	122	59	62	20749	1816	testable	504	0	0.002177564449789474	1.0
ELF1	Ex-4_HG	GO_BP	100	43	53	20749	5392	testable	692	0	0.0008098157661999453	1.0
ELF1	Ex-4_HG	Hallmark	100	43	53	20749	50	testable	22	0	0.004042034490168643	0.14245339201537818
ELF1	Ex-4_HG	Reactome	100	43	53	20749	1816	testable	250	0	0.0010090900468958676	0.8423970775092906
ELF1	IFNg	GO_BP	50	9	39	20749	5392	testable	448	0	0.0003698602535543737	1.0
ELF1	IFNg	Hallmark	50	9	39	20749	50	testable	24	0	0.018688778144474612	0.6340708280621395
ELF1	IFNg	Reactome	50	9	39	20749	1816	testable	167	0	0.0028648005394435517	1.0
ELF1	dex	GO_BP	114	54	59	20749	5392	testable	619	0	6.35428618951932e-05	0.34262311133888174
ELF1	dex	Hallmark	114	54	59	20749	50	testable	28	0	0.011307477156011051	0.3904884880990152
ELF1	dex	Reactome	114	54	59	20749	1816	testable	228	0	0.011773480725599401	1.0
ELF1	palmitate	GO_BP	105	71	29	20749	5392	testable	575	0	0.00037547814917988703	1.0
ELF1	palmitate	Hallmark	105	71	29	20749	50	testable	25	0	0.07192093825090118	1.0
ELF1	palmitate	Reactome	105	71	29	20749	1816	testable	268	0	0.004541202898601167	1.0
ELF2	3-cyt	GO_BP	159	70	88	20749	5392	testable	802	0	0.002414115578376206	1.0
ELF2	3-cyt	Hallmark	159	70	88	20749	50	testable	35	1	0.0007134739237571587	0.035673696187857935
ELF2	3-cyt	Reactome	159	70	88	20749	1816	testable	453	0	0.0007940227777972835	1.0
ELF2	Ex-4_HG	GO_BP	125	53	68	20749	5392	testable	768	0	0.00035579592916205443	0.7994032500240177
ELF2	Ex-4_HG	Hallmark	125	53	68	20749	50	testable	32	0	0.01540773679750556	0.42071462112769725
ELF2	Ex-4_HG	Reactome	125	53	68	20749	1816	testable	297	0	0.0008481555131970054	0.6177376257384227
ELF2	IFNg	GO_BP	185	85	98	20749	5392	testable	732	0	0.0004688635798912521	1.0
ELF2	IFNg	Hallmark	185	85	98	20749	50	testable	32	1	0.000549996869664982	0.027499843483249103
ELF2	IFNg	Reactome	185	85	98	20749	1816	testable	369	0	0.0007768506175428611	1.0
ELF2	dex	GO_BP	168	78	89	20749	5392	testable	954	0	9.892888565052388e-06	0.05334245514276247
ELF2	dex	Hallmark	168	78	89	20749	50	testable	33	2	0.0003202208356883901	0.016011041784419505
ELF2	dex	Reactome	168	78	89	20749	1816	testable	470	16	2.2117318980286702e-05	0.018313200990264743
ELF2	palmitate	GO_BP	45	24	16	20749	5392	testable	224	0	0.0023267457043728867	1.0
ELF2	palmitate	Hallmark	45	24	16	20749	50	testable	11	0	0.005692622213342616	0.28463111066713076
ELF2	palmitate	Reactome	45	24	16	20749	1816	testable	161	0	0.0065751364192567965	1.0
ELF3	3-cyt	GO_BP	50	18	31	20749	5392	testable	280	0	0.0034025154715105325	1.0
ELF3	3-cyt	Hallmark	50	18	31	20749	50	testable	10	0	0.006534658936697693	0.32673294683488463
ELF3	3-cyt	Reactome	50	18	31	20749	1816	testable	226	0	0.0006985360266613397	1.0
ELF3	Ex-4_HG	GO_BP	128	79	45	20749	5392	testable	707	0	0.00010631680108452187	0.5732601914477419
ELF3	Ex-4_HG	Hallmark	128	79	45	20749	50	testable	25	0	0.02527986345352487	0.6277162950450282
ELF3	Ex-4_HG	Reactome	128	79	45	20749	1816	testable	311	0	0.01875199817884166	1.0
ELF3	IFNg	GO_BP	58	34	22	20749	5392	testable	528	0	0.0003406344125947841	0.9219006958034895
ELF3	IFNg	Hallmark	58	34	22	20749	50	testable	22	0	0.007076233477052762	0.3240182679637537
ELF3	IFNg	Reactome	58	34	22	20749	1816	testable	230	0	0.0040675780039815266	1.0
ELF3	dex	GO_BP	160	74	85	20749	5392	testable	859	0	0.0005819907210692746	1.0
ELF3	dex	Hallmark	160	74	85	20749	50	testable	31	0	0.00891180286077656	0.23437541917943872
ELF3	dex	Reactome	160	74	85	20749	1816	testable	426	0	0.0005087970250256367	0.5676336203991998
ELF3	palmitate	GO_BP	101	66	30	20749	5392	testable	656	0	0.0003474618698512474	0.7512460762419875
ELF3	palmitate	Hallmark	101	66	30	20749	50	testable	32	2	0.0006135655235109585	0.030678276175547924
ELF3	palmitate	Reactome	101	66	30	20749	1816	testable	424	0	0.0010292109637113258	1.0
ELF4	3-cyt	GO_BP	59	40	18	20749	5392	testable	397	0	0.00038923342599419533	1.0
ELF4	3-cyt	Hallmark	59	40	18	20749	50	testable	10	0	0.05504894734893308	1.0
ELF4	3-cyt	Reactome	59	40	18	20749	1816	testable	162	0	0.0009755061548133788	0.8542414029833796
ELF4	Ex-4_HG	GO_BP	60	37	19	20749	5392	testable	346	0	0.00036455710893078605	1.0
ELF4	Ex-4_HG	Hallmark	60	37	19	20749	50	testable	24	0	0.05629764708175563	0.8272882011525139
ELF4	Ex-4_HG	Reactome	60	37	19	20749	1816	testable	149	0	0.0020006482785682837	1.0
ELF4	IFNg	GO_BP	87	69	16	20749	5392	testable	557	0	0.0006094180399453517	1.0
ELF4	IFNg	Hallmark	87	69	16	20749	50	testable	20	0	0.10740904919171304	1.0
ELF4	IFNg	Reactome	87	69	16	20749	1816	testable	167	0	0.0034654336441549945	1.0
ELF4	dex	GO_BP	122	89	32	20749	5392	testable	658	0	0.0007063326529680787	1.0
ELF4	dex	Hallmark	122	89	32	20749	50	testable	20	0	0.1113015521797046	1.0
ELF4	dex	Reactome	122	89	32	20749	1816	testable	295	0	0.011725312533031435	1.0
ELF4	palmitate	GO_BP	131	68	58	20749	5392	testable	726	0	0.0003906896958921904	0.7249741046787989
ELF4	palmitate	Hallmark	131	68	58	20749	50	testable	30	0	0.016680696645922824	0.8340348322961412
ELF4	palmitate	Reactome	131	68	58	20749	1816	testable	369	0	3.955862957467781e-05	0.07183847130761489
ELK1	3-cyt	GO_BP	179	93	85	20749	5392	testable	1064	0	0.0007275675020967105	0.9357859626291849
ELK1	3-cyt	Hallmark	179	93	85	20749	50	testable	29	0	0.012218047183442543	0.6109023591721272
ELK1	3-cyt	Reactome	179	93	85	20749	1816	testable	539	0	0.001510602338177908	1.0
ELK1	Ex-4_HG	GO_BP	158	72	82	20749	5392	testable	639	0	0.0008471345825208881	1.0
ELK1	Ex-4_HG	Hallmark	158	72	82	20749	50	testable	24	0	0.10689162081832666	1.0
ELK1	Ex-4_HG	Reactome	158	72	82	20749	1816	testable	359	0	0.0012597603356789694	1.0
ELK1	IFNg	GO_BP	112	73	37	20749	5392	testable	651	0	0.0015385540009794079	1.0
ELK1	IFNg	Hallmark	112	73	37	20749	50	testable	25	0	0.031507428015942016	0.7723027607917446
ELK1	IFNg	Reactome	112	73	37	20749	1816	testable	419	0	0.00032292298509477014	0.5864281409321026
ELK1	dex	GO_BP	162	77	84	20749	5392	testable	925	0	0.0005965622777678635	1.0
ELK1	dex	Hallmark	162	77	84	20749	50	testable	25	0	0.038937853469639	1.0
ELK1	dex	Reactome	162	77	84	20749	1816	testable	607	0	8.375346661233164e-05	0.1469727192894309
ELK1	palmitate	GO_BP	115	94	16	20749	5392	testable	785	0	6.34057691276067e-05	0.3418839071360553
ELK1	palmitate	Hallmark	115	94	16	20749	50	testable	22	0	0.006618308715330976	0.3309154357665488
ELK1	palmitate	Reactome	115	94	16	20749	1816	testable	316	0	0.0016210544447806817	1.0
ELK3	3-cyt	GO_BP	128	68	59	20749	5392	testable	683	0	1.3247295000005772e-05	0.07142941464003112
ELK3	3-cyt	Hallmark	128	68	59	20749	50	testable	25	0	0.021035072748822443	1.0
ELK3	3-cyt	Reactome	128	68	59	20749	1816	testable	406	0	0.0003730413620038891	0.6774431133990626
ELK3	Ex-4_HG	GO_BP	164	76	84	20749	5392	testable	988	0	0.00036870360638439773	1.0
ELK3	Ex-4_HG	Hallmark	164	76	84	20749	50	testable	31	0	0.024623249473627474	0.844600026963092
ELK3	Ex-4_HG	Reactome	164	76	84	20749	1816	testable	508	0	3.591426949002565e-05	0.06522031339388658
ELK3	IFNg	GO_BP	61	25	34	20749	5392	testable	402	0	0.000459683673362028	1.0
ELK3	IFNg	Hallmark	61	25	34	20749	50	testable	17	0	0.01129264253082485	0.5646321265412425
ELK3	IFNg	Reactome	61	25	34	20749	1816	testable	227	0	0.008794221120073017	1.0
ELK3	dex	GO_BP	189	144	44	20749	5392	testable	825	0	0.0013301138403074226	1.0
ELK3	dex	Hallmark	189	144	44	20749	50	testable	29	0	0.008412885672712807	0.4206442836356404
ELK3	dex	Reactome	189	144	44	20749	1816	testable	524	0	0.008988789687038552	1.0
ELK3	palmitate	GO_BP	132	90	37	20749	5392	testable	473	0	0.0011941999519231486	1.0
ELK3	palmitate	Hallmark	132	90	37	20749	50	testable	19	0	0.04331360847449921	1.0
ELK3	palmitate	Reactome	132	90	37	20749	1816	testable	251	0	0.0047142603075992955	1.0
ELK4	3-cyt	GO_BP	197	115	81	20749	5392	testable	1136	0	9.912620336001792e-06	0.053448848851721666
ELK4	3-cyt	Hallmark	197	115	81	20749	50	testable	41	2	1.7624955669031729e-06	8.812477834515864e-05
ELK4	3-cyt	Reactome	197	115	81	20749	1816	testable	486	0	0.0012976853121771468	1.0
ELK4	Ex-4_HG	GO_BP	102	57	41	20749	5392	testable	577	0	0.0018033448087563084	1.0
ELK4	Ex-4_HG	Hallmark	102	57	41	20749	50	testable	26	0	0.0011041019359361193	0.055205096796805964
ELK4	Ex-4_HG	Reactome	102	57	41	20749	1816	testable	247	0	0.0015294578582022702	1.0
ELK4	IFNg	GO_BP	183	79	102	20749	5392	testable	1016	0	0.00045881280947937444	1.0
ELK4	IFNg	Hallmark	183	79	102	20749	50	testable	39	0	0.030319452418069073	0.5249337445018181
ELK4	IFNg	Reactome	183	79	102	20749	1816	testable	374	0	0.001133751395052452	1.0
ELK4	dex	GO_BP	80	20	59	20749	5392	testable	354	0	0.0014920669221596084	1.0
ELK4	dex	Hallmark	80	20	59	20749	50	testable	17	0	0.0251743656593606	1.0
ELK4	dex	Reactome	80	20	59	20749	1816	testable	190	0	0.015334566991480869	1.0
ELK4	palmitate	GO_BP	105	57	43	20749	5392	testable	642	0	0.000732076021572338	1.0
ELK4	palmitate	Hallmark	105	57	43	20749	50	testable	23	0	0.07919810111316991	1.0
ELK4	palmitate	Reactome	105	57	43	20749	1816	testable	346	0	7.193027727808513e-05	0.1306253835370026
ERF	3-cyt	GO_BP	59	31	27	20749	5392	testable	682	0	0.00021557555471529108	0.36404836995928386
ERF	3-cyt	Hallmark	59	31	27	20749	50	testable	14	0	0.022306710980862687	0.7439614326396131
ERF	3-cyt	Reactome	59	31	27	20749	1816	testable	301	0	0.0006076475017866385	1.0
ERF	Ex-4_HG	GO_BP	62	31	27	20749	5392	testable	447	0	0.00047486909277621395	0.9882321595160709
ERF	Ex-4_HG	Hallmark	62	31	27	20749	50	testable	16	0	0.031581916753762665	1.0
ERF	Ex-4_HG	Reactome	62	31	27	20749	1816	testable	152	0	0.0010261511813343866	1.0
ERF	IFNg	GO_BP	7	4	1	20749	5392	insufficient_lt10	0	0		
ERF	IFNg	Hallmark	7	4	1	20749	50	insufficient_lt10	0	0		
ERF	IFNg	Reactome	7	4	1	20749	1816	insufficient_lt10	0	0		
ERF	dex	GO_BP	191	119	71	20749	5392	testable	786	0	0.0014669459653534063	1.0
ERF	dex	Hallmark	191	119	71	20749	50	testable	30	0	0.015978432766802365	0.7989216383401183
ERF	dex	Reactome	191	119	71	20749	1816	testable	489	0	0.003773961337658603	1.0
ERF	palmitate	GO_BP	89	40	44	20749	5392	testable	530	0	0.00018040683820784502	0.48637683580835017
ERF	palmitate	Hallmark	89	40	44	20749	50	testable	20	0	0.052881964587730375	1.0
ERF	palmitate	Reactome	89	40	44	20749	1816	testable	188	0	0.00037674140829858205	0.684162397470225
ETS1	3-cyt	GO_BP	74	43	30	20749	5392	testable	482	0	0.0012785367145517316	1.0
ETS1	3-cyt	Hallmark	74	43	30	20749	50	testable	19	0	0.00154367525959046	0.07718376297952301
ETS1	3-cyt	Reactome	74	43	30	20749	1816	testable	305	0	0.002521920761338622	1.0
ETS1	Ex-4_HG	GO_BP	162	101	57	20749	5392	testable	918	0	1.5735835382776627e-05	0.05208768965551983
ETS1	Ex-4_HG	Hallmark	162	101	57	20749	50	testable	36	0	0.02102397661257953	0.5874671857868082
ETS1	Ex-4_HG	Reactome	162	101	57	20749	1816	testable	443	0	0.001743687711499648	1.0
ETS1	IFNg	GO_BP	126	56	68	20749	5392	testable	617	0	0.0003479669091834529	1.0
ETS1	IFNg	Hallmark	126	56	68	20749	50	testable	24	0	0.0013188156894693047	0.06594078447346523
ETS1	IFNg	Reactome	126	56	68	20749	1816	testable	342	0	0.008515026140449114	1.0
ETS1	dex	GO_BP	145	52	92	20749	5392	testable	1051	1	4.9242203839452584e-06	0.026551396310232834
ETS1	dex	Hallmark	145	52	92	20749	50	testable	29	0	0.0062600941203750406	0.313004706018752
ETS1	dex	Reactome	145	52	92	20749	1816	testable	315	0	0.0011921644776637626	0.8259795041576924
ETS1	palmitate	GO_BP	128	85	38	20749	5392	testable	784	0	3.8209478467465375e-05	0.2060255078965733
ETS1	palmitate	Hallmark	128	85	38	20749	50	testable	28	0	0.0036377849429975813	0.18188924714987906
ETS1	palmitate	Reactome	128	85	38	20749	1816	testable	379	0	0.0002811780464838384	0.5106193324146505
ETS2	3-cyt	GO_BP	91	50	40	20749	5392	testable	366	0	0.000523614628864353	1.0
ETS2	3-cyt	Hallmark	91	50	40	20749	50	testable	23	0	0.030309141304937726	1.0
ETS2	3-cyt	Reactome	91	50	40	20749	1816	testable	239	0	0.00011349443043914759	0.20610588567749202
ETS2	Ex-4_HG	GO_BP	75	37	34	20749	5392	testable	573	0	3.559712426451296e-05	0.1194969165067425
ETS2	Ex-4_HG	Hallmark	75	37	34	20749	50	testable	25	0	0.0014179496131377187	0.07089748065688593
ETS2	Ex-4_HG	Reactome	75	37	34	20749	1816	testable	231	0	0.002348306933286776	1.0
ETS2	IFNg	GO_BP	54	27	25	20749	5392	testable	395	0	0.000990335410847567	1.0
ETS2	IFNg	Hallmark	54	27	25	20749	50	testable	18	0	0.0058005781710444085	0.13518549119562598
ETS2	IFNg	Reactome	54	27	25	20749	1816	testable	226	0	0.004176629934501003	1.0
ETS2	dex	GO_BP	167	89	77	20749	5392	testable	692	0	0.0033766638811901966	1.0
ETS2	dex	Hallmark	167	89	77	20749	50	testable	23	0	0.0028889463981012172	0.14444731990506085
ETS2	dex	Reactome	167	89	77	20749	1816	testable	288	0	0.005499007724075138	1.0
ETS2	palmitate	GO_BP	127	71	51	20749	5392	testable	772	0	3.242599381106152e-05	0.09610897254727335
ETS2	palmitate	Hallmark	127	71	51	20749	50	testable	31	0	0.001712985133171786	0.0856492566585893
ETS2	palmitate	Reactome	127	71	51	20749	1816	testable	320	0	0.0023113346026446004	1.0
ETV1	3-cyt	GO_BP	188	66	121	20749	5392	testable	846	0	0.00024352515887317403	1.0
ETV1	3-cyt	Hallmark	188	66	121	20749	50	testable	32	0	0.02577620688129259	0.8529580001098641
ETV1	3-cyt	Reactome	188	66	121	20749	1816	testable	511	0	0.00687628008748506	1.0
ETV1	Ex-4_HG	GO_BP	64	35	25	20749	5392	testable	576	0	6.917217361767633e-05	0.37297636014651075
ETV1	Ex-4_HG	Hallmark	64	35	25	20749	50	testable	22	1	0.000311541604945466	0.0155770802472733
ETV1	Ex-4_HG	Reactome	64	35	25	20749	1816	testable	188	0	0.00071470189846655	1.0
ETV1	IFNg	GO_BP	138	35	101	20749	5392	testable	724	0	0.001842882197422919	1.0
ETV1	IFNg	Hallmark	138	35	101	20749	50	testable	33	0	0.07980066788406061	0.8993622060159596
ETV1	IFNg	Reactome	138	35	101	20749	1816	testable	377	0	0.013718802256172481	1.0
ETV1	dex	GO_BP	191	92	98	20749	5392	testable	853	0	0.001347713200089367	1.0
ETV1	dex	Hallmark	191	92	98	20749	50	testable	30	0	0.015177491803243822	0.758874590162191
ETV1	dex	Reactome	191	92	98	20749	1816	testable	393	0	0.005906589829677453	1.0
ETV1	palmitate	GO_BP	47	21	21	20749	5392	testable	328	0	0.0011270490360503268	1.0
ETV1	palmitate	Hallmark	47	21	21	20749	50	testable	15	0	0.0061960708331693535	0.3098035416584677
ETV1	palmitate	Reactome	47	21	21	20749	1816	testable	202	0	0.005320058394644789	1.0
ETV3	3-cyt	GO_BP	54	22	31	20749	5392	testable	252	0	0.0001384475810931206	0.7465093572541063
ETV3	3-cyt	Hallmark	54	22	31	20749	50	testable	17	0	0.0476287785574812	0.8684387896081267
ETV3	3-cyt	Reactome	54	22	31	20749	1816	testable	196	0	0.00029519025697144496	0.391804006614578
ETV3	Ex-4_HG	GO_BP	168	101	63	20749	5392	testable	1037	0	0.0006112515152562685	1.0
ETV3	Ex-4_HG	Hallmark	168	101	63	20749	50	testable	37	0	0.007774421762110653	0.3837803552254329
ETV3	Ex-4_HG	Reactome	168	101	63	20749	1816	testable	534	0	0.0002702021876182638	0.49068717271476703
ETV3	IFNg	GO_BP	163	117	44	20749	5392	testable	717	0	0.0016649159291601922	1.0
ETV3	IFNg	Hallmark	163	117	44	20749	50	testable	36	0	0.006002324690392934	0.24707104729370247
ETV3	IFNg	Reactome	163	117	44	20749	1816	testable	392	0	0.0032200922645970694	1.0
ETV3	dex	GO_BP	125	61	63	20749	5392	testable	655	0	0.0006180838947970127	1.0
ETV3	dex	Hallmark	125	61	63	20749	50	testable	28	0	0.07573002148484162	1.0
ETV3	dex	Reactome	125	61	63	20749	1816	testable	414	0	0.0008481555131970054	1.0
ETV3	palmitate	GO_BP	187	118	64	20749	5392	testable	716	0	0.0007936306065736699	1.0
ETV3	palmitate	Hallmark	187	118	64	20749	50	testable	31	0	0.007953094685134726	0.3976547342567363
ETV3	palmitate	Reactome	187	118	64	20749	1816	testable	420	0	0.007953094685134726	1.0
ETV4	3-cyt	GO_BP	67	29	37	20749	5392	testable	475	0	0.0001527937737063055	0.5755013695136886
ETV4	3-cyt	Hallmark	67	29	37	20749	50	testable	20	0	0.008067120040183166	0.40335600200915833
ETV4	3-cyt	Reactome	67	29	37	20749	1816	testable	167	0	0.009720763978081564	1.0
ETV4	Ex-4_HG	GO_BP	123	82	37	20749	5392	testable	680	0	0.0005147778858962082	1.0
ETV4	Ex-4_HG	Hallmark	123	82	37	20749	50	testable	33	0	0.008142962994862009	0.40714814974310043
ETV4	Ex-4_HG	Reactome	123	82	37	20749	1816	testable	303	0	0.0007574593136158603	1.0
ETV4	IFNg	GO_BP	10	7	1	20749	5392	testable	114	0	0.00030625074933503694	1.0
ETV4	IFNg	Hallmark	10	7	1	20749	50	testable	8	0	0.014367913951567444	0.46004128670124816
ETV4	IFNg	Reactome	10	7	1	20749	1816	testable	21	0	0.004810111381630942	1.0
ETV4	dex	GO_BP	41	25	15	20749	5392	testable	283	0	0.00013594465845770648	0.6694085632359945
ETV4	dex	Hallmark	41	25	15	20749	50	testable	17	0	0.00380229901066851	0.1901149505334255
ETV4	dex	Reactome	41	25	15	20749	1816	testable	204	0	0.0003414923860642437	0.320270446518609
ETV4	palmitate	GO_BP	197	154	38	20749	5392	testable	1251	0	0.00036599467982444535	0.8624207504477858
ETV4	palmitate	Hallmark	197	154	38	20749	50	testable	42	2	0.000609840691299351	0.030492034564967553
ETV4	palmitate	Reactome	197	154	38	20749	1816	testable	500	2	1.5942412184763209e-06	0.002895142052752999
ETV5	3-cyt	GO_BP	123	78	44	20749	5392	testable	798	0	0.0003445229837459874	1.0
ETV5	3-cyt	Hallmark	123	78	44	20749	50	testable	34	0	0.04554556327517222	0.5459007591571272
ETV5	3-cyt	Reactome	123	78	44	20749	1816	testable	370	0	0.001439825405085389	0.46136381343917926
ETV5	Ex-4_HG	GO_BP	202	156	42	20749	5392	testable	1047	1	1.9154192466548184e-06	0.01032794057796278
ETV5	Ex-4_HG	Hallmark	202	156	42	20749	50	testable	36	0	0.01596839435410246	0.7436614300371192
ETV5	Ex-4_HG	Reactome	202	156	42	20749	1816	testable	508	0	0.0019178505205774273	1.0
ETV5	IFNg	GO_BP	183	79	102	20749	5392	testable	858	0	2.9268131958652493e-05	0.09597667013400502
ETV5	IFNg	Hallmark	183	79	102	20749	50	testable	31	3	1.6243885721571473e-07	8.121942860785736e-06
ETV5	IFNg	Reactome	183	79	102	20749	1816	testable	395	0	0.00022079500326757618	0.4009637259339183
ETV5	dex	GO_BP	197	115	81	20749	5392	testable	1049	0	0.0002673870108462121	0.7163617979373545
ETV5	dex	Hallmark	197	115	81	20749	50	testable	38	0	0.017583464847841797	0.8791732423920898
ETV5	dex	Reactome	197	115	81	20749	1816	testable	555	0	0.0024185711012959703	1.0
ETV5	palmitate	GO_BP	105	43	57	20749	5392	testable	642	0	0.000732076021572338	1.0
ETV5	palmitate	Hallmark	105	43	57	20749	50	testable	23	0	0.07919810111316991	1.0
ETV5	palmitate	Reactome	105	43	57	20749	1816	testable	346	0	7.193027727808513e-05	0.1306253835370026
ETV6	3-cyt	GO_BP	140	104	35	20749	5392	testable	871	9	6.023395451192414e-11	2.605769553623375e-07
ETV6	3-cyt	Hallmark	140	104	35	20749	50	testable	27	5	4.391016397090588e-32	2.195508198545294e-30
ETV6	3-cyt	Reactome	140	104	35	20749	1816	testable	344	5	7.8592068581768e-10	1.427231965444907e-06
ETV6	Ex-4_HG	GO_BP	169	103	62	20749	5392	testable	929	0	2.884766875455571e-05	0.1555466299245644
ETV6	Ex-4_HG	Hallmark	169	103	62	20749	50	testable	30	0	0.0018930233883910233	0.09465116941955116
ETV6	Ex-4_HG	Reactome	169	103	62	20749	1816	testable	412	0	0.0006250133047639408	0.5162956900538198
ETV6	IFNg	GO_BP	164	88	74	20749	5392	testable	752	0	0.00030389004024725363	1.0
ETV6	IFNg	Hallmark	164	88	74	20749	50	testable	26	2	5.291386376547767e-07	2.6456931882738834e-05
ETV6	IFNg	Reactome	164	88	74	20749	1816	testable	356	0	0.00030389004024725363	0.4626999885887178
ETV6	dex	GO_BP	193	102	90	20749	5392	testable	730	0	0.0022155746075156785	1.0
ETV6	dex	Hallmark	193	102	90	20749	50	testable	27	0	0.014683437545637792	0.7341718772818896
ETV6	dex	Reactome	193	102	90	20749	1816	testable	423	0	0.027647521894917742	1.0
ETV6	palmitate	GO_BP	158	119	34	20749	5392	testable	817	0	0.00034227161966887606	0.8963944281289585
ETV6	palmitate	Hallmark	158	119	34	20749	50	testable	32	0	0.028477934220277383	1.0
ETV6	palmitate	Reactome	158	119	34	20749	1816	testable	407	0	0.0015655462831551928	1.0
FEV	3-cyt	GO_BP	137	95	41	20749	5392	testable	719	0	0.00043178912718136605	1.0
FEV	3-cyt	Hallmark	137	95	41	20749	50	testable	27	0	0.0187689269484184	0.93844634742092
FEV	3-cyt	Reactome	137	95	41	20749	1816	testable	547	0	0.000395566122673266	0.718348078774651
FEV	Ex-4_HG	GO_BP	60	36	20	20749	5392	testable	496	0	0.0002921894940676106	0.563652905016016
FEV	Ex-4_HG	Hallmark	60	36	20	20749	50	testable	27	0	0.056714397404244984	0.8079355663331201
FEV	Ex-4_HG	Reactome	60	36	20	20749	1816	testable	248	0	0.0010875098653549712	1.0
FEV	IFNg	GO_BP	100	50	48	20749	5392	testable	549	0	0.0004867368926631337	1.0
FEV	IFNg	Hallmark	100	50	48	20749	50	testable	21	0	0.02608122622337273	0.9154369571198747
FEV	IFNg	Reactome	100	50	48	20749	1816	testable	311	0	0.0017039368804318096	1.0
FEV	dex	GO_BP	169	125	43	20749	5392	testable	768	0	0.0028430379408249987	1.0
FEV	dex	Hallmark	169	125	43	20749	50	testable	24	0	0.0372615405160107	1.0
FEV	dex	Reactome	169	125	43	20749	1816	testable	467	0	0.009088439644524694	1.0
FEV	palmitate	GO_BP	108	68	35	20749	5392	testable	495	0	0.0006094161935799577	1.0
FEV	palmitate	Hallmark	108	68	35	20749	50	testable	20	0	0.044355667817355525	1.0
FEV	palmitate	Reactome	108	68	35	20749	1816	testable	139	0	0.006323533922116106	1.0
FOS	3-cyt	GO_BP	157	83	73	20749	5392	testable	766	0	0.0029525336114217472	1.0
FOS	3-cyt	Hallmark	157	83	73	20749	50	testable	27	0	0.012845411057320408	0.6422705528660204
FOS	3-cyt	Reactome	157	83	73	20749	1816	testable	302	0	0.00016982578330805155	0.30840362248742165
FOS	Ex-4_HG	GO_BP	67	41	22	20749	5392	testable	385	0	1.2902529013348797e-05	0.06957043643997671
FOS	Ex-4_HG	Hallmark	67	41	22	20749	50	testable	27	0	0.0010948033075449644	0.05474016537724822
FOS	Ex-4_HG	Reactome	67	41	22	20749	1816	testable	152	0	0.003721658076827702	1.0
FOS	IFNg	GO_BP	163	110	51	20749	5392	testable	893	0	2.58940418883462e-05	0.09301744138192101
FOS	IFNg	Hallmark	163	110	51	20749	50	testable	39	3	0.00025643735316997117	0.012821867658498558
FOS	IFNg	Reactome	163	110	51	20749	1816	testable	437	0	9.939856571940963e-05	0.1805077953464479
FOS	dex	GO_BP	168	97	70	20749	5392	testable	859	0	0.00038906310537657675	0.9920580369963078
FOS	dex	Hallmark	168	97	70	20749	50	testable	34	1	0.00014661039523121538	0.007330519761560769
FOS	dex	Reactome	168	97	70	20749	1816	testable	410	0	0.001511035288237923	1.0
FOS	palmitate	GO_BP	125	99	21	20749	5392	testable	758	0	0.000984484404657167	1.0
FOS	palmitate	Hallmark	125	99	21	20749	50	testable	33	0	0.021544506906065172	0.9144368116707859
FOS	palmitate	Reactome	125	99	21	20749	1816	testable	431	0	0.0022842257087071164	1.0
FOXA1	3-cyt	GO_BP	126	72	53	20749	5392	testable	782	0	0.00021776665902934573	1.0
FOXA1	3-cyt	Hallmark	126	72	53	20749	50	testable	26	0	0.04122607662322946	1.0
FOXA1	3-cyt	Reactome	126	72	53	20749	1816	testable	328	0	0.020748527841012485	1.0
FOXA1	Ex-4_HG	GO_BP	52	42	6	20749	5392	testable	349	1	1.8402767641176185e-06	0.0099227723121222
FOXA1	Ex-4_HG	Hallmark	52	42	6	20749	50	testable	21	0	0.06031735699859134	0.8451525678413567
FOXA1	Ex-4_HG	Reactome	52	42	6	20749	1816	testable	119	0	0.007499968644459204	1.0
FOXA1	IFNg	GO_BP	181	121	58	20749	5392	testable	881	0	0.00029541795708784633	1.0
FOXA1	IFNg	Hallmark	181	121	58	20749	50	testable	28	0	0.0065509924250978235	0.3275496212548912
FOXA1	IFNg	Reactome	181	121	58	20749	1816	testable	455	0	0.0026494172144420542	1.0
FOXA1	dex	GO_BP	173	115	57	20749	5392	testable	957	0	0.00039056195218670827	1.0
FOXA1	dex	Hallmark	173	115	57	20749	50	testable	28	0	0.04286162859249399	1.0
FOXA1	dex	Reactome	173	115	57	20749	1816	testable	613	0	0.001093744674904318	0.8165331818562873
FOXA1	palmitate	GO_BP	188	95	88	20749	5392	testable	959	0	0.0008020865954343644	1.0
FOXA1	palmitate	Hallmark	188	95	88	20749	50	testable	29	0	0.0037510515597204423	0.18755257798602212
FOXA1	palmitate	Reactome	188	95	88	20749	1816	testable	506	0	0.0027300642550650823	1.0
FOXA2	3-cyt	GO_BP	54	26	27	20749	5392	testable	318	0	0.0017687087242886598	1.0
FOXA2	3-cyt	Hallmark	54	26	27	20749	50	testable	13	0	0.06375152717507318	1.0
FOXA2	3-cyt	Reactome	54	26	27	20749	1816	testable	253	0	0.007229455692621696	1.0
FOXA2	Ex-4_HG	GO_BP	102	52	46	20749	5392	testable	717	0	0.0003543654634080649	1.0
FOXA2	Ex-4_HG	Hallmark	102	52	46	20749	50	testable	29	1	0.0008760184724692585	0.043800923623462926
FOXA2	Ex-4_HG	Reactome	102	52	46	20749	1816	testable	370	0	0.0047282238046735155	1.0
FOXA2	IFNg	GO_BP	91	53	36	20749	5392	testable	839	0	4.3849255314843526e-05	0.11053626138567821
FOXA2	IFNg	Hallmark	91	53	36	20749	50	testable	27	0	0.0091954908312013	0.459774541560065
FOXA2	IFNg	Reactome	91	53	36	20749	1816	testable	295	0	0.0001886167710593078	0.34252805624370297
FOXA2	dex	GO_BP	103	58	44	20749	5392	testable	568	1	6.685636931321255e-06	0.036048954333684206
FOXA2	dex	Hallmark	103	58	44	20749	50	testable	24	0	0.028623511903670393	0.7294044106737437
FOXA2	dex	Reactome	103	58	44	20749	1816	testable	344	0	0.005599525873551459	1.0
FOXA2	palmitate	GO_BP	162	137	20	20749	5392	testable	820	0	0.00019840770420895702	1.0
FOXA2	palmitate	Hallmark	162	137	20	20749	50	testable	35	1	0.0007240741679186597	0.03620370839593298
FOXA2	palmitate	Reactome	162	137	20	20749	1816	testable	360	0	0.0059506203607480775	1.0
FOXA3	3-cyt	GO_BP	153	91	61	20749	5392	testable	1013	0	0.0005462214760665064	1.0
FOXA3	3-cyt	Hallmark	153	91	61	20749	50	testable	20	0	0.002400988313336255	0.12004941566681275
FOXA3	3-cyt	Reactome	153	91	61	20749	1816	testable	429	1	1.0034882477272417e-05	0.01822334657872671
FOXA3	Ex-4_HG	GO_BP	104	63	37	20749	5392	testable	631	0	0.001589305939397452	1.0
FOXA3	Ex-4_HG	Hallmark	104	63	37	20749	50	testable	28	0	0.0644593283765451	1.0
FOXA3	Ex-4_HG	Reactome	104	63	37	20749	1816	testable	317	0	0.002281302090290513	1.0
FOXA3	IFNg	GO_BP	7	4	1	20749	5392	insufficient_lt10	0	0		
FOXA3	IFNg	Hallmark	7	4	1	20749	50	insufficient_lt10	0	0		
FOXA3	IFNg	Reactome	7	4	1	20749	1816	insufficient_lt10	0	0		
FOXA3	dex	GO_BP	149	65	83	20749	5392	testable	641	0	0.0005050206917770592	1.0
FOXA3	dex	Hallmark	149	65	83	20749	50	testable	27	0	0.02945697246870011	1.0
FOXA3	dex	Reactome	149	65	83	20749	1816	testable	299	0	0.0032248351954933642	1.0
FOXA3	palmitate	GO_BP	160	119	36	20749	5392	testable	853	0	0.00178955190653548	1.0
FOXA3	palmitate	Hallmark	160	119	36	20749	50	testable	35	0	0.019703518022579403	0.24311629940121912
FOXA3	palmitate	Reactome	160	119	36	20749	1816	testable	486	2	1.8399319981668364e-05	0.020807088843386848
FOXJ2	3-cyt	GO_BP	52	26	25	20749	5392	testable	293	0	0.0015438965429064202	1.0
FOXJ2	3-cyt	Hallmark	52	26	25	20749	50	testable	11	0	0.0054483089490923045	0.2724154474546152
FOXJ2	3-cyt	Reactome	52	26	25	20749	1816	testable	178	0	0.0067191136404228455	1.0
FOXJ2	Ex-4_HG	GO_BP	150	61	85	20749	5392	testable	777	0	0.0006704723962306855	1.0
FOXJ2	Ex-4_HG	Hallmark	150	61	85	20749	50	testable	29	0	0.029146765128193648	1.0
FOXJ2	Ex-4_HG	Reactome	150	61	85	20749	1816	testable	288	0	0.004836806722325745	1.0
FOXJ2	IFNg	GO_BP	72	43	27	20749	5392	testable	455	0	0.0004197329985943071	1.0
FOXJ2	IFNg	Hallmark	72	43	27	20749	50	testable	20	0	0.03675810816882135	0.7647644586727529
FOXJ2	IFNg	Reactome	72	43	27	20749	1816	testable	358	0	0.0034469119192831335	1.0
FOXJ2	dex	GO_BP	166	109	56	20749	5392	testable	697	0	0.0012768169001090993	1.0
FOXJ2	dex	Hallmark	166	109	56	20749	50	testable	22	0	0.11918834700844647	1.0
FOXJ2	dex	Reactome	166	109	56	20749	1816	testable	281	0	0.0062386345882445285	1.0
FOXJ2	palmitate	GO_BP	154	26	123	20749	5392	testable	811	0	0.00017086893466886942	0.9213252957345439
FOXJ2	palmitate	Hallmark	154	26	123	20749	50	testable	31	0	0.006791631931562081	0.33958159657810405
FOXJ2	palmitate	Reactome	154	26	123	20749	1816	testable	389	0	0.0015473642216919724	1.0
FOXJ3	3-cyt	GO_BP	103	50	52	20749	5392	testable	537	0	0.0015592431763850779	1.0
FOXJ3	3-cyt	Hallmark	103	50	52	20749	50	testable	21	0	0.009696687287650031	0.48483436438250155
FOXJ3	3-cyt	Reactome	103	50	52	20749	1816	testable	255	0	0.004818920243586007	1.0
FOXJ3	Ex-4_HG	GO_BP	130	66	60	20749	5392	testable	617	0	0.00041991759532840307	1.0
FOXJ3	Ex-4_HG	Hallmark	130	66	60	20749	50	testable	27	0	0.0026374157994646756	0.07542566024245628
FOXJ3	Ex-4_HG	Reactome	130	66	60	20749	1816	testable	475	0	0.0035878492374890494	1.0
FOXJ3	IFNg	GO_BP	10	4	4	20749	5392	testable	67	0	0.0001534460548858801	0.8256520202072596
FOXJ3	IFNg	Hallmark	10	4	4	20749	50	testable	8	0	0.02478601056214325	0.46004128670124816
FOXJ3	IFNg	Reactome	10	4	4	20749	1816	testable	15	0	0.004810111381630942	1.0
FOXJ3	dex	GO_BP	157	109	47	20749	5392	testable	601	0	0.0008365192140764474	1.0
FOXJ3	dex	Hallmark	157	109	47	20749	50	testable	25	0	0.03549447596951193	0.9195977159244513
FOXJ3	dex	Reactome	157	109	47	20749	1816	testable	267	0	0.006367819386820547	1.0
FOXJ3	palmitate	GO_BP	89	44	40	20749	5392	testable	530	0	0.00018040683820784502	0.48637683580835017
FOXJ3	palmitate	Hallmark	89	44	40	20749	50	testable	20	0	0.052881964587730375	1.0
FOXJ3	palmitate	Reactome	89	44	40	20749	1816	testable	188	0	0.00037674140829858205	0.684162397470225
FOXK1	3-cyt	GO_BP	153	91	61	20749	5392	testable	1013	0	0.0005462214760665064	1.0
FOXK1	3-cyt	Hallmark	153	91	61	20749	50	testable	20	0	0.002400988313336255	0.12004941566681275
FOXK1	3-cyt	Reactome	153	91	61	20749	1816	testable	429	1	1.0034882477272417e-05	0.01822334657872671
FOXK1	Ex-4_HG	GO_BP	63	38	21	20749	5392	testable	584	0	0.0016641863008968192	1.0
FOXK1	Ex-4_HG	Hallmark	63	38	21	20749	50	testable	23	0	0.010715635597305926	0.43912748895612885
FOXK1	Ex-4_HG	Reactome	63	38	21	20749	1816	testable	199	0	0.003210356239546804	1.0
FOXK1	IFNg	GO_BP	10	7	1	20749	5392	testable	114	0	0.00030625074933503694	1.0
FOXK1	IFNg	Hallmark	10	7	1	20749	50	testable	8	0	0.014367913951567444	0.46004128670124816
FOXK1	IFNg	Reactome	10	7	1	20749	1816	testable	21	0	0.004810111381630942	1.0
FOXK1	dex	GO_BP	97	84	12	20749	5392	testable	571	0	3.472904096629024e-05	0.09362949444511849
FOXK1	dex	Hallmark	97	84	12	20749	50	testable	15	1	0.00022046958606117945	0.011023479303058973
FOXK1	dex	Reactome	97	84	12	20749	1816	testable	313	0	0.000986985357216313	1.0
FOXK1	palmitate	GO_BP	105	58	42	20749	5392	testable	818	0	0.00017316343614247082	0.5585288234621932
FOXK1	palmitate	Hallmark	105	58	42	20749	50	testable	32	0	0.026540013070849643	0.9672212616592547
FOXK1	palmitate	Reactome	105	58	42	20749	1816	testable	425	0	0.0002570115591785555	0.32573524674969034
FOXK2	3-cyt	GO_BP	121	64	56	20749	5392	testable	674	0	0.003910372206017882	1.0
FOXK2	3-cyt	Hallmark	121	64	56	20749	50	testable	23	0	0.09167809684967267	1.0
FOXK2	3-cyt	Reactome	121	64	56	20749	1816	testable	339	0	0.0004506575631687716	0.8183941347144892
FOXK2	Ex-4_HG	GO_BP	132	69	59	20749	5392	testable	758	0	0.0011941999519231486	1.0
FOXK2	Ex-4_HG	Hallmark	132	69	59	20749	50	testable	23	0	0.07995644539235605	1.0
FOXK2	Ex-4_HG	Reactome	132	69	59	20749	1816	testable	385	0	0.000247906939153128	0.44608734408223494
FOXK2	IFNg	GO_BP	10	7	1	20749	5392	testable	114	0	0.00030625074933503694	1.0
FOXK2	IFNg	Hallmark	10	7	1	20749	50	testable	8	0	0.014367913951567444	0.46004128670124816
FOXK2	IFNg	Reactome	10	7	1	20749	1816	testable	21	0	0.004810111381630942	1.0
FOXK2	dex	GO_BP	84	63	20	20749	5392	testable	360	0	0.004816910788681411	1.0
FOXK2	dex	Hallmark	84	63	20	20749	50	testable	21	0	0.07220448438468023	1.0
FOXK2	dex	Reactome	84	63	20	20749	1816	testable	322	0	0.0029347038127689887	1.0
FOXK2	palmitate	GO_BP	114	88	21	20749	5392	testable	827	0	0.00029601547599603935	1.0
FOXK2	palmitate	Hallmark	114	88	21	20749	50	testable	34	0	0.003418451062346166	0.1709225531173083
FOXK2	palmitate	Reactome	114	88	21	20749	1816	testable	346	0	0.00015443169373140987	0.16185123581907437
FOXO1	3-cyt	GO_BP	209	59	149	20749	5392	testable	1095	0	0.00033785130414185066	0.9868171144643175
FOXO1	3-cyt	Hallmark	209	59	149	20749	50	testable	29	0	0.00756688752767635	0.3783443763838175
FOXO1	3-cyt	Reactome	209	59	149	20749	1816	testable	440	0	0.008484992869060409	1.0
FOXO1	Ex-4_HG	GO_BP	145	65	76	20749	5392	testable	717	0	0.0025595116987506307	1.0
FOXO1	Ex-4_HG	Hallmark	145	65	76	20749	50	testable	29	0	0.014236568667355955	0.6681334522474688
FOXO1	Ex-4_HG	Reactome	145	65	76	20749	1816	testable	306	0	0.00479765185402093	1.0
FOXO1	IFNg	GO_BP	206	63	141	20749	5392	testable	814	0	0.001124136051427011	1.0
FOXO1	IFNg	Hallmark	206	63	141	20749	50	testable	35	0	0.013026822995849268	0.2486478061762358
FOXO1	IFNg	Reactome	206	63	141	20749	1816	testable	484	0	0.0020686730772220955	1.0
FOXO1	dex	GO_BP	114	45	68	20749	5392	testable	486	0	0.010958558044983824	1.0
FOXO1	dex	Hallmark	114	45	68	20749	50	testable	25	0	0.020373569418930964	0.9281991997979259
FOXO1	dex	Reactome	114	45	68	20749	1816	testable	218	0	0.005494240686297937	1.0
FOXO1	palmitate	GO_BP	117	41	71	20749	5392	testable	662	0	0.0006499163991978505	1.0
FOXO1	palmitate	Hallmark	117	41	71	20749	50	testable	30	0	0.013706082481496068	0.5864337525975135
FOXO1	palmitate	Reactome	117	41	71	20749	1816	testable	296	0	0.002361113903092339	1.0
FOXO3	3-cyt	GO_BP	206	80	125	20749	5392	testable	817	0	0.0012921582995403128	1.0
FOXO3	3-cyt	Hallmark	206	80	125	20749	50	testable	35	0	0.08382463145711772	1.0
FOXO3	3-cyt	Reactome	206	80	125	20749	1816	testable	420	0	0.008252092459292343	1.0
FOXO3	Ex-4_HG	GO_BP	108	65	39	20749	5392	testable	656	0	0.00032575062127574204	1.0
FOXO3	Ex-4_HG	Hallmark	108	65	39	20749	50	testable	29	0	0.019799545622499328	0.6292362402464041
FOXO3	Ex-4_HG	Reactome	108	65	39	20749	1816	testable	315	0	0.0009437342774310433	1.0
FOXO3	IFNg	GO_BP	105	37	66	20749	5392	testable	659	0	0.0008633613931699102	1.0
FOXO3	IFNg	Hallmark	105	37	66	20749	50	testable	20	0	0.04626127437692814	1.0
FOXO3	IFNg	Reactome	105	37	66	20749	1816	testable	358	0	0.001619645870795466	1.0
FOXO3	dex	GO_BP	153	66	86	20749	5392	testable	996	0	0.0005323878506544536	1.0
FOXO3	dex	Hallmark	153	66	86	20749	50	testable	29	1	0.0004251188022940293	0.021255940114701465
FOXO3	dex	Reactome	153	66	86	20749	1816	testable	649	0	0.00019553005025030375	0.2601386819953436
FOXO3	palmitate	GO_BP	64	30	29	20749	5392	testable	594	0	0.0002426752799939178	0.8529237733656687
FOXO3	palmitate	Hallmark	64	30	29	20749	50	testable	26	0	0.0028906264140608822	0.1445313207030441
FOXO3	palmitate	Reactome	64	30	29	20749	1816	testable	380	3	4.545465604685489e-07	0.0008254565538108848
FOXO6	3-cyt	GO_BP	80	47	32	20749	5392	testable	408	0	0.001521597127370011	1.0
FOXO6	3-cyt	Hallmark	80	47	32	20749	50	testable	14	0	0.11908955996384346	1.0
FOXO6	3-cyt	Reactome	80	47	32	20749	1816	testable	324	0	0.002011759846620616	1.0
FOXO6	Ex-4_HG	GO_BP	101	60	37	20749	5392	testable	713	0	3.090252675598642e-05	0.16662642426827878
FOXO6	Ex-4_HG	Hallmark	101	60	37	20749	50	testable	23	0	0.013723849519854173	0.6861924759927087
FOXO6	Ex-4_HG	Reactome	101	60	37	20749	1816	testable	393	1	2.1698559978713442e-05	0.03940458492134361
FOXO6	IFNg	GO_BP	9	4	3	20749	5392	insufficient_lt10	0	0		
FOXO6	IFNg	Hallmark	9	4	3	20749	50	insufficient_lt10	0	0		
FOXO6	IFNg	Reactome	9	4	3	20749	1816	insufficient_lt10	0	0		
FOXO6	dex	GO_BP	103	70	32	20749	5392	testable	610	0	0.0018367836820019896	1.0
FOXO6	dex	Hallmark	103	70	32	20749	50	testable	16	0	0.04411824069678107	1.0
FOXO6	dex	Reactome	103	70	32	20749	1816	testable	335	0	0.0013035858618986739	1.0
FOXO6	palmitate	GO_BP	190	90	95	20749	5392	testable	696	0	0.0008932820669507259	1.0
FOXO6	palmitate	Hallmark	190	90	95	20749	50	testable	28	0	0.03833286666914772	0.8783272066060792
FOXO6	palmitate	Reactome	190	90	95	20749	1816	testable	383	0	0.0028930758496230487	1.0
FOXP1	3-cyt	GO_BP	196	127	68	20749	5392	testable	1007	0	0.00026272199689354427	0.9396278702728807
FOXP1	3-cyt	Hallmark	196	127	68	20749	50	testable	35	4	3.5951500317773005e-15	1.7975750158886502e-13
FOXP1	3-cyt	Reactome	196	127	68	20749	1816	testable	594	5	1.3526236115651065e-06	0.0024563644786022333
FOXP1	Ex-4_HG	GO_BP	156	82	70	20749	5392	testable	888	0	0.00010319756590312314	0.4332654187363509
FOXP1	Ex-4_HG	Hallmark	156	82	70	20749	50	testable	33	0	0.03044962496765475	0.46029634286877924
FOXP1	Ex-4_HG	Reactome	156	82	70	20749	1816	testable	418	0	0.00010542523629442341	0.19145222911067292
FOXP1	IFNg	GO_BP	122	25	95	20749	5392	testable	864	0	1.086997499511061e-05	0.05861090517363641
FOXP1	IFNg	Hallmark	122	25	95	20749	50	testable	36	1	0.0001803472388705696	0.009017361943528479
FOXP1	IFNg	Reactome	122	25	95	20749	1816	testable	404	0	4.197453542471275e-05	0.07622575633127834
FOXP1	dex	GO_BP	149	100	48	20749	5392	testable	952	0	0.00015499447150336423	0.8357301903461399
FOXP1	dex	Hallmark	149	100	48	20749	50	testable	36	1	0.0005584971607645905	0.027924858038229524
FOXP1	dex	Reactome	149	100	48	20749	1816	testable	443	0	3.6325506090359645e-05	0.06596711906009312
FOXP1	palmitate	GO_BP	155	96	54	20749	5392	testable	646	0	0.0011360794337162104	1.0
FOXP1	palmitate	Hallmark	155	96	54	20749	50	testable	32	0	0.006913566089268129	0.3456783044634064
FOXP1	palmitate	Reactome	155	96	54	20749	1816	testable	432	0	0.006270063007817021	1.0
FOXP2	3-cyt	GO_BP	51	23	27	20749	5392	testable	274	0	0.0002101804365826788	0.56859240267429
FOXP2	3-cyt	Hallmark	51	23	27	20749	50	testable	18	0	0.04648463335131632	0.9504589566801288
FOXP2	3-cyt	Reactome	51	23	27	20749	1816	testable	90	0	0.0006093519232768302	1.0
FOXP2	Ex-4_HG	GO_BP	85	41	40	20749	5392	testable	579	0	0.00034367535892114594	1.0
FOXP2	Ex-4_HG	Hallmark	85	41	40	20749	50	testable	25	0	0.024181610629579832	0.798142626948944
FOXP2	Ex-4_HG	Reactome	85	41	40	20749	1816	testable	209	0	0.0032278649803187485	1.0
FOXP2	IFNg	GO_BP	58	22	34	20749	5392	testable	528	0	0.0003406344125947841	0.9219006958034895
FOXP2	IFNg	Hallmark	58	22	34	20749	50	testable	22	0	0.007076233477052762	0.3240182679637537
FOXP2	IFNg	Reactome	58	22	34	20749	1816	testable	230	0	0.0040675780039815266	1.0
FOXP2	dex	GO_BP	143	58	84	20749	5392	testable	807	0	2.3929679716612514e-05	0.07042098499590092
FOXP2	dex	Hallmark	143	58	84	20749	50	testable	32	0	0.020225384616224445	0.5733958603161674
FOXP2	dex	Reactome	143	58	84	20749	1816	testable	381	0	0.0006016253826618711	1.0
FOXP2	palmitate	GO_BP	172	78	89	20749	5392	testable	1003	0	0.00028954160365179347	0.7244784701888164
FOXP2	palmitate	Hallmark	172	78	89	20749	50	testable	33	0	0.0062694022334650245	0.18089583540704707
FOXP2	palmitate	Reactome	172	78	89	20749	1816	testable	439	0	0.0003494486532694225	0.2522967928653173
GABPA	3-cyt	GO_BP	202	90	111	20749	5392	testable	996	0	0.0009250822676902338	1.0
GABPA	3-cyt	Hallmark	202	90	111	20749	50	testable	35	0	0.02182572457841016	0.6980020415112935
GABPA	3-cyt	Reactome	202	90	111	20749	1816	testable	626	0	0.00036042809183511323	0.6545374147725657
GABPA	Ex-4_HG	GO_BP	66	24	38	20749	5392	testable	597	0	0.00019161794759334954	0.44775244427351507
GABPA	Ex-4_HG	Hallmark	66	24	38	20749	50	testable	25	0	0.06706466661356171	0.9119144655349131
GABPA	Ex-4_HG	Reactome	66	24	38	20749	1816	testable	336	0	0.0004799608118358718	0.8716088342939432
GABPA	IFNg	GO_BP	129	76	51	20749	5392	testable	796	0	0.00012083030264439681	0.5574633115329827
GABPA	IFNg	Hallmark	129	76	51	20749	50	testable	29	0	0.014395956675976465	0.502698568296728
GABPA	IFNg	Reactome	129	76	51	20749	1816	testable	426	0	0.0024302391157548777	1.0
GABPA	dex	GO_BP	153	59	93	20749	5392	testable	1139	0	6.709147462639965e-05	0.22207536321419596
GABPA	dex	Hallmark	153	59	93	20749	50	testable	36	0	0.003079798839576846	0.1539899419788423
GABPA	dex	Reactome	153	59	93	20749	1816	testable	482	0	0.0003167285411848871	0.5026747282027564
GABPA	palmitate	GO_BP	176	120	51	20749	5392	testable	917	0	0.00043540858723109966	0.8083325649145382
GABPA	palmitate	Hallmark	176	120	51	20749	50	testable	36	0	0.005578060382352773	0.27890301911763865
GABPA	palmitate	Reactome	176	120	51	20749	1816	testable	453	0	0.0029593040436695765	1.0
GATA4	3-cyt	GO_BP	106	59	46	20749	5392	testable	859	0	0.00016119114220230075	0.8062358476389412
GATA4	3-cyt	Hallmark	106	59	46	20749	50	testable	21	0	0.06456192731666552	1.0
GATA4	3-cyt	Reactome	106	59	46	20749	1816	testable	367	0	0.0016502626940818436	1.0
GATA4	Ex-4_HG	GO_BP	103	68	31	20749	5392	testable	664	0	0.0003613360586579162	1.0
GATA4	Ex-4_HG	Hallmark	103	68	31	20749	50	testable	31	0	0.0043728641669979595	0.21864320834989798
GATA4	Ex-4_HG	Reactome	103	68	31	20749	1816	testable	378	0	0.001943420326887582	0.9441245392344854
GATA4	IFNg	GO_BP	126	69	55	20749	5392	testable	733	0	0.00021776665902934573	0.5870989127431161
GATA4	IFNg	Hallmark	126	69	55	20749	50	testable	28	0	0.03982528663260264	0.8053576041921781
GATA4	IFNg	Reactome	126	69	55	20749	1816	testable	318	0	0.007574167377468275	1.0
GATA4	dex	GO_BP	203	153	49	20749	5392	testable	777	0	0.0022698685823051017	1.0
GATA4	dex	Hallmark	203	153	49	20749	50	testable	22	0	0.06004428182320283	1.0
GATA4	dex	Reactome	203	153	49	20749	1816	testable	413	0	0.004796139204621656	1.0
GATA4	palmitate	GO_BP	156	117	34	20749	5392	testable	903	0	0.00021726235641913484	1.0
GATA4	palmitate	Hallmark	156	117	34	20749	50	testable	33	0	0.02321227692135526	0.6979937347988626
GATA4	palmitate	Reactome	156	117	34	20749	1816	testable	295	0	0.0015266281097110438	1.0
GATA6	3-cyt	GO_BP	188	133	54	20749	5392	testable	1107	8	4.15060583699126e-11	2.2380066673056874e-07
GATA6	3-cyt	Hallmark	188	133	54	20749	50	testable	36	0	0.005653620319387813	0.28268101596939066
GATA6	3-cyt	Reactome	188	133	54	20749	1816	testable	613	40	4.721238479809293e-13	2.6602375480693285e-10
GATA6	Ex-4_HG	GO_BP	114	58	52	20749	5392	testable	743	0	0.0002305068629676144	0.9206609523216915
GATA6	Ex-4_HG	Hallmark	114	58	52	20749	50	testable	29	0	0.001483811072681372	0.05145711144017428
GATA6	Ex-4_HG	Reactome	114	58	52	20749	1816	testable	461	0	0.0015933229632188561	1.0
GATA6	IFNg	GO_BP	106	30	74	20749	5392	testable	629	0	0.00038264959187251155	0.9564348522552054
GATA6	IFNg	Hallmark	106	30	74	20749	50	testable	27	0	0.008818638703731901	0.2414952918387748
GATA6	IFNg	Reactome	106	30	74	20749	1816	testable	349	0	0.0016502626940818436	1.0
GATA6	dex	GO_BP	100	55	44	20749	5392	testable	564	0	0.00022780011730706603	1.0
GATA6	dex	Hallmark	100	55	44	20749	50	testable	20	0	0.08836456686171978	1.0
GATA6	dex	Reactome	100	55	44	20749	1816	testable	276	0	5.107108426923209e-05	0.07150384338176285
GATA6	palmitate	GO_BP	102	66	31	20749	5392	testable	513	0	0.0006572449324069906	1.0
GATA6	palmitate	Hallmark	102	66	31	20749	50	testable	19	0	0.14092082931931166	1.0
GATA6	palmitate	Reactome	102	66	31	20749	1816	testable	251	0	0.01211823263192282	1.0
GMEB1	3-cyt	GO_BP	93	62	30	20749	5392	testable	620	0	0.0005468031243955579	0.9631684377847203
GMEB1	3-cyt	Hallmark	93	62	30	20749	50	testable	15	0	0.0552896550923823	1.0
GMEB1	3-cyt	Reactome	93	62	30	20749	1816	testable	290	0	0.0005468031243955579	0.793292276694826
GMEB1	Ex-4_HG	GO_BP	159	98	57	20749	5392	testable	1028	0	0.00022979905422111568	0.7747919208796197
GMEB1	Ex-4_HG	Hallmark	159	98	57	20749	50	testable	35	0	0.019304144950952538	0.8820158065640533
GMEB1	Ex-4_HG	Reactome	159	98	57	20749	1816	testable	427	0	0.003662005267024426	1.0
GMEB1	IFNg	GO_BP	7	4	1	20749	5392	insufficient_lt10	0	0		
GMEB1	IFNg	Hallmark	7	4	1	20749	50	insufficient_lt10	0	0		
GMEB1	IFNg	Reactome	7	4	1	20749	1816	insufficient_lt10	0	0		
GMEB1	dex	GO_BP	101	86	14	20749	5392	testable	623	0	0.0003474618698512474	1.0
GMEB1	dex	Hallmark	101	86	14	20749	50	testable	26	0	0.042687866307751045	0.8365703356860482
GMEB1	dex	Reactome	101	86	14	20749	1816	testable	344	0	0.002761102152011887	1.0
GMEB1	palmitate	GO_BP	113	100	8	20749	5392	testable	807	0	5.846076056472026e-05	0.31522042096497166
GMEB1	palmitate	Hallmark	113	100	8	20749	50	testable	25	0	0.0411500233672648	0.745510954839135
GMEB1	palmitate	Reactome	113	100	8	20749	1816	testable	379	0	0.001546822785333445	1.0
GMEB2	3-cyt	GO_BP	209	125	83	20749	5392	testable	1101	0	0.00033785130414185066	1.0
GMEB2	3-cyt	Hallmark	209	125	83	20749	50	testable	36	0	0.00756688752767635	0.2896406867880805
GMEB2	3-cyt	Reactome	209	125	83	20749	1816	testable	507	0	0.0052311547896193135	1.0
GMEB2	Ex-4_HG	GO_BP	184	114	66	20749	5392	testable	794	0	0.00010377552086181666	0.5595576084869155
GMEB2	Ex-4_HG	Hallmark	184	114	66	20749	50	testable	23	0	0.10355940381663596	1.0
GMEB2	Ex-4_HG	Reactome	184	114	66	20749	1816	testable	369	0	0.0030779348720597565	1.0
GMEB2	IFNg	GO_BP	136	114	20	20749	5392	testable	731	0	0.00012739326838703168	0.6869045031428748
GMEB2	IFNg	Hallmark	136	114	20	20749	50	testable	32	0	0.045700556198384625	1.0
GMEB2	IFNg	Reactome	136	114	20	20749	1816	testable	338	0	0.0004209979542428555	0.5709339872694267
GMEB2	dex	GO_BP	85	62	22	20749	5392	testable	466	0	0.00016453047086303414	0.88714829889348
GMEB2	dex	Hallmark	85	62	22	20749	50	testable	13	0	0.0045370943199398535	0.17014834887213476
GMEB2	dex	Reactome	85	62	22	20749	1816	testable	266	0	0.007505680484366181	1.0
GMEB2	palmitate	GO_BP	159	117	37	20749	5392	testable	782	0	0.0005747714546584715	1.0
GMEB2	palmitate	Hallmark	159	117	37	20749	50	testable	29	0	0.02438413062816703	1.0
GMEB2	palmitate	Reactome	159	117	37	20749	1816	testable	326	0	0.0013111489943273516	1.0
HESX1	3-cyt	GO_BP	62	29	32	20749	5392	testable	334	0	0.0003566070636310121	1.0
HESX1	3-cyt	Hallmark	62	29	32	20749	50	testable	10	0	0.055398360710581546	1.0
HESX1	3-cyt	Reactome	62	29	32	20749	1816	testable	302	0	0.0016122854751814653	1.0
HESX1	Ex-4_HG	GO_BP	17	7	6	20749	5392	testable	186	0	0.0019229428986872838	1.0
HESX1	Ex-4_HG	Hallmark	17	7	6	20749	50	testable	8	0	0.04177667789549715	0.7618911366079766
HESX1	Ex-4_HG	Reactome	17	7	6	20749	1816	testable	56	0	0.0065368672614352225	1.0
HESX1	IFNg	GO_BP	59	22	35	20749	5392	testable	354	0	0.000515104903427561	1.0
HESX1	IFNg	Hallmark	59	22	35	20749	50	testable	15	0	0.025478763964399045	0.7205720047964725
HESX1	IFNg	Reactome	59	22	35	20749	1816	testable	388	2	5.518016617813548e-06	0.006215150661369895
HESX1	dex	GO_BP	131	81	49	20749	5392	testable	649	0	0.00027908513623448576	1.0
HESX1	dex	Hallmark	131	81	49	20749	50	testable	32	0	0.039791486155988175	0.6637894703038941
HESX1	dex	Reactome	131	81	49	20749	1816	testable	380	0	0.0004322798806020733	0.5353728228802674
HESX1	palmitate	GO_BP	175	125	45	20749	5392	testable	681	0	0.00021101539798035136	1.0
HESX1	palmitate	Hallmark	175	125	45	20749	50	testable	32	0	0.011024224353047118	0.5512112176523559
HESX1	palmitate	Reactome	175	125	45	20749	1816	testable	475	0	0.0013293420564680061	1.0
HIC1	3-cyt	GO_BP	73	31	41	20749	5392	testable	530	0	1.818293219117786e-05	0.09804237037483102
HIC1	3-cyt	Hallmark	73	31	41	20749	50	testable	14	0	0.04419112948125958	1.0
HIC1	3-cyt	Reactome	73	31	41	20749	1816	testable	244	0	0.00010256308123674464	0.05901402214886956
HIC1	Ex-4_HG	GO_BP	173	71	98	20749	5392	testable	1018	0	0.0006798718630169533	1.0
HIC1	Ex-4_HG	Hallmark	173	71	98	20749	50	testable	32	0	0.010527092007533122	0.526354600376656
HIC1	Ex-4_HG	Reactome	173	71	98	20749	1816	testable	390	0	0.0023943420757597516	1.0
HIC1	IFNg	GO_BP	130	62	66	20749	5392	testable	642	0	0.0001644700757860363	0.8868226486383077
HIC1	IFNg	Hallmark	130	62	66	20749	50	testable	32	0	0.0026863702809882075	0.13431851404941036
HIC1	IFNg	Reactome	130	62	66	20749	1816	testable	254	0	0.0020646375390352277	1.0
HIC1	dex	GO_BP	182	42	139	20749	5392	testable	933	0	0.00040897764745153687	1.0
HIC1	dex	Hallmark	182	42	139	20749	50	testable	28	0	0.027323532905167636	0.6393378892648021
HIC1	dex	Reactome	182	42	139	20749	1816	testable	641	0	3.599112779462437e-05	0.06535988807503786
HIC1	palmitate	GO_BP	81	44	32	20749	5392	testable	474	0	0.000491298136062227	1.0
HIC1	palmitate	Hallmark	81	44	32	20749	50	testable	17	0	0.06350011419049345	1.0
HIC1	palmitate	Reactome	81	44	32	20749	1816	testable	281	0	0.0011205322610147582	1.0
HIC2	3-cyt	GO_BP	57	38	18	20749	5392	testable	440	0	1.0731452874590686e-05	0.05786399389979298
HIC2	3-cyt	Hallmark	57	38	18	20749	50	testable	18	0	0.005853239263641247	0.2926619631820624
HIC2	3-cyt	Reactome	57	38	18	20749	1816	testable	208	0	0.00026364372588051865	0.19913831295755557
HIC2	Ex-4_HG	GO_BP	155	81	70	20749	5392	testable	740	0	0.000815485196725604	1.0
HIC2	Ex-4_HG	Hallmark	155	81	70	20749	50	testable	30	0	0.04246842889764951	1.0
HIC2	Ex-4_HG	Reactome	155	81	70	20749	1816	testable	333	0	0.009644888218876766	1.0
HIC2	IFNg	GO_BP	48	33	13	20749	5392	testable	242	0	0.0018966296027950564	1.0
HIC2	IFNg	Hallmark	48	33	13	20749	50	testable	15	0	0.11359625690876653	1.0
HIC2	IFNg	Reactome	48	33	13	20749	1816	testable	160	0	0.009222061958082079	1.0
HIC2	dex	GO_BP	98	67	30	20749	5392	testable	622	0	6.603951569813924e-05	0.2949105991340927
HIC2	dex	Hallmark	98	67	30	20749	50	testable	18	0	0.03898516659902532	1.0
HIC2	dex	Reactome	98	67	30	20749	1816	testable	287	0	0.0048136346659611905	1.0
HIC2	palmitate	GO_BP	129	89	35	20749	5392	testable	721	0	0.0005660031426521956	1.0
HIC2	palmitate	Hallmark	129	89	35	20749	50	testable	31	0	0.009590068590939386	0.4795034295469693
HIC2	palmitate	Reactome	129	89	35	20749	1816	testable	415	0	0.00028419825175754113	0.19815663117530158
HLF	3-cyt	GO_BP	161	64	96	20749	5392	testable	900	0	6.183309551295937e-05	0.33340405100587694
HLF	3-cyt	Hallmark	161	64	96	20749	50	testable	23	0	0.13354235043350246	1.0
HLF	3-cyt	Reactome	161	64	96	20749	1816	testable	350	0	0.0020402851634609594	1.0
HLF	Ex-4_HG	GO_BP	114	49	61	20749	5392	testable	771	0	0.0010504259379994086	1.0
HLF	Ex-4_HG	Hallmark	114	49	61	20749	50	testable	26	0	0.011307477156011051	0.2603256587326768
HLF	Ex-4_HG	Reactome	114	49	61	20749	1816	testable	393	0	0.004402238890759896	1.0
HLF	IFNg	GO_BP	168	123	43	20749	5392	testable	848	3	1.2905791386844838e-06	0.006102618486520704
HLF	IFNg	Hallmark	168	123	43	20749	50	testable	38	0	0.029199524243725825	0.6767984391566527
HLF	IFNg	Reactome	168	123	43	20749	1816	testable	419	22	3.3480726731379993e-07	0.00040212269872983455
HLF	dex	GO_BP	177	71	105	20749	5392	testable	879	0	0.0014774167135482815	1.0
HLF	dex	Hallmark	177	71	105	20749	50	testable	34	1	0.0005674872360122819	0.028374361800614093
HLF	dex	Reactome	177	71	105	20749	1816	testable	336	0	0.0025044148437124657	1.0
HLF	palmitate	GO_BP	192	135	52	20749	5392	testable	1012	0	0.0006776324698485334	0.9332280307671593
HLF	palmitate	Hallmark	192	135	52	20749	50	testable	40	0	0.002946455876319506	0.1473227938159753
HLF	palmitate	Reactome	192	135	52	20749	1816	testable	372	0	0.004434633844334388	1.0
HNF1A	3-cyt	GO_BP	87	34	52	20749	5392	testable	457	0	6.054979606183815e-05	0.3264845003654313
HNF1A	3-cyt	Hallmark	87	34	52	20749	50	testable	19	0	0.01437391821064749	0.7186959105323745
HNF1A	3-cyt	Reactome	87	34	52	20749	1816	testable	239	0	0.0004990497022858664	0.9062742593511334
HNF1A	Ex-4_HG	GO_BP	108	62	42	20749	5392	testable	736	0	0.0005541793248935982	1.0
HNF1A	Ex-4_HG	Hallmark	108	62	42	20749	50	testable	26	0	0.01840914590578126	0.5507270380234371
HNF1A	Ex-4_HG	Reactome	108	62	42	20749	1816	testable	297	0	5.852992945007407e-05	0.10629035188133451
HNF1A	IFNg	GO_BP	106	73	31	20749	5392	testable	669	0	0.00047588572556716055	1.0
HNF1A	IFNg	Hallmark	106	73	31	20749	50	testable	31	1	0.00046013578596981725	0.023006789298490864
HNF1A	IFNg	Reactome	106	73	31	20749	1816	testable	420	0	0.0001273463235109342	0.08922978509925528
HNF1A	dex	GO_BP	126	86	39	20749	5392	testable	836	0	0.00045607735451542005	1.0
HNF1A	dex	Hallmark	126	86	39	20749	50	testable	32	0	0.0013188156894693047	0.06594078447346523
HNF1A	dex	Reactome	126	86	39	20749	1816	testable	350	0	0.0002311236849829156	0.4197206119289747
HNF1A	palmitate	GO_BP	76	63	8	20749	5392	testable	458	0	0.0003925203892629385	1.0
HNF1A	palmitate	Hallmark	76	63	8	20749	50	testable	23	0	0.013140795566677358	0.657039778333868
HNF1A	palmitate	Reactome	76	63	8	20749	1816	testable	178	0	0.0001415779761626186	0.2571056047113154
HNF1B	3-cyt	GO_BP	152	74	77	20749	5392	testable	749	0	0.00036014836281146454	1.0
HNF1B	3-cyt	Hallmark	152	74	77	20749	50	testable	26	0	0.0301469029064969	1.0
HNF1B	3-cyt	Reactome	152	74	77	20749	1816	testable	347	0	0.00027353627708596263	0.49674187918810814
HNF1B	Ex-4_HG	GO_BP	162	73	85	20749	5392	testable	704	0	0.003181501947439625	1.0
HNF1B	Ex-4_HG	Hallmark	162	73	85	20749	50	testable	33	0	0.030739029996379116	0.8049607536275991
HNF1B	Ex-4_HG	Reactome	162	73	85	20749	1816	testable	332	0	0.003181501947439625	1.0
HNF1B	IFNg	GO_BP	161	110	49	20749	5392	testable	496	0	0.0008753770422436847	1.0
HNF1B	IFNg	Hallmark	161	110	49	20749	50	testable	28	0	0.09551115153373062	1.0
HNF1B	IFNg	Reactome	161	110	49	20749	1816	testable	245	0	0.010372700881045346	1.0
HNF1B	dex	GO_BP	154	83	70	20749	5392	testable	789	0	0.003440125528815262	1.0
HNF1B	dex	Hallmark	154	83	70	20749	50	testable	29	0	0.017382912798455524	0.779125823640107
HNF1B	dex	Reactome	154	83	70	20749	1816	testable	343	0	0.004528461572060176	1.0
HNF1B	palmitate	GO_BP	129	81	43	20749	5392	testable	621	0	0.001341884051194131	1.0
HNF1B	palmitate	Hallmark	129	81	43	20749	50	testable	21	0	0.1707457756570127	1.0
HNF1B	palmitate	Reactome	129	81	43	20749	1816	testable	297	0	0.013044313431254052	1.0
HNF4A	3-cyt	GO_BP	84	45	38	20749	5392	testable	430	0	0.00387715392755592	1.0
HNF4A	3-cyt	Hallmark	84	45	38	20749	50	testable	21	0	0.11465992597195976	1.0
HNF4A	3-cyt	Reactome	84	45	38	20749	1816	testable	334	0	0.0012271366392831216	1.0
HNF4A	Ex-4_HG	GO_BP	128	75	49	20749	5392	testable	770	0	0.0010807935104032646	1.0
HNF4A	Ex-4_HG	Hallmark	128	75	49	20749	50	testable	30	0	0.004065278143207259	0.20326390716036294
HNF4A	Ex-4_HG	Reactome	128	75	49	20749	1816	testable	352	0	0.0005374287139105287	0.9253147871063949
HNF4A	IFNg	GO_BP	7	4	1	20749	5392	insufficient_lt10	0	0		
HNF4A	IFNg	Hallmark	7	4	1	20749	50	insufficient_lt10	0	0		
HNF4A	IFNg	Reactome	7	4	1	20749	1816	insufficient_lt10	0	0		
HNF4A	dex	GO_BP	177	106	70	20749	5392	testable	1081	0	0.0009532487381329858	1.0
HNF4A	dex	Hallmark	177	106	70	20749	50	testable	38	0	0.004909952185712425	0.24549760928562125
HNF4A	dex	Reactome	177	106	70	20749	1816	testable	465	0	0.0001268795265555112	0.23041322022480834
HNF4A	palmitate	GO_BP	70	38	27	20749	5392	testable	453	0	0.0003575651943290061	1.0
HNF4A	palmitate	Hallmark	70	38	27	20749	50	testable	24	0	0.013344347481691183	0.6223124479937366
HNF4A	palmitate	Reactome	70	38	27	20749	1816	testable	382	0	0.0006818790683447893	0.8855719044702722
HNF4G	3-cyt	GO_BP	63	28	34	20749	5392	testable	346	0	2.107115681445122e-05	0.09272347350917381
HNF4G	3-cyt	Hallmark	63	28	34	20749	50	testable	26	0	0.002763923876316113	0.13819619381580567
HNF4G	3-cyt	Reactome	63	28	34	20749	1816	testable	153	0	0.00032218130994814424	0.58508125886583
HNF4G	Ex-4_HG	GO_BP	101	37	60	20749	5392	testable	713	0	3.090252675598642e-05	0.16662642426827878
HNF4G	Ex-4_HG	Hallmark	101	37	60	20749	50	testable	23	0	0.013723849519854173	0.6861924759927087
HNF4G	Ex-4_HG	Reactome	101	37	60	20749	1816	testable	393	1	2.1698559978713442e-05	0.03940458492134361
HNF4G	IFNg	GO_BP	18	4	12	20749	5392	testable	169	0	0.0026004032071147245	1.0
HNF4G	IFNg	Hallmark	18	4	12	20749	50	testable	14	0	0.04418009352313455	0.5266104838675877
HNF4G	IFNg	Reactome	18	4	12	20749	1816	testable	85	0	0.0034657841356616715	1.0
HNF4G	dex	GO_BP	118	71	46	20749	5392	testable	491	0	0.0006610154394057306	1.0
HNF4G	dex	Hallmark	118	71	46	20749	50	testable	25	0	0.02492699488598684	0.6492623873446015
HNF4G	dex	Reactome	118	71	46	20749	1816	testable	347	0	0.0028706521537695323	1.0
HNF4G	palmitate	GO_BP	107	52	50	20749	5392	testable	644	0	0.0005395199796125875	1.0
HNF4G	palmitate	Hallmark	107	52	50	20749	50	testable	24	0	0.05227650651026974	0.8998368629897723
HNF4G	palmitate	Reactome	107	52	50	20749	1816	testable	369	0	0.0014056896323878388	1.0
ID2	3-cyt	GO_BP	86	54	31	20749	5392	testable	627	0	0.00016683153372914572	0.8374248677858401
ID2	3-cyt	Hallmark	86	54	31	20749	50	testable	24	0	0.01828697599844703	0.7579065428014824
ID2	3-cyt	Reactome	86	54	31	20749	1816	testable	163	0	0.0018210733983061603	1.0
ID2	Ex-4_HG	GO_BP	63	21	38	20749	5392	testable	584	0	0.0016641863008968192	1.0
ID2	Ex-4_HG	Hallmark	63	21	38	20749	50	testable	23	0	0.010715635597305926	0.43912748895612885
ID2	Ex-4_HG	Reactome	63	21	38	20749	1816	testable	199	0	0.003210356239546804	1.0
ID2	IFNg	GO_BP	136	90	44	20749	5392	testable	847	0	0.0004209979542428555	1.0
ID2	IFNg	Hallmark	136	90	44	20749	50	testable	33	0	0.045700556198384625	0.7903446695752262
ID2	IFNg	Reactome	136	90	44	20749	1816	testable	428	0	0.0014897157510074539	0.8417863671615936
ID2	dex	GO_BP	125	59	65	20749	5392	testable	904	0	3.9609512542149225e-05	0.12167218812923138
ID2	dex	Hallmark	125	59	65	20749	50	testable	29	0	0.008608181494961243	0.4207223415824534
ID2	dex	Reactome	125	59	65	20749	1816	testable	405	0	0.000984484404657167	0.8676136110980914
ID2	palmitate	GO_BP	156	101	50	20749	5392	testable	689	0	0.0008259694101549077	1.0
ID2	palmitate	Hallmark	156	101	50	20749	50	testable	32	0	0.0033469485257150104	0.16734742628575053
ID2	palmitate	Reactome	156	101	50	20749	1816	testable	326	0	0.0008259694101549077	1.0
IRF2	3-cyt	GO_BP	28	22	5	20749	5392	testable	382	0	0.0003071978410510296	0.6414567401346628
IRF2	3-cyt	Hallmark	28	22	5	20749	50	testable	12	0	0.0012340617337705804	0.05583585352797758
IRF2	3-cyt	Reactome	28	22	5	20749	1816	testable	264	0	0.00018239829635065263	0.3312353061727852
IRF2	Ex-4_HG	GO_BP	52	22	26	20749	5392	testable	376	0	0.001641242727819665	1.0
IRF2	Ex-4_HG	Hallmark	52	22	26	20749	50	testable	18	0	0.020120960055385814	0.49709925169622576
IRF2	Ex-4_HG	Reactome	52	22	26	20749	1816	testable	266	0	0.0013541450707297122	1.0
IRF2	IFNg	GO_BP	137	77	58	20749	5392	testable	816	1	2.723252362641102e-06	0.014683776739360822
IRF2	IFNg	Hallmark	137	77	58	20749	50	testable	29	2	8.734139735207316e-05	0.0043670698676036585
IRF2	IFNg	Reactome	137	77	58	20749	1816	testable	372	0	0.0003573333494535205	0.6489173626075933
IRF2	dex	GO_BP	157	111	45	20749	5392	testable	695	0	0.0012117213825226327	1.0
IRF2	dex	Hallmark	157	111	45	20749	50	testable	31	0	0.030947943485340745	0.7199757163438862
IRF2	dex	Reactome	157	111	45	20749	1816	testable	392	0	0.00022139053686991622	0.40204521495576784
IRF2	palmitate	GO_BP	197	118	74	20749	5392	testable	1068	0	0.0013119979997897402	1.0
IRF2	palmitate	Hallmark	197	118	74	20749	50	testable	37	0	0.0064346346098545035	0.3217317304927252
IRF2	palmitate	Reactome	197	118	74	20749	1816	testable	508	0	0.003090195079645466	1.0
IRF3	3-cyt	GO_BP	76	41	34	20749	5392	testable	536	0	0.00010694893633452277	0.5766686647157467
IRF3	3-cyt	Hallmark	76	41	34	20749	50	testable	11	0	0.07079390549359514	1.0
IRF3	3-cyt	Reactome	76	41	34	20749	1816	testable	246	0	0.005747533604618344	1.0
IRF3	Ex-4_HG	GO_BP	86	43	39	20749	5392	testable	518	0	0.00016843159223527162	0.679300511117381
IRF3	Ex-4_HG	Hallmark	86	43	39	20749	50	testable	26	0	0.030316261712059298	1.0
IRF3	Ex-4_HG	Reactome	86	43	39	20749	1816	testable	265	0	0.0037438693610786305	1.0
IRF3	IFNg	GO_BP	120	92	26	20749	5392	testable	780	0	0.0006176412553085746	1.0
IRF3	IFNg	Hallmark	120	92	26	20749	50	testable	30	0	0.08122135452655149	0.9308899687155311
IRF3	IFNg	Reactome	120	92	26	20749	1816	testable	497	0	0.0012699029342277178	0.8326127954234083
IRF3	dex	GO_BP	174	113	60	20749	5392	testable	782	0	0.00020861053399029517	0.7457435188461502
IRF3	dex	Hallmark	174	113	60	20749	50	testable	29	0	0.004560344618760551	0.22801723093802753
IRF3	dex	Reactome	174	113	60	20749	1816	testable	591	0	0.00041491664624229425	0.6244413834627538
IRF3	palmitate	GO_BP	141	125	11	20749	5392	testable	1015	3	1.9018245669874821e-06	0.010254638065196504
IRF3	palmitate	Hallmark	141	125	11	20749	50	testable	34	0	0.003738050738378344	0.11322909183543305
IRF3	palmitate	Reactome	141	125	11	20749	1816	testable	473	0	0.0007122186517456152	0.7764732168344929
IRF7	3-cyt	GO_BP	32	14	17	20749	5392	testable	194	0	0.00045878614496007545	1.0
IRF7	3-cyt	Hallmark	32	14	17	20749	50	testable	12	2	0.00032342560041514286	0.016171280020757142
IRF7	3-cyt	Reactome	32	14	17	20749	1816	testable	101	0	6.598407575240848e-05	0.1198270815663738
IRF7	Ex-4_HG	GO_BP	162	89	69	20749	5392	testable	963	0	0.0003597848727631737	0.6433327603448641
IRF7	Ex-4_HG	Hallmark	162	89	69	20749	50	testable	33	0	0.001405378141298519	0.07026890706492595
IRF7	Ex-4_HG	Reactome	162	89	69	20749	1816	testable	391	0	0.0007764371645534612	1.0
IRF7	IFNg	GO_BP	11	8	1	20749	5392	testable	100	0	0.0021190514677537106	1.0
IRF7	IFNg	Hallmark	11	8	1	20749	50	testable	9	0	0.02723121657364376	0.49163176419101123
IRF7	IFNg	Reactome	11	8	1	20749	1816	testable	69	0	0.0052899753522281335	1.0
IRF7	dex	GO_BP	150	66	83	20749	5392	testable	555	0	0.002735748142653949	1.0
IRF7	dex	Hallmark	150	66	83	20749	50	testable	28	0	0.023769863995609174	0.8684727107905422
IRF7	dex	Reactome	150	66	83	20749	1816	testable	391	0	0.021532413494562756	1.0
IRF7	palmitate	GO_BP	133	40	88	20749	5392	testable	646	0	0.0007171934011362771	1.0
IRF7	palmitate	Hallmark	133	40	88	20749	50	testable	28	0	0.018460863229992585	0.4727459202586158
IRF7	palmitate	Reactome	133	40	88	20749	1816	testable	267	0	0.00303699916421504	1.0
IRF9	3-cyt	GO_BP	86	52	33	20749	5392	testable	453	4	1.2716564667598193e-06	0.006856771668768946
IRF9	3-cyt	Hallmark	86	52	33	20749	50	testable	17	2	5.2599906547176294e-11	2.6299953273588147e-09
IRF9	3-cyt	Reactome	86	52	33	20749	1816	testable	306	2	2.198731295039098e-06	0.003992896031791002
IRF9	Ex-4_HG	GO_BP	98	66	28	20749	5392	testable	432	0	0.0005106920574473647	1.0
IRF9	Ex-4_HG	Hallmark	98	66	28	20749	50	testable	22	0	0.025122588817599302	1.0
IRF9	Ex-4_HG	Reactome	98	66	28	20749	1816	testable	293	0	0.014103215870389816	1.0
IRF9	IFNg	GO_BP	116	66	48	20749	5392	testable	567	0	0.00018456387773635831	0.8260880829386262
IRF9	IFNg	Hallmark	116	66	48	20749	50	testable	19	0	0.0019547886130066167	0.07706461500566156
IRF9	IFNg	Reactome	116	66	48	20749	1816	testable	342	0	0.0026986262920189064	1.0
IRF9	dex	GO_BP	94	59	34	20749	5392	testable	610	0	0.0003020753898241616	1.0
IRF9	dex	Hallmark	94	59	34	20749	50	testable	22	0	0.025340317120440357	0.7409968238302309
IRF9	dex	Reactome	94	59	34	20749	1816	testable	276	0	0.0010875357843404692	1.0
IRF9	palmitate	GO_BP	167	84	78	20749	5392	testable	707	0	3.180913639862878e-05	0.17151486346140637
IRF9	palmitate	Hallmark	167	84	78	20749	50	testable	24	0	0.048871148160920565	0.9121263937962386
IRF9	palmitate	Reactome	167	84	78	20749	1816	testable	361	0	0.0013168652512662643	0.7738359841332751
ISL1	3-cyt	GO_BP	191	76	114	20749	5392	testable	968	0	0.0003936432072838759	1.0
ISL1	3-cyt	Hallmark	191	76	114	20749	50	testable	32	1	0.00049070507582799	0.024535253791399498
ISL1	3-cyt	Reactome	191	76	114	20749	1816	testable	499	18	8.434220219382126e-05	0.036997415155768903
ISL1	Ex-4_HG	GO_BP	143	87	52	20749	5392	testable	1122	0	2.6120543396105684e-05	0.14084196999180185
ISL1	Ex-4_HG	Hallmark	143	87	52	20749	50	testable	38	0	0.01163461764016844	0.30526538336985515
ISL1	Ex-4_HG	Reactome	143	87	52	20749	1816	testable	440	0	0.0006948001566448568	0.45646501443175275
ISL1	IFNg	GO_BP	95	37	56	20749	5392	testable	455	0	0.000418830363384496	0.6571885360803104
ISL1	IFNg	Hallmark	95	37	56	20749	50	testable	20	0	0.06787156973006012	1.0
ISL1	IFNg	Reactome	95	37	56	20749	1816	testable	131	0	0.0009113908625004521	1.0
ISL1	dex	GO_BP	37	22	14	20749	5392	testable	330	0	0.0007936873867815998	1.0
ISL1	dex	Hallmark	37	22	14	20749	50	testable	9	0	0.0027840085787719142	0.13920042893859572
ISL1	dex	Reactome	37	22	14	20749	1816	testable	146	0	0.0014837939148010008	1.0
ISL1	palmitate	GO_BP	173	60	108	20749	5392	testable	850	0	0.0012861577804478878	1.0
ISL1	palmitate	Hallmark	173	60	108	20749	50	testable	32	0	0.03705942902597474	0.9393549756258416
ISL1	palmitate	Reactome	173	60	108	20749	1816	testable	329	0	0.007923825079966074	1.0
ISX	3-cyt	GO_BP	113	68	44	20749	5392	testable	475	0	0.002204870596162083	1.0
ISX	3-cyt	Hallmark	113	68	44	20749	50	testable	26	0	0.046297475331651856	1.0
ISX	3-cyt	Reactome	113	68	44	20749	1816	testable	202	0	0.0027081086197538076	1.0
ISX	Ex-4_HG	GO_BP	119	58	57	20749	5392	testable	699	0	0.0003225151916137495	1.0
ISX	Ex-4_HG	Hallmark	119	58	57	20749	50	testable	25	0	0.0112201909015517	0.5610095450775849
ISX	Ex-4_HG	Reactome	119	58	57	20749	1816	testable	608	0	0.0007353311692568225	0.803690873822271
ISX	IFNg	GO_BP	145	105	38	20749	5392	testable	702	0	0.0004669902042892961	1.0
ISX	IFNg	Hallmark	145	105	38	20749	50	testable	27	0	0.005095034692161721	0.23337442653702747
ISX	IFNg	Reactome	145	105	38	20749	1816	testable	408	0	0.011145583456189243	1.0
ISX	dex	GO_BP	199	84	114	20749	5392	testable	921	0	0.00042318134611006423	1.0
ISX	dex	Hallmark	199	84	114	20749	50	testable	34	0	0.022101485580395607	1.0
ISX	dex	Reactome	199	84	114	20749	1816	testable	367	0	0.0019202031774096736	1.0
ISX	palmitate	GO_BP	148	71	72	20749	5392	testable	805	0	3.332280193105806e-05	0.17967654801226507
ISX	palmitate	Hallmark	148	71	72	20749	50	testable	36	0	0.011542616060118322	0.3407411849114939
ISX	palmitate	Reactome	148	71	72	20749	1816	testable	405	0	0.0049926858356253165	1.0
JDP2	3-cyt	GO_BP	81	43	37	20749	5392	testable	446	0	0.00010120995933803318	0.5457241007506749
JDP2	3-cyt	Hallmark	81	43	37	20749	50	testable	20	1	0.0004639397988518456	0.02319698994259228
JDP2	3-cyt	Reactome	81	43	37	20749	1816	testable	272	0	0.002211407077832669	1.0
JDP2	Ex-4_HG	GO_BP	158	86	68	20749	5392	testable	627	0	0.0037356444576077466	1.0
JDP2	Ex-4_HG	Hallmark	158	86	68	20749	50	testable	27	0	0.14218373827293668	1.0
JDP2	Ex-4_HG	Reactome	158	86	68	20749	1816	testable	423	0	0.0024909920976193436	1.0
JDP2	IFNg	GO_BP	209	137	70	20749	5392	testable	1043	0	0.00020725778118237036	0.48067339617784915
JDP2	IFNg	Hallmark	209	137	70	20749	50	testable	37	0	0.010725953353032626	0.5362976676516312
JDP2	IFNg	Reactome	209	137	70	20749	1816	testable	466	0	0.0034697568393667823	1.0
JDP2	dex	GO_BP	181	78	102	20749	5392	testable	1012	0	5.276538164875458e-05	0.2845109378500847
JDP2	dex	Hallmark	181	78	102	20749	50	testable	35	0	0.03347831906823161	0.504657494631647
JDP2	dex	Reactome	181	78	102	20749	1816	testable	624	0	0.00022140997964336902	0.40208052303235814
JDP2	palmitate	GO_BP	189	115	69	20749	5392	testable	798	0	0.0011883697784155639	1.0
JDP2	palmitate	Hallmark	189	115	69	20749	50	testable	33	0	0.01037691799984993	0.1869894082877045
JDP2	palmitate	Reactome	189	115	69	20749	1816	testable	374	0	0.00042747721984880653	0.7762986312454326
JUN	3-cyt	GO_BP	175	101	73	20749	5392	testable	838	0	0.00018607691948814548	1.0
JUN	3-cyt	Hallmark	175	101	73	20749	50	testable	31	0	0.019632965301727586	0.9816482650863793
JUN	3-cyt	Reactome	175	101	73	20749	1816	testable	413	0	0.0013293420564680061	1.0
JUN	Ex-4_HG	GO_BP	197	113	80	20749	5392	testable	836	0	0.0016619610060081688	1.0
JUN	Ex-4_HG	Hallmark	197	113	80	20749	50	testable	32	0	0.012829874649498835	0.33112569953358256
JUN	Ex-4_HG	Reactome	197	113	80	20749	1816	testable	533	0	0.006530239057650677	1.0
JUN	IFNg	GO_BP	127	85	40	20749	5392	testable	556	0	0.0010159765485357756	1.0
JUN	IFNg	Hallmark	127	85	40	20749	50	testable	24	0	0.003976969807990217	0.19884849039951083
JUN	IFNg	Reactome	127	85	40	20749	1816	testable	438	0	0.00029612615995778645	0.5377651064833402
JUN	dex	GO_BP	136	83	52	20749	5392	testable	667	0	1.8786471609649705e-05	0.06060350247187142
JUN	dex	Hallmark	136	83	52	20749	50	testable	31	0	0.02250319315161614	1.0
JUN	dex	Reactome	136	83	52	20749	1816	testable	332	0	0.000498020642546797	0.5474872856554863
JUN	palmitate	GO_BP	132	65	62	20749	5392	testable	657	0	7.031758081060974e-05	0.3791523957308077
JUN	palmitate	Hallmark	132	65	62	20749	50	testable	23	1	0.0003344291022457597	0.016721455112287984
JUN	palmitate	Reactome	132	65	62	20749	1816	testable	377	0	0.0005878729443813816	1.0
JUNB	3-cyt	GO_BP	106	49	56	20749	5392	testable	649	0	0.0013798140873525005	1.0
JUNB	3-cyt	Hallmark	106	49	56	20749	50	testable	24	0	0.014489717510326489	0.4501561642532388
JUNB	3-cyt	Reactome	106	49	56	20749	1816	testable	360	0	0.00030931191984922884	0.5617104464461996
JUNB	Ex-4_HG	GO_BP	160	81	75	20749	5392	testable	977	0	0.0007978417422690708	1.0
JUNB	Ex-4_HG	Hallmark	160	81	75	20749	50	testable	33	0	0.006358665139776948	0.3179332569888474
JUNB	Ex-4_HG	Reactome	160	81	75	20749	1816	testable	407	0	0.003869678085226786	1.0
JUNB	IFNg	GO_BP	143	89	52	20749	5392	testable	675	0	0.0005616331850747717	1.0
JUNB	IFNg	Hallmark	143	89	52	20749	50	testable	30	0	0.05767243846737979	1.0
JUNB	IFNg	Reactome	143	89	52	20749	1816	testable	329	0	0.0015478444299307033	0.914914388301432
JUNB	dex	GO_BP	125	80	44	20749	5392	testable	830	0	0.0004455720774553709	1.0
JUNB	dex	Hallmark	125	80	44	20749	50	testable	34	1	2.1276642400893055e-06	0.00010638321200446528
JUNB	dex	Reactome	125	80	44	20749	1816	testable	345	0	0.0019110431962513026	1.0
JUNB	palmitate	GO_BP	152	99	48	20749	5392	testable	899	0	0.0003265165467834763	1.0
JUNB	palmitate	Hallmark	152	99	48	20749	50	testable	32	0	0.020278693098608563	0.9604740229426163
JUNB	palmitate	Reactome	152	99	48	20749	1816	testable	419	0	0.0007844263591694553	1.0
JUND	3-cyt	GO_BP	121	83	37	20749	5392	testable	742	0	0.002931684850253401	1.0
JUND	3-cyt	Hallmark	121	83	37	20749	50	testable	27	0	0.022771279618477833	0.6801233050932391
JUND	3-cyt	Reactome	121	83	37	20749	1816	testable	324	0	0.002803186347924594	1.0
JUND	Ex-4_HG	GO_BP	202	103	95	20749	5392	testable	1000	0	0.0010623667757886806	1.0
JUND	Ex-4_HG	Hallmark	202	103	95	20749	50	testable	34	0	0.019448103960882646	0.7543419992471626
JUND	Ex-4_HG	Reactome	202	103	95	20749	1816	testable	637	0	0.0043560937528951404	1.0
JUND	IFNg	GO_BP	163	50	111	20749	5392	testable	772	0	0.00029636722726651135	1.0
JUND	IFNg	Hallmark	163	50	111	20749	50	testable	27	2	4.214186571497646e-07	2.107093285748823e-05
JUND	IFNg	Reactome	163	50	111	20749	1816	testable	395	0	0.0016649159291601922	0.7461817467092149
JUND	dex	GO_BP	140	66	73	20749	5392	testable	718	0	0.00048228889823173084	1.0
JUND	dex	Hallmark	140	66	73	20749	50	testable	30	0	0.028253896026880217	1.0
JUND	dex	Reactome	140	66	73	20749	1816	testable	352	0	0.00035416194455887775	0.37584141149929307
JUND	palmitate	GO_BP	141	75	61	20749	5392	testable	662	0	0.0004924176686387411	1.0
JUND	palmitate	Hallmark	141	75	61	20749	50	testable	31	0	0.019740117971682576	0.9870058985841288
JUND	palmitate	Reactome	141	75	61	20749	1816	testable	476	0	0.005323145859349229	1.0
KLF12	3-cyt	GO_BP	92	38	53	20749	5392	testable	676	0	0.00028834894535298113	1.0
KLF12	3-cyt	Hallmark	92	38	53	20749	50	testable	25	0	0.018945235031992167	0.6204456185544978
KLF12	3-cyt	Reactome	92	38	53	20749	1816	testable	287	0	7.629164522024457e-05	0.13854562771996415
KLF12	Ex-4_HG	GO_BP	51	14	33	20749	5392	testable	372	0	0.0007867777885744492	1.0
KLF12	Ex-4_HG	Hallmark	51	14	33	20749	50	testable	17	0	0.10272727306642787	1.0
KLF12	Ex-4_HG	Reactome	51	14	33	20749	1816	testable	267	0	0.0005836553128721532	1.0
KLF12	IFNg	GO_BP	114	41	71	20749	5392	testable	753	0	1.8846840367208468e-05	0.10111511101596866
KLF12	IFNg	Hallmark	114	41	71	20749	50	testable	29	0	0.011773480725599401	0.5886740362799701
KLF12	IFNg	Reactome	114	41	71	20749	1816	testable	421	0	0.000446422712541452	0.516790396085618
KLF12	dex	GO_BP	167	63	103	20749	5392	testable	846	0	1.4626649194683522e-05	0.07886689245773355
KLF12	dex	Hallmark	167	63	103	20749	50	testable	30	0	0.013744630137326241	0.6872315068663121
KLF12	dex	Reactome	167	63	103	20749	1816	testable	427	0	0.0033766638811901966	1.0
KLF12	palmitate	GO_BP	48	18	25	20749	5392	testable	381	0	0.00021098186840802274	1.0
KLF12	palmitate	Hallmark	48	18	25	20749	50	testable	18	0	0.0036843026155121633	0.18421513077560817
KLF12	palmitate	Reactome	48	18	25	20749	1816	testable	275	0	0.0008014062006555358	0.4621132660997905
KLF13	3-cyt	GO_BP	70	29	40	20749	5392	testable	399	0	0.0003575651943290061	1.0
KLF13	3-cyt	Hallmark	70	29	40	20749	50	testable	14	0	0.04738037861641642	1.0
KLF13	3-cyt	Reactome	70	29	40	20749	1816	testable	151	0	0.013427456186291757	1.0
KLF13	Ex-4_HG	GO_BP	85	40	41	20749	5392	testable	579	0	0.00034367535892114594	1.0
KLF13	Ex-4_HG	Hallmark	85	40	41	20749	50	testable	25	0	0.024181610629579832	0.798142626948944
KLF13	Ex-4_HG	Reactome	85	40	41	20749	1816	testable	209	0	0.0032278649803187485	1.0
KLF13	IFNg	GO_BP	176	125	49	20749	5392	testable	767	0	0.00016118972529862984	0.8691349988102121
KLF13	IFNg	Hallmark	176	125	49	20749	50	testable	36	2	8.827802135664066e-05	0.004413901067832033
KLF13	IFNg	Reactome	176	125	49	20749	1816	testable	303	0	0.008948757752717435	1.0
KLF13	dex	GO_BP	188	120	67	20749	5392	testable	1106	0	9.731358364095725e-05	0.4088280021610326
KLF13	dex	Hallmark	188	120	67	20749	50	testable	38	2	0.0014061517769162779	0.04394657148845394
KLF13	dex	Reactome	188	120	67	20749	1816	testable	483	0	0.000152075799642082	0.27616965215002093
KLF13	palmitate	GO_BP	115	56	54	20749	5392	testable	499	0	0.0019382287514479893	1.0
KLF13	palmitate	Hallmark	115	56	54	20749	50	testable	22	0	0.0016817836357207279	0.08408918178603639
KLF13	palmitate	Reactome	115	56	54	20749	1816	testable	183	0	0.0017515072808761735	1.0
KLF15	3-cyt	GO_BP	52	37	14	20749	5392	testable	359	0	0.0007524046398849172	1.0
KLF15	3-cyt	Hallmark	52	37	14	20749	50	testable	12	0	0.0489692012220341	1.0
KLF15	3-cyt	Reactome	52	37	14	20749	1816	testable	195	0	0.005006129474036673	1.0
KLF15	Ex-4_HG	GO_BP	82	36	42	20749	5392	testable	628	0	0.0001436993507474606	0.7748268992303076
KLF15	Ex-4_HG	Hallmark	82	36	42	20749	50	testable	27	0	0.0027990252063779387	0.12417320637395173
KLF15	Ex-4_HG	Reactome	82	36	42	20749	1816	testable	353	0	0.0003198590709471551	0.22767449583825536
KLF15	IFNg	GO_BP	133	80	51	20749	5392	testable	644	0	0.00018576343060792728	0.654124190940978
KLF15	IFNg	Hallmark	133	80	51	20749	50	testable	29	0	0.003534069095519465	0.11311859390737583
KLF15	IFNg	Reactome	133	80	51	20749	1816	testable	400	0	0.0035283321431394863	1.0
KLF15	dex	GO_BP	175	102	72	20749	5392	testable	952	0	0.000304619528328365	1.0
KLF15	dex	Hallmark	175	102	72	20749	50	testable	37	0	0.09900465489046807	1.0
KLF15	dex	Reactome	175	102	72	20749	1816	testable	505	0	0.0014445890560550313	1.0
KLF15	palmitate	GO_BP	135	81	49	20749	5392	testable	655	0	0.00036288120629127693	1.0
KLF15	palmitate	Hallmark	135	81	49	20749	50	testable	26	0	0.019198371580200452	0.4964033787694293
KLF15	palmitate	Reactome	135	81	49	20749	1816	testable	315	0	0.002396599697886766	1.0
KLF16	3-cyt	GO_BP	42	24	17	20749	5392	testable	258	0	0.002024193937087972	1.0
KLF16	3-cyt	Hallmark	42	24	17	20749	50	testable	6	0	0.04067387876437214	1.0
KLF16	3-cyt	Reactome	42	24	17	20749	1816	testable	78	0	0.012085317679354059	1.0
KLF16	Ex-4_HG	GO_BP	179	94	81	20749	5392	testable	820	0	0.00039274987650383475	1.0
KLF16	Ex-4_HG	Hallmark	179	94	81	20749	50	testable	32	0	0.007356082601071414	0.3678041300535707
KLF16	Ex-4_HG	Reactome	179	94	81	20749	1816	testable	460	0	0.0033733794192991836	1.0
KLF16	IFNg	GO_BP	58	34	22	20749	5392	testable	528	0	0.0003406344125947841	0.9219006958034895
KLF16	IFNg	Hallmark	58	34	22	20749	50	testable	22	0	0.007076233477052762	0.3240182679637537
KLF16	IFNg	Reactome	58	34	22	20749	1816	testable	230	0	0.0040675780039815266	1.0
KLF16	dex	GO_BP	148	84	63	20749	5392	testable	865	0	0.0007439344194703517	1.0
KLF16	dex	Hallmark	148	84	63	20749	50	testable	33	0	0.03935203249816964	0.6490793429492283
KLF16	dex	Reactome	148	84	63	20749	1816	testable	410	0	0.00023035254831122083	0.418320227733177
KLF16	palmitate	GO_BP	129	89	35	20749	5392	testable	499	0	0.0024302391157548777	1.0
KLF16	palmitate	Hallmark	129	89	35	20749	50	testable	27	0	0.09052143353517839	1.0
KLF16	palmitate	Reactome	129	89	35	20749	1816	testable	257	0	0.0028604360555774463	1.0
KLF3	3-cyt	GO_BP	126	72	53	20749	5392	testable	697	0	0.0023203226345707003	1.0
KLF3	3-cyt	Hallmark	126	72	53	20749	50	testable	24	0	0.07173415613029789	1.0
KLF3	3-cyt	Reactome	126	72	53	20749	1816	testable	333	0	0.0015946706975089081	1.0
KLF3	Ex-4_HG	GO_BP	158	51	103	20749	5392	testable	632	0	0.0008161215734776549	1.0
KLF3	Ex-4_HG	Hallmark	158	51	103	20749	50	testable	26	0	0.08278473564547359	1.0
KLF3	Ex-4_HG	Reactome	158	51	103	20749	1816	testable	400	0	0.01100421097854933	1.0
KLF3	IFNg	GO_BP	127	55	70	20749	5392	testable	407	0	0.004658721284960604	1.0
KLF3	IFNg	Hallmark	127	55	70	20749	50	testable	23	0	0.09945445213415756	1.0
KLF3	IFNg	Reactome	127	55	70	20749	1816	testable	521	0	0.0019298294443157089	1.0
KLF3	dex	GO_BP	137	67	69	20749	5392	testable	753	0	7.673052887402158e-05	0.1996058526463856
KLF3	dex	Hallmark	137	67	69	20749	50	testable	31	0	0.004118213643167993	0.1364026794220223
KLF3	dex	Reactome	137	67	69	20749	1816	testable	400	0	0.0015114452094539738	1.0
KLF3	palmitate	GO_BP	93	34	54	20749	5392	testable	537	0	0.0003913506945915106	1.0
KLF3	palmitate	Hallmark	93	34	54	20749	50	testable	27	0	0.0036446798472530226	0.18223399236265114
KLF3	palmitate	Reactome	93	34	54	20749	1816	testable	219	0	0.0015535430926159263	1.0
KLF5	3-cyt	GO_BP	62	32	29	20749	5392	testable	452	0	0.00011846038126116443	0.6387383757601987
KLF5	3-cyt	Hallmark	62	32	29	20749	50	testable	24	0	0.0012810037073362332	0.06405018536681166
KLF5	3-cyt	Reactome	62	32	29	20749	1816	testable	273	0	3.740095151771861e-05	0.067920127956177
KLF5	Ex-4_HG	GO_BP	75	37	34	20749	5392	testable	573	0	3.559712426451296e-05	0.1194969165067425
KLF5	Ex-4_HG	Hallmark	75	37	34	20749	50	testable	25	0	0.0014179496131377187	0.07089748065688593
KLF5	Ex-4_HG	Reactome	75	37	34	20749	1816	testable	231	0	0.002348306933286776	1.0
KLF5	IFNg	GO_BP	172	106	64	20749	5392	testable	785	0	0.00024039640529852308	0.8841641993108236
KLF5	IFNg	Hallmark	172	106	64	20749	50	testable	34	0	0.006090679917402793	0.20221369145095075
KLF5	IFNg	Reactome	172	106	64	20749	1816	testable	296	0	0.011768570175510387	1.0
KLF5	dex	GO_BP	139	69	69	20749	5392	testable	604	0	0.0006566793068399584	1.0
KLF5	dex	Hallmark	139	69	69	20749	50	testable	21	0	0.01714501346487697	0.8572506732438485
KLF5	dex	Reactome	139	69	69	20749	1816	testable	332	0	0.015028624355493675	1.0
KLF5	palmitate	GO_BP	146	76	65	20749	5392	testable	513	0	0.00029232863470843626	0.7881179991739442
KLF5	palmitate	Hallmark	146	76	65	20749	50	testable	24	0	0.01686410702419602	0.4263376036637891
KLF5	palmitate	Reactome	146	76	65	20749	1816	testable	259	0	0.008003770768099341	1.0
KLF6	3-cyt	GO_BP	169	99	69	20749	5392	testable	842	0	0.00014453016333877908	0.5305507294162805
KLF6	3-cyt	Hallmark	169	99	69	20749	50	testable	31	0	0.07772768852371598	0.9885250991892309
KLF6	3-cyt	Reactome	169	99	69	20749	1816	testable	320	0	0.004536397634515281	1.0
KLF6	Ex-4_HG	GO_BP	126	73	49	20749	5392	testable	709	0	0.0006410374603763503	1.0
KLF6	Ex-4_HG	Hallmark	126	73	49	20749	50	testable	29	0	0.026180203761255214	0.5680665814801511
KLF6	Ex-4_HG	Reactome	126	73	49	20749	1816	testable	411	0	0.0027313240830089723	1.0
KLF6	IFNg	GO_BP	178	122	54	20749	5392	testable	950	0	0.0003400813387891864	1.0
KLF6	IFNg	Hallmark	178	122	54	20749	50	testable	36	1	0.00020934361586340207	0.010467180793170104
KLF6	IFNg	Reactome	178	122	54	20749	1816	testable	414	0	0.00043415677609365174	0.7884287053860716
KLF6	dex	GO_BP	162	90	71	20749	5392	testable	895	0	0.0004129563590449216	1.0
KLF6	dex	Hallmark	162	90	71	20749	50	testable	37	3	1.5784780909027628e-06	7.892390454513814e-05
KLF6	dex	Reactome	162	90	71	20749	1816	testable	332	0	0.0013260241102609185	1.0
KLF6	palmitate	GO_BP	188	128	55	20749	5392	testable	1105	0	0.0008633019461511078	1.0
KLF6	palmitate	Hallmark	188	128	55	20749	50	testable	32	0	0.048498049063890096	0.932420331281816
KLF6	palmitate	Reactome	188	128	55	20749	1816	testable	494	0	0.0008633019461511078	0.28353508319510323
LHX4	3-cyt	GO_BP	136	76	59	20749	5392	testable	574	0	0.0014897157510074539	1.0
LHX4	3-cyt	Hallmark	136	76	59	20749	50	testable	24	0	0.012998869210232508	0.6499434605116254
LHX4	3-cyt	Reactome	136	76	59	20749	1816	testable	307	0	0.013066417438538263	1.0
LHX4	Ex-4_HG	GO_BP	87	26	57	20749	5392	testable	662	0	0.0003600212510277686	1.0
LHX4	Ex-4_HG	Hallmark	87	26	57	20749	50	testable	30	1	0.00043683880740153603	0.021841940370076803
LHX4	Ex-4_HG	Reactome	87	26	57	20749	1816	testable	318	0	0.0009116127211568961	1.0
LHX4	IFNg	GO_BP	168	66	100	20749	5392	testable	826	0	0.0018026512597744157	1.0
LHX4	IFNg	Hallmark	168	66	100	20749	50	testable	34	0	0.06642075244116792	1.0
LHX4	IFNg	Reactome	168	66	100	20749	1816	testable	341	0	0.0028101153404949735	1.0
LHX4	dex	GO_BP	139	74	64	20749	5392	testable	647	0	0.000915312200869617	1.0
LHX4	dex	Hallmark	139	74	64	20749	50	testable	26	0	0.005116148444335559	0.25580742221677794
LHX4	dex	Reactome	139	74	64	20749	1816	testable	210	0	0.0038462234116503056	1.0
LHX4	palmitate	GO_BP	177	80	92	20749	5392	testable	805	0	0.0006857449342066584	1.0
LHX4	palmitate	Hallmark	177	80	92	20749	50	testable	25	0	0.03137405463068813	1.0
LHX4	palmitate	Reactome	177	80	92	20749	1816	testable	418	0	0.003006975545152089	1.0
LMX1A	3-cyt	GO_BP	88	56	31	20749	5392	testable	372	0	0.0001763697891790144	0.9509859032532457
LMX1A	3-cyt	Hallmark	88	56	31	20749	50	testable	10	0	0.008621467761648403	0.43107338808242013
LMX1A	3-cyt	Reactome	88	56	31	20749	1816	testable	239	0	0.005826436451274908	1.0
LMX1A	Ex-4_HG	GO_BP	191	112	75	20749	5392	testable	737	0	0.0010393981880410835	1.0
LMX1A	Ex-4_HG	Hallmark	191	112	75	20749	50	testable	23	0	0.03466888274263193	1.0
LMX1A	Ex-4_HG	Reactome	191	112	75	20749	1816	testable	301	0	0.0011872495748494391	1.0
LMX1A	IFNg	GO_BP	167	83	82	20749	5392	testable	810	0	0.0003822842212506731	1.0
LMX1A	IFNg	Hallmark	167	83	82	20749	50	testable	29	0	0.033198906375129074	0.9041670485960974
LMX1A	IFNg	Reactome	167	83	82	20749	1816	testable	412	0	0.0006337665294417762	1.0
LMX1A	dex	GO_BP	103	61	41	20749	5392	testable	522	0	0.0003613360586579162	1.0
LMX1A	dex	Hallmark	103	61	41	20749	50	testable	21	0	0.13014761486398554	1.0
LMX1A	dex	Reactome	103	61	41	20749	1816	testable	281	0	0.0032300588945592705	1.0
LMX1A	palmitate	GO_BP	179	85	89	20749	5392	testable	887	0	0.0033733794192991836	1.0
LMX1A	palmitate	Hallmark	179	85	89	20749	50	testable	29	0	0.0010754842737797123	0.05377421368898561
LMX1A	palmitate	Reactome	179	85	89	20749	1816	testable	459	0	0.003319070471943066	1.0
LMX1B	3-cyt	GO_BP	65	37	27	20749	5392	testable	456	0	0.0004278556076583884	1.0
LMX1B	3-cyt	Hallmark	65	37	27	20749	50	testable	21	0	0.016691403657675817	0.6678507130736995
LMX1B	3-cyt	Reactome	65	37	27	20749	1816	testable	231	0	0.0014313744346247917	1.0
LMX1B	Ex-4_HG	GO_BP	128	75	49	20749	5392	testable	770	0	0.0010807935104032646	1.0
LMX1B	Ex-4_HG	Hallmark	128	75	49	20749	50	testable	30	0	0.004065278143207259	0.20326390716036294
LMX1B	Ex-4_HG	Reactome	128	75	49	20749	1816	testable	352	0	0.0005374287139105287	0.9253147871063949
LMX1B	IFNg	GO_BP	108	77	29	20749	5392	testable	499	0	0.0020167921576438163	1.0
LMX1B	IFNg	Hallmark	108	77	29	20749	50	testable	22	0	0.06255476500450532	1.0
LMX1B	IFNg	Reactome	108	77	29	20749	1816	testable	271	0	0.0003971931408724407	0.5670819240393914
LMX1B	dex	GO_BP	139	103	35	20749	5392	testable	774	0	0.0006566793068399584	1.0
LMX1B	dex	Hallmark	139	103	35	20749	50	testable	29	0	0.007856745273086435	0.24369764779471909
LMX1B	dex	Reactome	139	103	35	20749	1816	testable	452	1	1.2845862198500024e-05	0.023328085752476045
LMX1B	palmitate	GO_BP	158	100	53	20749	5392	testable	796	0	5.746990441519962e-05	0.30987772460675633
LMX1B	palmitate	Hallmark	158	100	53	20749	50	testable	28	0	0.0012580982426467515	0.06290491213233758
LMX1B	palmitate	Reactome	158	100	53	20749	1816	testable	473	0	0.0002255693443635403	0.4096339293641892
MAF	3-cyt	GO_BP	171	80	90	20749	5392	testable	961	0	0.00018948695088977062	1.0
MAF	3-cyt	Hallmark	171	80	90	20749	50	testable	37	0	0.02218096121364763	0.6544126251402452
MAF	3-cyt	Reactome	171	80	90	20749	1816	testable	553	0	0.0002631709293772805	0.36389871645420496
MAF	Ex-4_HG	GO_BP	203	120	79	20749	5392	testable	1014	0	0.0019366214202629827	1.0
MAF	Ex-4_HG	Hallmark	203	120	79	20749	50	testable	34	0	0.06004428182320283	1.0
MAF	Ex-4_HG	Reactome	203	120	79	20749	1816	testable	507	0	0.00025664636959976916	0.2853965050355044
MAF	IFNg	GO_BP	71	34	35	20749	5392	testable	358	0	0.0034218333130765044	1.0
MAF	IFNg	Hallmark	71	34	35	20749	50	testable	14	0	0.10196405469477833	1.0
MAF	IFNg	Reactome	71	34	35	20749	1816	testable	273	0	0.00603413335675829	1.0
MAF	dex	GO_BP	153	67	85	20749	5392	testable	762	0	0.0011072130577153224	1.0
MAF	dex	Hallmark	153	67	85	20749	50	testable	22	0	0.04010116637497367	1.0
MAF	dex	Reactome	153	67	85	20749	1816	testable	324	0	0.00079471364523445	1.0
MAF	palmitate	GO_BP	192	118	69	20749	5392	testable	942	0	0.0003187946186584764	0.9834424392890886
MAF	palmitate	Hallmark	192	118	69	20749	50	testable	28	0	0.05090073066861259	1.0
MAF	palmitate	Reactome	192	118	69	20749	1816	testable	480	0	0.0005113184851987174	0.47372323890066176
MAFB	3-cyt	GO_BP	91	50	40	20749	5392	testable	438	0	0.00013562294009961378	0.5308902052937967
MAFB	3-cyt	Hallmark	91	50	40	20749	50	testable	26	0	0.0023725910597953595	0.11862955298976798
MAFB	3-cyt	Reactome	91	50	40	20749	1816	testable	239	0	0.000523614628864353	0.950884166017665
MAFB	Ex-4_HG	GO_BP	178	108	66	20749	5392	testable	686	0	0.001493964802272939	1.0
MAFB	Ex-4_HG	Hallmark	178	108	66	20749	50	testable	32	0	0.04739954264058526	1.0
MAFB	Ex-4_HG	Reactome	178	108	66	20749	1816	testable	430	0	0.005364292685074057	1.0
MAFB	IFNg	GO_BP	31	21	8	20749	5392	testable	165	0	0.00032563166696217527	1.0
MAFB	IFNg	Hallmark	31	21	8	20749	50	testable	14	0	0.016793751177107432	0.3551694962112047
MAFB	IFNg	Reactome	31	21	8	20749	1816	testable	39	0	0.014843628071894389	1.0
MAFB	dex	GO_BP	153	89	63	20749	5392	testable	891	0	0.00079471364523445	1.0
MAFB	dex	Hallmark	153	89	63	20749	50	testable	27	0	0.040742519646706915	1.0
MAFB	dex	Reactome	153	89	63	20749	1816	testable	309	0	0.0014691415750185393	1.0
MAFB	palmitate	GO_BP	159	129	25	20749	5392	testable	705	0	0.002522075606011886	1.0
MAFB	palmitate	Hallmark	159	129	25	20749	50	testable	33	0	0.03763974143087669	1.0
MAFB	palmitate	Reactome	159	129	25	20749	1816	testable	419	0	0.0043061221786061055	1.0
MAFF	3-cyt	GO_BP	88	38	49	20749	5392	testable	486	2	1.5775135378177568e-05	0.048326725881804464
MAFF	3-cyt	Hallmark	88	38	49	20749	50	testable	22	0	0.03788195285487882	1.0
MAFF	3-cyt	Reactome	88	38	49	20749	1816	testable	278	0	0.0009540878250653719	1.0
MAFF	Ex-4_HG	GO_BP	192	94	94	20749	5392	testable	1036	0	0.0005048881035785169	0.9482483126764336
MAFF	Ex-4_HG	Hallmark	192	94	94	20749	50	testable	39	0	0.009832056911685073	0.2743708867940127
MAFF	Ex-4_HG	Reactome	192	94	94	20749	1816	testable	586	2	1.185476744071968e-05	0.02152825767234694
MAFF	IFNg	GO_BP	96	64	30	20749	5392	testable	551	0	0.005471823676112937	1.0
MAFF	IFNg	Hallmark	96	64	30	20749	50	testable	22	0	0.0272496968806066	0.8258596537333591
MAFF	IFNg	Reactome	96	64	30	20749	1816	testable	282	0	0.000777344090755366	0.8449328633947361
MAFF	dex	GO_BP	139	71	67	20749	5392	testable	805	0	0.0001330839372764011	0.7175885897943547
MAFF	dex	Hallmark	139	71	67	20749	50	testable	33	0	0.007856745273086435	0.39283726365432176
MAFF	dex	Reactome	139	71	67	20749	1816	testable	357	0	0.004418535023048878	1.0
MAFF	palmitate	GO_BP	185	160	20	20749	5392	testable	1159	6	6.41242925464942e-07	0.003457581854106967
MAFF	palmitate	Hallmark	185	160	20	20749	50	testable	38	0	0.0023733894536589178	0.11866947268294589
MAFF	palmitate	Reactome	185	160	20	20749	1816	testable	485	0	0.001558989538225714	1.0
MAFG	3-cyt	GO_BP	192	100	91	20749	5392	testable	1088	0	0.00026337654976041385	0.7184001387071125
MAFG	3-cyt	Hallmark	192	100	91	20749	50	testable	38	1	0.0002929979412709886	0.01464989706354943
MAFG	3-cyt	Reactome	192	100	91	20749	1816	testable	477	0	0.0027110441536530197	1.0
MAFG	Ex-4_HG	GO_BP	178	104	70	20749	5392	testable	827	0	0.00021831220551400874	1.0
MAFG	Ex-4_HG	Hallmark	178	104	70	20749	50	testable	30	0	0.04129433081375847	1.0
MAFG	Ex-4_HG	Reactome	178	104	70	20749	1816	testable	430	0	0.0028030729801615437	1.0
MAFG	IFNg	GO_BP	98	65	31	20749	5392	testable	778	0	0.0002392490129554405	0.6796033560456017
MAFG	IFNg	Hallmark	98	65	31	20749	50	testable	27	0	0.03898516659902532	0.6665628501198927
MAFG	IFNg	Reactome	98	65	31	20749	1816	testable	425	1	2.6438222788209447e-05	0.04801181258338836
MAFG	dex	GO_BP	124	87	36	20749	5392	testable	736	0	0.0007517101905655294	1.0
MAFG	dex	Hallmark	124	87	36	20749	50	testable	22	0	0.006273658730163359	0.313682936508168
MAFG	dex	Reactome	124	87	36	20749	1816	testable	441	0	0.0002204766573100523	0.348387179517429
MAFG	palmitate	GO_BP	92	56	31	20749	5392	testable	458	0	0.0004025225889056122	1.0
MAFG	palmitate	Hallmark	92	56	31	20749	50	testable	20	0	0.012626993713182112	0.49407638133952686
MAFG	palmitate	Reactome	92	56	31	20749	1816	testable	267	0	0.004630730323686492	1.0
MAFK	3-cyt	GO_BP	118	70	47	20749	5392	testable	645	0	0.002400974634829658	1.0
MAFK	3-cyt	Hallmark	118	70	47	20749	50	testable	32	2	0.00028946782925201033	0.014473391462600517
MAFK	3-cyt	Reactome	118	70	47	20749	1816	testable	398	0	0.0003171254245054698	0.5758997709019331
MAFK	Ex-4_HG	GO_BP	185	109	72	20749	5392	testable	911	0	5.6312801727143074e-05	0.30363862691275545
MAFK	Ex-4_HG	Hallmark	185	109	72	20749	50	testable	37	0	0.018729743040192898	0.6539929544423055
MAFK	Ex-4_HG	Reactome	185	109	72	20749	1816	testable	398	0	0.0014633462523221776	1.0
MAFK	IFNg	GO_BP	64	25	37	20749	5392	testable	298	0	0.0009582784564529871	1.0
MAFK	IFNg	Hallmark	64	25	37	20749	50	testable	12	0	0.07918495960438657	1.0
MAFK	IFNg	Reactome	64	25	37	20749	1816	testable	132	0	0.012281860781298599	1.0
MAFK	dex	GO_BP	195	137	57	20749	5392	testable	826	0	0.0023705043970784472	1.0
MAFK	dex	Hallmark	195	137	57	20749	50	testable	33	0	0.0036237984695305482	0.1811899234765274
MAFK	dex	Reactome	195	137	57	20749	1816	testable	492	0	0.0023705043970784472	1.0
MAFK	palmitate	GO_BP	194	146	43	20749	5392	testable	929	0	0.0023466449886939593	1.0
MAFK	palmitate	Hallmark	194	146	43	20749	50	testable	29	0	0.037244322786722295	1.0
MAFK	palmitate	Reactome	194	146	43	20749	1816	testable	411	0	0.0017857585825953664	1.0
MAX	3-cyt	GO_BP	110	81	28	20749	5392	testable	682	0	7.372296827312827e-05	0.3975142449287076
MAX	3-cyt	Hallmark	110	81	28	20749	50	testable	29	2	4.612786744235577e-11	2.306393372117788e-09
MAX	3-cyt	Reactome	110	81	28	20749	1816	testable	379	0	0.00015423334438080202	0.2800877533955365
MAX	Ex-4_HG	GO_BP	141	83	54	20749	5392	testable	744	0	0.0006104484246283677	1.0
MAX	Ex-4_HG	Hallmark	141	83	54	20749	50	testable	29	0	0.005323145859349229	0.2661572929674615
MAX	Ex-4_HG	Reactome	141	83	54	20749	1816	testable	258	0	0.005169287587714523	1.0
MAX	IFNg	GO_BP	152	72	78	20749	5392	testable	664	0	0.0007844263591694553	1.0
MAX	IFNg	Hallmark	152	72	78	20749	50	testable	23	0	0.0420477456909435	1.0
MAX	IFNg	Reactome	152	72	78	20749	1816	testable	298	0	0.0031222241560194017	1.0
MAX	dex	GO_BP	125	44	80	20749	5392	testable	710	0	0.000214323866967704	1.0
MAX	dex	Hallmark	125	44	80	20749	50	testable	22	0	0.010011789540847946	0.5005894770423973
MAX	dex	Reactome	125	44	80	20749	1816	testable	464	0	5.841166237784589e-05	0.10607557887816814
MAX	palmitate	GO_BP	182	130	47	20749	5392	testable	990	0	0.00034175593807450974	1.0
MAX	palmitate	Hallmark	182	130	47	20749	50	testable	35	0	0.04117505560874972	0.9038452320806982
MAX	palmitate	Reactome	182	130	47	20749	1816	testable	443	0	0.010154061414795367	1.0
MAZ	3-cyt	GO_BP	45	22	22	20749	5392	testable	370	0	9.592121695739468e-05	0.5172072018342722
MAZ	3-cyt	Hallmark	45	22	22	20749	50	testable	9	0	0.041974428262985905	1.0
MAZ	3-cyt	Reactome	45	22	22	20749	1816	testable	190	0	0.0002188388421116058	0.39741133727467615
MAZ	Ex-4_HG	GO_BP	171	117	50	20749	5392	testable	863	0	0.0004097425208906671	1.0
MAZ	Ex-4_HG	Hallmark	171	117	50	20749	50	testable	35	0	0.006567216139220558	0.3283608069610279
MAZ	Ex-4_HG	Reactome	171	117	50	20749	1816	testable	616	1	2.6786757242978694e-05	0.04864475115324931
MAZ	IFNg	GO_BP	188	93	93	20749	5392	testable	956	0	0.00011449504231101028	0.6173572681409675
MAZ	IFNg	Hallmark	188	93	93	20749	50	testable	33	0	0.011684913691299297	0.2441802868589036
MAZ	IFNg	Reactome	188	93	93	20749	1816	testable	457	0	0.0005403632958299831	0.5037456628828879
MAZ	dex	GO_BP	181	80	100	20749	5392	testable	821	0	0.00154414557258023	1.0
MAZ	dex	Hallmark	181	80	100	20749	50	testable	31	0	0.09418815708808548	1.0
MAZ	dex	Reactome	181	80	100	20749	1816	testable	387	0	0.003246127907991274	1.0
MAZ	palmitate	GO_BP	55	38	12	20749	5392	testable	480	0	0.00044764145610345473	1.0
MAZ	palmitate	Hallmark	55	38	12	20749	50	testable	18	0	0.04097997654139688	1.0
MAZ	palmitate	Reactome	55	38	12	20749	1816	testable	187	0	0.0008083745462419922	1.0
MBD2	3-cyt	GO_BP	137	54	82	20749	5392	testable	701	0	0.003218586124536874	1.0
MBD2	3-cyt	Hallmark	137	54	82	20749	50	testable	25	2	1.765287553496204e-06	8.82643776748102e-05
MBD2	3-cyt	Reactome	137	54	82	20749	1816	testable	452	0	0.002735223725273296	1.0
MBD2	Ex-4_HG	GO_BP	213	69	140	20749	5392	testable	1037	0	0.0020765918680472418	1.0
MBD2	Ex-4_HG	Hallmark	213	69	140	20749	50	testable	37	0	0.058854007742482034	1.0
MBD2	Ex-4_HG	Reactome	213	69	140	20749	1816	testable	497	0	0.003600919955933235	1.0
MBD2	IFNg	GO_BP	154	41	111	20749	5392	testable	933	0	6.333077889685751e-05	0.3414795598118557
MBD2	IFNg	Hallmark	154	41	111	20749	50	testable	39	0	0.0029110497191729492	0.14555248595864745
MBD2	IFNg	Reactome	154	41	111	20749	1816	testable	424	0	0.0032393268830753917	1.0
MBD2	dex	GO_BP	178	42	135	20749	5392	testable	1105	0	0.0006355816765277971	0.7635536880587923
MBD2	dex	Hallmark	178	42	135	20749	50	testable	39	0	0.011989725043746888	0.3939782659292694
MBD2	dex	Reactome	178	42	135	20749	1816	testable	689	1	2.009270840841676e-05	0.03648835846968484
MBD2	palmitate	GO_BP	176	51	120	20749	5392	testable	857	0	0.0003176921081543999	1.0
MBD2	palmitate	Hallmark	176	51	120	20749	50	testable	34	0	0.013727788331128234	0.6863894165564117
MBD2	palmitate	Reactome	176	51	120	20749	1816	testable	330	0	0.008780551127747645	1.0
MITF	3-cyt	GO_BP	201	109	91	20749	5392	testable	946	0	0.00030130747231399706	0.7897146537347067
MITF	3-cyt	Hallmark	201	109	91	20749	50	testable	29	0	0.009610498655490725	0.48052493277453623
MITF	3-cyt	Reactome	201	109	91	20749	1816	testable	442	0	0.0038559878104662388	1.0
MITF	Ex-4_HG	GO_BP	107	41	62	20749	5392	testable	582	0	0.0004594726294290622	1.0
MITF	Ex-4_HG	Hallmark	107	41	62	20749	50	testable	27	0	0.1520568857745451	1.0
MITF	Ex-4_HG	Reactome	107	41	62	20749	1816	testable	354	0	0.00044187499519782994	0.4752115350074066
MITF	IFNg	GO_BP	162	98	62	20749	5392	testable	728	0	0.0005965622777678635	1.0
MITF	IFNg	Hallmark	162	98	62	20749	50	testable	30	0	0.04772751500192163	0.9530733132061251
MITF	IFNg	Reactome	162	98	62	20749	1816	testable	350	0	0.005183658673379866	1.0
MITF	dex	GO_BP	106	50	55	20749	5392	testable	781	0	0.00038264959187251155	1.0
MITF	dex	Hallmark	106	50	55	20749	50	testable	20	0	0.07275762231009691	1.0
MITF	dex	Reactome	106	50	55	20749	1816	testable	285	0	0.0021334601863843066	1.0
MITF	palmitate	GO_BP	89	75	9	20749	5392	testable	473	0	3.343965104801276e-05	0.1803065984508848
MITF	palmitate	Hallmark	89	75	9	20749	50	testable	25	0	0.01998619128803572	0.999309564401786
MITF	palmitate	Reactome	89	75	9	20749	1816	testable	245	0	0.008560533897242484	1.0
MLX	3-cyt	GO_BP	209	87	121	20749	5392	testable	845	0	0.002051100293280668	1.0
MLX	3-cyt	Hallmark	209	87	121	20749	50	testable	33	0	0.0018709119257951372	0.09354559628975687
MLX	3-cyt	Reactome	209	87	121	20749	1816	testable	386	0	0.0027166827709630714	1.0
MLX	Ex-4_HG	GO_BP	141	68	69	20749	5392	testable	864	0	0.000892041601224371	1.0
MLX	Ex-4_HG	Hallmark	141	68	69	20749	50	testable	35	0	0.005750390945448355	0.28751954727241774
MLX	Ex-4_HG	Reactome	141	68	69	20749	1816	testable	356	0	0.0019909572896065282	1.0
MLX	IFNg	GO_BP	117	53	62	20749	5392	testable	772	0	0.00021579754860244211	0.6267281321658342
MLX	IFNg	Hallmark	117	53	62	20749	50	testable	24	3	6.089788697635178e-07	3.0448943488175892e-05
MLX	IFNg	Reactome	117	53	62	20749	1816	testable	367	0	0.002113809129563996	1.0
MLX	dex	GO_BP	177	94	82	20749	5392	testable	863	0	3.992865795615149e-05	0.21529532369956883
MLX	dex	Hallmark	177	94	82	20749	50	testable	32	0	0.045347288756125564	1.0
MLX	dex	Reactome	177	94	82	20749	1816	testable	648	0	0.0015354788938359374	1.0
MLX	palmitate	GO_BP	147	82	60	20749	5392	testable	706	0	0.0017371010549044263	1.0
MLX	palmitate	Hallmark	147	82	60	20749	50	testable	29	0	0.006625808652985772	0.3268106388724428
MLX	palmitate	Reactome	147	82	60	20749	1816	testable	250	0	0.014119503930278408	1.0
MLXIP	3-cyt	GO_BP	59	32	26	20749	5392	testable	298	0	0.002865154504805876	1.0
MLXIP	3-cyt	Hallmark	59	32	26	20749	50	testable	14	0	0.06178174116529034	1.0
MLXIP	3-cyt	Reactome	59	32	26	20749	1816	testable	126	0	0.006361853520719493	1.0
MLXIP	Ex-4_HG	GO_BP	17	6	7	20749	5392	testable	186	0	0.0019229428986872838	1.0
MLXIP	Ex-4_HG	Hallmark	17	6	7	20749	50	testable	8	0	0.04177667789549715	0.7618911366079766
MLXIP	Ex-4_HG	Reactome	17	6	7	20749	1816	testable	56	0	0.0065368672614352225	1.0
MLXIP	IFNg	GO_BP	10	4	4	20749	5392	testable	67	0	0.0001534460548858801	0.8256520202072596
MLXIP	IFNg	Hallmark	10	4	4	20749	50	testable	8	0	0.02478601056214325	0.46004128670124816
MLXIP	IFNg	Reactome	10	4	4	20749	1816	testable	15	0	0.004810111381630942	1.0
MLXIP	dex	GO_BP	160	121	38	20749	5392	testable	840	0	0.0012098279498310193	1.0
MLXIP	dex	Hallmark	160	121	38	20749	50	testable	24	0	0.00870582715759666	0.43529135787983303
MLXIP	dex	Reactome	160	121	38	20749	1816	testable	361	0	0.0028847144391841153	1.0
MLXIP	palmitate	GO_BP	147	121	21	20749	5392	testable	900	0	0.0006229939283447519	1.0
MLXIP	palmitate	Hallmark	147	121	21	20749	50	testable	28	0	0.0019639710365094883	0.0981985518254744
MLXIP	palmitate	Reactome	147	121	21	20749	1816	testable	463	0	0.0005705066480644149	0.6664500861530336
MLXIPL	3-cyt	GO_BP	96	46	49	20749	5392	testable	577	0	0.000438204002181102	1.0
MLXIPL	3-cyt	Hallmark	96	46	49	20749	50	testable	23	0	0.006389876876226033	0.1628727412251556
MLXIPL	3-cyt	Reactome	96	46	49	20749	1816	testable	289	0	0.00012634136694935876	0.22943592238003552
MLXIPL	Ex-4_HG	GO_BP	101	60	37	20749	5392	testable	713	0	3.090252675598642e-05	0.16662642426827878
MLXIPL	Ex-4_HG	Hallmark	101	60	37	20749	50	testable	23	0	0.013723849519854173	0.6861924759927087
MLXIPL	Ex-4_HG	Reactome	101	60	37	20749	1816	testable	393	1	2.1698559978713442e-05	0.03940458492134361
MLXIPL	IFNg	GO_BP	7	4	1	20749	5392	insufficient_lt10	0	0		
MLXIPL	IFNg	Hallmark	7	4	1	20749	50	insufficient_lt10	0	0		
MLXIPL	IFNg	Reactome	7	4	1	20749	1816	insufficient_lt10	0	0		
MLXIPL	dex	GO_BP	169	118	50	20749	5392	testable	1155	0	0.00018087666880919846	0.5033870162413462
MLXIPL	dex	Hallmark	169	118	50	20749	50	testable	37	0	0.0372615405160107	0.6877558817885451
MLXIPL	dex	Reactome	169	118	50	20749	1816	testable	393	0	0.0023366360216312385	1.0
MLXIPL	palmitate	GO_BP	133	109	19	20749	5392	testable	872	0	0.00012182640256818095	0.6568879626476317
MLXIPL	palmitate	Hallmark	133	109	19	20749	50	testable	26	0	0.0012204394551866983	0.061021972759334915
MLXIPL	palmitate	Reactome	133	109	19	20749	1816	testable	380	0	6.780217916725647e-05	0.11568493371797432
MNT	3-cyt	GO_BP	201	80	120	20749	5392	testable	761	0	0.003214387795512087	1.0
MNT	3-cyt	Hallmark	201	80	120	20749	50	testable	32	0	0.0351861336063341	1.0
MNT	3-cyt	Reactome	201	80	120	20749	1816	testable	335	0	0.00012069267475431463	0.21917789735383536
MNT	Ex-4_HG	GO_BP	52	22	26	20749	5392	testable	376	0	0.001641242727819665	1.0
MNT	Ex-4_HG	Hallmark	52	22	26	20749	50	testable	18	0	0.020120960055385814	0.49709925169622576
MNT	Ex-4_HG	Reactome	52	22	26	20749	1816	testable	266	0	0.0013541450707297122	1.0
MNT	IFNg	GO_BP	47	31	14	20749	5392	testable	398	0	0.00011753116782491507	0.40151192563604915
MNT	IFNg	Hallmark	47	31	14	20749	50	testable	19	0	0.022818429140521967	0.8226760319804978
MNT	IFNg	Reactome	47	31	14	20749	1816	testable	157	0	0.0012326073250324364	1.0
MNT	dex	GO_BP	60	30	29	20749	5392	testable	462	0	0.0014990413558931596	1.0
MNT	dex	Hallmark	60	30	29	20749	50	testable	15	0	0.07327585497185586	1.0
MNT	dex	Reactome	60	30	29	20749	1816	testable	250	0	0.00017108027824707409	0.19109916691126394
MNT	palmitate	GO_BP	168	145	18	20749	5392	testable	1006	0	0.0002734231320183905	1.0
MNT	palmitate	Hallmark	168	145	18	20749	50	testable	30	0	0.02443816533919636	0.9523766635760526
MNT	palmitate	Reactome	168	145	18	20749	1816	testable	456	0	0.0017672416379955825	1.0
MNX1	3-cyt	GO_BP	122	55	66	20749	5392	testable	713	0	0.00020415877876866579	0.8689168995075265
MNX1	3-cyt	Hallmark	122	55	66	20749	50	testable	22	0	0.014208952566589047	0.7104476283294523
MNX1	3-cyt	Reactome	122	55	66	20749	1816	testable	364	0	0.0029963488323728627	1.0
MNX1	Ex-4_HG	GO_BP	143	97	42	20749	5392	testable	788	0	0.0008407686641703931	1.0
MNX1	Ex-4_HG	Hallmark	143	97	42	20749	50	testable	39	0	0.006040891125712331	0.290865441004211
MNX1	Ex-4_HG	Reactome	143	97	42	20749	1816	testable	346	2	1.7166756361363951e-06	0.0031174829552236935
MNX1	IFNg	GO_BP	149	101	46	20749	5392	testable	683	0	0.0021781084313509257	1.0
MNX1	IFNg	Hallmark	149	101	46	20749	50	testable	27	0	0.015586089854263607	0.4402292429096851
MNX1	IFNg	Reactome	149	101	46	20749	1816	testable	337	0	0.00983608310621299	1.0
MNX1	dex	GO_BP	51	30	20	20749	5392	testable	389	1	3.092154663371331e-06	0.016672897944898218
MNX1	dex	Hallmark	51	30	20	20749	50	testable	21	0	0.001389831146446531	0.06949155732232655
MNX1	dex	Reactome	51	30	20	20749	1816	testable	340	0	0.00012962703561128863	0.23540269667010014
MNX1	palmitate	GO_BP	167	110	52	20749	5392	testable	868	0	0.0007046816696307519	1.0
MNX1	palmitate	Hallmark	167	110	52	20749	50	testable	27	0	0.010314260090856592	0.5157130045428295
MNX1	palmitate	Reactome	167	110	52	20749	1816	testable	396	0	0.0003822842212506731	0.6942281457912224
NEUROD1	3-cyt	GO_BP	67	37	29	20749	5392	testable	475	0	0.0001527937737063055	0.5755013695136886
NEUROD1	3-cyt	Hallmark	67	37	29	20749	50	testable	20	0	0.008067120040183166	0.40335600200915833
NEUROD1	3-cyt	Reactome	67	37	29	20749	1816	testable	167	0	0.009720763978081564	1.0
NEUROD1	Ex-4_HG	GO_BP	202	103	95	20749	5392	testable	1000	0	0.0010623667757886806	1.0
NEUROD1	Ex-4_HG	Hallmark	202	103	95	20749	50	testable	34	0	0.019448103960882646	0.7543419992471626
NEUROD1	Ex-4_HG	Reactome	202	103	95	20749	1816	testable	637	0	0.0043560937528951404	1.0
NEUROD1	IFNg	GO_BP	174	38	134	20749	5392	testable	1053	0	0.0006140162279053036	0.9283661390472049
NEUROD1	IFNg	Hallmark	174	38	134	20749	50	testable	33	0	0.008970623215539777	0.23702425376686403
NEUROD1	IFNg	Reactome	174	38	134	20749	1816	testable	498	0	0.0002995384140167182	0.5439617598543603
NEUROD1	dex	GO_BP	175	93	81	20749	5392	testable	813	0	0.0006955938485211968	1.0
NEUROD1	dex	Hallmark	175	93	81	20749	50	testable	34	0	0.012083674027146024	0.4946647771608189
NEUROD1	dex	Reactome	175	93	81	20749	1816	testable	351	0	0.003432117218122947	1.0
NEUROD1	palmitate	GO_BP	136	89	42	20749	5392	testable	821	0	9.509504749696972e-05	0.3434522515714374
NEUROD1	palmitate	Hallmark	136	89	42	20749	50	testable	28	0	0.018705761007637548	0.7069603629785453
NEUROD1	palmitate	Reactome	136	89	42	20749	1816	testable	383	0	0.0016787671296850687	1.0
NFE2L2	3-cyt	GO_BP	92	38	53	20749	5392	testable	676	0	0.00028834894535298113	1.0
NFE2L2	3-cyt	Hallmark	92	38	53	20749	50	testable	25	0	0.018945235031992167	0.6204456185544978
NFE2L2	3-cyt	Reactome	92	38	53	20749	1816	testable	287	0	7.629164522024457e-05	0.13854562771996415
NFE2L2	Ex-4_HG	GO_BP	68	25	39	20749	5392	testable	547	0	0.00021989816041687182	1.0
NFE2L2	Ex-4_HG	Hallmark	68	25	39	20749	50	testable	18	0	0.07718756143560836	1.0
NFE2L2	Ex-4_HG	Reactome	68	25	39	20749	1816	testable	208	0	0.0004682228036982287	0.7322513152612744
NFE2L2	IFNg	GO_BP	100	25	73	20749	5392	testable	610	0	0.0004753758795956934	1.0
NFE2L2	IFNg	Hallmark	100	25	73	20749	50	testable	30	0	0.02608122622337273	0.9154369571198747
NFE2L2	IFNg	Reactome	100	25	73	20749	1816	testable	253	0	0.0020151087323260195	1.0
NFE2L2	dex	GO_BP	175	45	129	20749	5392	testable	771	0	0.0014445890560550313	1.0
NFE2L2	dex	Hallmark	175	45	129	20749	50	testable	33	0	0.007681499158706597	0.38407495793532986
NFE2L2	dex	Reactome	175	45	129	20749	1816	testable	368	0	0.004415913302754688	1.0
NFE2L2	palmitate	GO_BP	174	138	31	20749	5392	testable	803	0	0.0009072911060655349	1.0
NFE2L2	palmitate	Hallmark	174	138	31	20749	50	testable	28	0	0.03681037198865103	0.7060016219731301
NFE2L2	palmitate	Reactome	174	138	31	20749	1816	testable	272	0	0.0051324857887215134	1.0
NFIL3	3-cyt	GO_BP	129	74	54	20749	5392	testable	747	0	1.2851509926939056e-05	0.06929534152605539
NFIL3	3-cyt	Hallmark	129	74	54	20749	50	testable	27	1	0.00046660987188614774	0.02333049359430739
NFIL3	3-cyt	Reactome	129	74	54	20749	1816	testable	420	0	0.015031853940650803	1.0
NFIL3	Ex-4_HG	GO_BP	119	51	64	20749	5392	testable	654	0	0.0006722066303468109	1.0
NFIL3	Ex-4_HG	Hallmark	119	51	64	20749	50	testable	28	0	0.013350494249372888	0.584521808677081
NFIL3	Ex-4_HG	Reactome	119	51	64	20749	1816	testable	276	0	0.015336051365364848	1.0
NFIL3	IFNg	GO_BP	108	46	60	20749	5392	testable	636	0	0.0003264839885687571	1.0
NFIL3	IFNg	Hallmark	108	46	60	20749	50	testable	23	2	6.940321934698293e-05	0.0034701609673491464
NFIL3	IFNg	Reactome	108	46	60	20749	1816	testable	341	0	0.003889439407489327	1.0
NFIL3	dex	GO_BP	152	61	90	20749	5392	testable	560	0	0.0006967790324303797	1.0
NFIL3	dex	Hallmark	152	61	90	20749	50	testable	27	0	0.09801911550299455	1.0
NFIL3	dex	Reactome	152	61	90	20749	1816	testable	375	0	0.003353216794505199	1.0
NFIL3	palmitate	GO_BP	168	112	51	20749	5392	testable	852	0	0.0003261548141758015	1.0
NFIL3	palmitate	Hallmark	168	112	51	20749	50	testable	31	0	0.02721123410439366	0.830259405514599
NFIL3	palmitate	Reactome	168	112	51	20749	1816	testable	359	0	0.0022600941148861694	1.0
NFYA	3-cyt	GO_BP	176	114	61	20749	5392	testable	806	0	0.0005142235596096535	1.0
NFYA	3-cyt	Hallmark	176	114	61	20749	50	testable	28	0	0.007309735629710356	0.36548678148551783
NFYA	3-cyt	Reactome	176	114	61	20749	1816	testable	455	0	0.0004457599814999761	0.8095001264039565
NFYA	Ex-4_HG	GO_BP	155	79	72	20749	5392	testable	777	0	0.000635848420576128	1.0
NFYA	Ex-4_HG	Hallmark	155	79	72	20749	50	testable	23	0	0.1039495056232361	1.0
NFYA	Ex-4_HG	Reactome	155	79	72	20749	1816	testable	339	0	0.00037451042307662657	0.13458554642729734
NFYA	IFNg	GO_BP	130	73	55	20749	5392	testable	802	0	0.00010348535756277585	0.5579930479784874
NFYA	IFNg	Hallmark	130	73	55	20749	50	testable	28	0	0.009846431542370887	0.29239743489739706
NFYA	IFNg	Reactome	130	73	55	20749	1816	testable	300	0	0.0037597217682104555	1.0
NFYA	dex	GO_BP	157	103	53	20749	5392	testable	698	0	0.00016982578330805155	0.9021023204600409
NFYA	dex	Hallmark	157	103	53	20749	50	testable	26	0	0.07199757163438862	1.0
NFYA	dex	Reactome	157	103	53	20749	1816	testable	410	0	0.0005604660113964445	1.0
NFYA	palmitate	GO_BP	99	58	36	20749	5392	testable	552	0	0.0023092362031360016	1.0
NFYA	palmitate	Hallmark	99	58	36	20749	50	testable	22	0	0.007752918032286474	0.3876459016143237
NFYA	palmitate	Reactome	99	58	36	20749	1816	testable	306	0	0.004891886416692593	1.0
NFYB	3-cyt	GO_BP	87	45	41	20749	5392	testable	600	0	0.0003600212510277686	1.0
NFYB	3-cyt	Hallmark	87	45	41	20749	50	testable	25	0	0.0010408842261439948	0.05204421130719974
NFYB	3-cyt	Reactome	87	45	41	20749	1816	testable	330	0	0.0009326737329384677	1.0
NFYB	Ex-4_HG	GO_BP	108	65	39	20749	5392	testable	656	0	0.00032575062127574204	1.0
NFYB	Ex-4_HG	Hallmark	108	65	39	20749	50	testable	29	0	0.019799545622499328	0.6292362402464041
NFYB	Ex-4_HG	Reactome	108	65	39	20749	1816	testable	315	0	0.0009437342774310433	1.0
NFYB	IFNg	GO_BP	149	61	86	20749	5392	testable	543	0	0.002007083630944759	1.0
NFYB	IFNg	Hallmark	149	61	86	20749	50	testable	30	0	0.05378200154826855	1.0
NFYB	IFNg	Reactome	149	61	86	20749	1816	testable	288	0	0.004404703393296032	1.0
NFYB	dex	GO_BP	141	88	52	20749	5392	testable	691	0	0.0006756077700940037	1.0
NFYB	dex	Hallmark	141	88	52	20749	50	testable	29	0	0.05574862028648377	1.0
NFYB	dex	Reactome	141	88	52	20749	1816	testable	434	0	0.0009416351090111591	0.8954169234830572
NFYB	palmitate	GO_BP	124	75	44	20749	5392	testable	548	0	0.0003501370466593078	0.9439694777934938
NFYB	palmitate	Hallmark	124	75	44	20749	50	testable	26	0	0.03868766706011943	0.6667660996246774
NFYB	palmitate	Reactome	124	75	44	20749	1816	testable	231	0	0.005059643483334672	1.0
NFYC	3-cyt	GO_BP	184	89	94	20749	5392	testable	831	0	0.000768526643530719	1.0
NFYC	3-cyt	Hallmark	184	89	94	20749	50	testable	38	0	0.023770019875725495	0.8787515023420708
NFYC	3-cyt	Reactome	184	89	94	20749	1816	testable	437	0	0.0030779348720597565	1.0
NFYC	Ex-4_HG	GO_BP	125	56	65	20749	5392	testable	500	0	0.0046151129028844705	1.0
NFYC	Ex-4_HG	Hallmark	125	56	65	20749	50	testable	19	0	0.0880528258747306	1.0
NFYC	Ex-4_HG	Reactome	125	56	65	20749	1816	testable	218	0	0.009112005454452073	1.0
NFYC	IFNg	GO_BP	205	63	140	20749	5392	testable	1021	0	0.0009952785454505188	1.0
NFYC	IFNg	Hallmark	205	63	140	20749	50	testable	37	0	0.0020970831732680063	0.10485415866340031
NFYC	IFNg	Reactome	205	63	140	20749	1816	testable	479	0	0.0025951169223452654	1.0
NFYC	dex	GO_BP	175	70	104	20749	5392	testable	957	0	0.0008071122268591245	1.0
NFYC	dex	Hallmark	175	70	104	20749	50	testable	26	0	0.014131388978682194	0.49082413254318963
NFYC	dex	Reactome	175	70	104	20749	1816	testable	333	0	0.0010373781303806883	1.0
NFYC	palmitate	GO_BP	180	68	107	20749	5392	testable	625	0	0.008149861455707022	1.0
NFYC	palmitate	Hallmark	180	68	107	20749	50	testable	30	0	0.09858023716475234	1.0
NFYC	palmitate	Reactome	180	68	107	20749	1816	testable	352	0	0.002024831098673922	1.0
NKX6-1	3-cyt	GO_BP	191	76	114	20749	5392	testable	968	0	0.0003936432072838759	1.0
NKX6-1	3-cyt	Hallmark	191	76	114	20749	50	testable	32	1	0.00049070507582799	0.024535253791399498
NKX6-1	3-cyt	Reactome	191	76	114	20749	1816	testable	499	18	8.434220219382126e-05	0.036997415155768903
NKX6-1	Ex-4_HG	GO_BP	178	110	64	20749	5392	testable	986	0	0.00024965051320827093	0.9759878453074845
NKX6-1	Ex-4_HG	Hallmark	178	110	64	20749	50	testable	41	1	2.576495553701114e-05	0.0012882477768505571
NKX6-1	Ex-4_HG	Reactome	178	110	64	20749	1816	testable	388	0	0.00021077461124526748	0.22600092468498578
NKX6-1	IFNg	GO_BP	189	106	81	20749	5392	testable	778	0	0.0016818874700466487	1.0
NKX6-1	IFNg	Hallmark	189	106	81	20749	50	testable	35	0	0.008249644110587576	0.373978816575409
NKX6-1	IFNg	Reactome	189	106	81	20749	1816	testable	348	0	0.00910658048724316	1.0
NKX6-1	dex	GO_BP	41	25	15	20749	5392	testable	283	0	0.00013594465845770648	0.6694085632359945
NKX6-1	dex	Hallmark	41	25	15	20749	50	testable	17	0	0.00380229901066851	0.1901149505334255
NKX6-1	dex	Reactome	41	25	15	20749	1816	testable	204	0	0.0003414923860642437	0.320270446518609
NKX6-1	palmitate	GO_BP	107	54	48	20749	5392	testable	585	0	0.00015701187289361062	0.4687521061108697
NKX6-1	palmitate	Hallmark	107	54	48	20749	50	testable	19	0	0.029551403010551668	1.0
NKX6-1	palmitate	Reactome	107	54	48	20749	1816	testable	351	0	0.011113133971619777	1.0
NPAS2	3-cyt	GO_BP	54	31	22	20749	5392	testable	252	0	0.0001384475810931206	0.7465093572541063
NPAS2	3-cyt	Hallmark	54	31	22	20749	50	testable	17	0	0.0476287785574812	0.8684387896081267
NPAS2	3-cyt	Reactome	54	31	22	20749	1816	testable	196	0	0.00029519025697144496	0.391804006614578
NPAS2	Ex-4_HG	GO_BP	143	87	52	20749	5392	testable	1122	0	2.6120543396105684e-05	0.14084196999180185
NPAS2	Ex-4_HG	Hallmark	143	87	52	20749	50	testable	38	0	0.01163461764016844	0.30526538336985515
NPAS2	Ex-4_HG	Reactome	143	87	52	20749	1816	testable	440	0	0.0006948001566448568	0.45646501443175275
NPAS2	IFNg	GO_BP	129	63	64	20749	5392	testable	517	0	0.0007891768360532572	1.0
NPAS2	IFNg	Hallmark	129	63	64	20749	50	testable	27	0	0.019737211949665028	0.9868605974832514
NPAS2	IFNg	Reactome	129	63	64	20749	1816	testable	326	0	0.0024302391157548777	1.0
NPAS2	dex	GO_BP	117	67	49	20749	5392	testable	686	0	9.422884524130461e-05	0.5080819335411144
NPAS2	dex	Hallmark	117	67	49	20749	50	testable	26	0	0.14652357398738078	1.0
NPAS2	dex	Reactome	117	67	49	20749	1816	testable	412	0	0.012345985725933954	1.0
NPAS2	palmitate	GO_BP	129	66	58	20749	5392	testable	589	0	6.415594746256511e-05	0.34592886871815104
NPAS2	palmitate	Hallmark	129	66	58	20749	50	testable	21	0	0.01703426551262583	0.8517132756312915
NPAS2	palmitate	Reactome	129	66	58	20749	1816	testable	247	0	0.0015859914964493262	1.0
NR1H3	3-cyt	GO_BP	206	87	118	20749	5392	testable	935	0	0.0033729045828454277	1.0
NR1H3	3-cyt	Hallmark	206	87	118	20749	50	testable	25	0	0.10961078013224235	1.0
NR1H3	3-cyt	Reactome	206	87	118	20749	1816	testable	298	0	0.0004909519592410341	0.891568757981718
NR1H3	Ex-4_HG	GO_BP	124	78	42	20749	5392	testable	767	0	6.172426338961075e-05	0.25345871813309784
NR1H3	Ex-4_HG	Hallmark	124	78	42	20749	50	testable	28	0	0.028314726575581664	0.9444165425540693
NR1H3	Ex-4_HG	Reactome	124	78	42	20749	1816	testable	353	0	0.0005231494539938569	0.9500394084528442
NR1H3	IFNg	GO_BP	69	33	34	20749	5392	testable	455	0	0.0001620813802914495	0.6946535425944221
NR1H3	IFNg	Hallmark	69	33	34	20749	50	testable	16	0	0.003577628792575745	0.17888143962878725
NR1H3	IFNg	Reactome	69	33	34	20749	1816	testable	209	0	0.0016111137843712415	1.0
NR1H3	dex	GO_BP	182	43	138	20749	5392	testable	729	0	0.0009041431395116688	1.0
NR1H3	dex	Hallmark	182	43	138	20749	50	testable	30	0	0.006752310495641009	0.31339376990148504
NR1H3	dex	Reactome	182	43	138	20749	1816	testable	400	0	0.002645337819951401	1.0
NR1H3	palmitate	GO_BP	147	106	36	20749	5392	testable	847	0	0.0001910838596262167	1.0
NR1H3	palmitate	Hallmark	147	106	36	20749	50	testable	31	0	0.016842005108808678	0.3268106388724428
NR1H3	palmitate	Reactome	147	106	36	20749	1816	testable	382	0	0.0002963416304088367	0.5381564008224475
NR1H4	3-cyt	GO_BP	98	46	51	20749	5392	testable	674	0	9.371150682570047e-05	0.5052924448041769
NR1H4	3-cyt	Hallmark	98	46	51	20749	50	testable	22	0	0.06039727304432434	1.0
NR1H4	3-cyt	Reactome	98	46	51	20749	1816	testable	417	0	5.013062264358993e-05	0.07048359175128385
NR1H4	Ex-4_HG	GO_BP	61	36	21	20749	5392	testable	497	0	1.9117478117822525e-05	0.06430572356904624
NR1H4	Ex-4_HG	Hallmark	61	36	21	20749	50	testable	25	0	0.0025995837796065997	0.09157210698860097
NR1H4	Ex-4_HG	Reactome	61	36	21	20749	1816	testable	128	0	0.00318148265217698	1.0
NR1H4	IFNg	GO_BP	168	109	57	20749	5392	testable	651	0	1.4617516570005784e-05	0.07881764934547118
NR1H4	IFNg	Hallmark	168	109	57	20749	50	testable	31	0	0.02308271354325682	0.6642410633262421
NR1H4	IFNg	Reactome	168	109	57	20749	1816	testable	424	0	0.004077887665781688	1.0
NR1H4	dex	GO_BP	208	156	51	20749	5392	testable	1068	0	0.00067585351652222	1.0
NR1H4	dex	Hallmark	208	156	51	20749	50	testable	29	0	0.013058734773677616	0.6529367386838808
NR1H4	dex	Reactome	208	156	51	20749	1816	testable	684	0	5.358241410651717e-05	0.09730566401743518
NR1H4	palmitate	GO_BP	153	104	44	20749	5392	testable	909	0	0.00025582788101120515	1.0
NR1H4	palmitate	Hallmark	153	104	44	20749	50	testable	33	0	0.07551306391320342	1.0
NR1H4	palmitate	Reactome	153	104	44	20749	1816	testable	460	0	0.003722344866552703	1.0
NR2C2	3-cyt	GO_BP	108	42	65	20749	5392	testable	522	0	0.010383297058315769	1.0
NR2C2	3-cyt	Hallmark	108	42	65	20749	50	testable	14	0	0.13111659023990083	1.0
NR2C2	3-cyt	Reactome	108	42	65	20749	1816	testable	227	0	0.0005543748777043865	1.0
NR2C2	Ex-4_HG	GO_BP	136	76	56	20749	5392	testable	768	0	0.0004907176377289476	1.0
NR2C2	Ex-4_HG	Hallmark	136	76	56	20749	50	testable	28	0	0.011478273362816092	0.2034005934634286
NR2C2	Ex-4_HG	Reactome	136	76	56	20749	1816	testable	585	0	0.0005699872442245774	0.9561647427712691
NR2C2	IFNg	GO_BP	164	63	99	20749	5392	testable	971	0	0.0006042701107197702	1.0
NR2C2	IFNg	Hallmark	164	63	99	20749	50	testable	32	0	0.0080698723792702	0.40349361896351005
NR2C2	IFNg	Reactome	164	63	99	20749	1816	testable	442	0	0.0006113111120228026	0.5521863946820781
NR2C2	dex	GO_BP	190	62	127	20749	5392	testable	1024	0	0.0002487320249171976	1.0
NR2C2	dex	Hallmark	190	62	127	20749	50	testable	32	0	0.09604207741971504	1.0
NR2C2	dex	Reactome	190	62	127	20749	1816	testable	504	0	0.001155644264528215	1.0
NR2C2	palmitate	GO_BP	114	60	49	20749	5392	testable	730	0	0.0006171726374002958	0.9338612156624382
NR2C2	palmitate	Hallmark	114	60	49	20749	50	testable	23	0	0.07110591893724984	1.0
NR2C2	palmitate	Reactome	114	60	49	20749	1816	testable	309	0	0.004813669934229272	1.0
NR2F1	3-cyt	GO_BP	198	101	96	20749	5392	testable	814	0	0.0008890631616398287	1.0
NR2F1	3-cyt	Hallmark	198	101	96	20749	50	testable	31	0	0.015375978525355612	0.6264908889168476
NR2F1	3-cyt	Reactome	198	101	96	20749	1816	testable	421	0	0.0018020572706796626	1.0
NR2F1	Ex-4_HG	GO_BP	141	71	66	20749	5392	testable	576	0	0.0009416351090111591	1.0
NR2F1	Ex-4_HG	Hallmark	141	71	66	20749	50	testable	26	0	0.01296373449309884	0.648186724654942
NR2F1	Ex-4_HG	Reactome	141	71	66	20749	1816	testable	229	0	0.0019909572896065282	1.0
NR2F1	IFNg	GO_BP	78	26	50	20749	5392	testable	452	0	0.0007506334048141404	1.0
NR2F1	IFNg	Hallmark	78	26	50	20749	50	testable	22	0	0.01582852536085823	0.7914262680429116
NR2F1	IFNg	Reactome	78	26	50	20749	1816	testable	261	0	0.0012921614218963935	0.6743634523376967
NR2F1	dex	GO_BP	168	63	104	20749	5392	testable	761	0	0.0001944691988037139	1.0
NR2F1	dex	Hallmark	168	63	104	20749	50	testable	30	0	0.019868305282253088	0.9934152641126545
NR2F1	dex	Reactome	168	63	104	20749	1816	testable	348	0	0.0001944691988037139	0.35315606502754443
NR2F1	palmitate	GO_BP	157	87	65	20749	5392	testable	725	0	0.0008365192140764474	1.0
NR2F1	palmitate	Hallmark	157	87	65	20749	50	testable	35	0	0.0058932553323038095	0.2946627666151905
NR2F1	palmitate	Reactome	157	87	65	20749	1816	testable	319	0	0.0015460278621233956	1.0
NR2F6	3-cyt	GO_BP	112	52	59	20749	5392	testable	558	0	0.001014188562876732	1.0
NR2F6	3-cyt	Hallmark	112	52	59	20749	50	testable	23	0	0.05089095798698362	1.0
NR2F6	3-cyt	Reactome	112	52	59	20749	1816	testable	243	0	0.010420321115648699	1.0
NR2F6	Ex-4_HG	GO_BP	72	44	24	20749	5392	testable	571	0	0.0002219176944411898	0.8627341276536225
NR2F6	Ex-4_HG	Hallmark	72	44	24	20749	50	testable	12	0	0.014078634088244522	0.7039317044122261
NR2F6	Ex-4_HG	Reactome	72	44	24	20749	1816	testable	226	0	0.00017652176689138063	0.1910447333103979
NR2F6	IFNg	GO_BP	62	51	9	20749	5392	testable	454	0	2.630457236147529e-05	0.14183425417307477
NR2F6	IFNg	Hallmark	62	51	9	20749	50	testable	22	0	0.07496603034278489	0.9523772859652497
NR2F6	IFNg	Reactome	62	51	9	20749	1816	testable	234	0	0.0001307639147646764	0.23746726921265235
NR2F6	dex	GO_BP	110	71	38	20749	5392	testable	703	0	0.00013183469643107413	0.7108526831563518
NR2F6	dex	Hallmark	110	71	38	20749	50	testable	23	0	0.05590032915548088	0.8050200153025419
NR2F6	dex	Reactome	110	71	38	20749	1816	testable	387	2	3.0250953518683195e-06	0.005493573158992868
NR2F6	palmitate	GO_BP	177	143	29	20749	5392	testable	1322	0	5.4481071107564134e-05	0.19869769387426842
NR2F6	palmitate	Hallmark	177	143	29	20749	50	testable	45	0	0.005703780589354538	0.14259451473386345
NR2F6	palmitate	Reactome	177	143	29	20749	1816	testable	664	0	8.561567711052131e-05	0.10782026163970079
NR3C1	3-cyt	GO_BP	69	38	30	20749	5392	testable	449	0	3.262645122447008e-05	0.17592182500234269
NR3C1	3-cyt	Hallmark	69	38	30	20749	50	testable	23	0	0.023117789284478146	0.9719219171617851
NR3C1	3-cyt	Reactome	69	38	30	20749	1816	testable	257	0	0.0009665144352420453	0.8157446906086894
NR3C1	Ex-4_HG	GO_BP	108	65	39	20749	5392	testable	656	0	0.00032575062127574204	1.0
NR3C1	Ex-4_HG	Hallmark	108	65	39	20749	50	testable	29	0	0.019799545622499328	0.6292362402464041
NR3C1	Ex-4_HG	Reactome	108	65	39	20749	1816	testable	315	0	0.0009437342774310433	1.0
NR3C1	IFNg	GO_BP	10	1	7	20749	5392	testable	114	0	0.00030625074933503694	1.0
NR3C1	IFNg	Hallmark	10	1	7	20749	50	testable	8	0	0.014367913951567444	0.46004128670124816
NR3C1	IFNg	Reactome	10	1	7	20749	1816	testable	21	0	0.004810111381630942	1.0
NR3C1	dex	GO_BP	90	40	49	20749	5392	testable	538	0	0.00018448916991800762	0.9947656041978971
NR3C1	dex	Hallmark	90	40	49	20749	50	testable	20	0	0.00509129956903856	0.254564978451928
NR3C1	dex	Reactome	90	40	49	20749	1816	testable	198	0	0.000656691262909169	0.9907484740017126
NR3C1	palmitate	GO_BP	104	25	74	20749	5392	testable	651	0	0.0008754482935015148	1.0
NR3C1	palmitate	Hallmark	104	25	74	20749	50	testable	22	0	0.09752843510759027	1.0
NR3C1	palmitate	Reactome	104	25	74	20749	1816	testable	209	0	0.0053838871366601124	1.0
NR3C2	3-cyt	GO_BP	87	32	54	20749	5392	testable	489	0	0.00014221244236806228	0.7668094892485918
NR3C2	3-cyt	Hallmark	87	32	54	20749	50	testable	21	1	0.0008306284591868685	0.04153142295934342
NR3C2	3-cyt	Reactome	87	32	54	20749	1816	testable	294	0	0.002837247417620661	1.0
NR3C2	Ex-4_HG	GO_BP	138	45	89	20749	5392	testable	701	0	0.000647314111562996	1.0
NR3C2	Ex-4_HG	Hallmark	138	45	89	20749	50	testable	31	0	0.018397824376919763	0.9198912188459881
NR3C2	Ex-4_HG	Reactome	138	45	89	20749	1816	testable	315	0	0.012292154186237685	1.0
NR3C2	IFNg	GO_BP	59	22	35	20749	5392	testable	354	0	0.000515104903427561	1.0
NR3C2	IFNg	Hallmark	59	22	35	20749	50	testable	15	0	0.025478763964399045	0.7205720047964725
NR3C2	IFNg	Reactome	59	22	35	20749	1816	testable	388	2	5.518016617813548e-06	0.006215150661369895
NR3C2	dex	GO_BP	162	78	83	20749	5392	testable	928	0	0.00047427974466863473	1.0
NR3C2	dex	Hallmark	162	78	83	20749	50	testable	34	1	0.00011696950767494857	0.0058484753837474285
NR3C2	dex	Reactome	162	78	83	20749	1816	testable	447	0	0.0017714149839822483	1.0
NR3C2	palmitate	GO_BP	137	87	45	20749	5392	testable	622	0	0.0011806745640499806	1.0
NR3C2	palmitate	Hallmark	137	87	45	20749	50	testable	24	0	0.02374337191619482	1.0
NR3C2	palmitate	Reactome	137	87	45	20749	1816	testable	228	0	0.006875697866675233	1.0
NRF1	3-cyt	GO_BP	179	87	91	20749	5392	testable	848	0	1.238895042783622e-05	0.0668012207068929
NRF1	3-cyt	Hallmark	179	87	91	20749	50	testable	27	0	0.17297039602478037	1.0
NRF1	3-cyt	Reactome	179	87	91	20749	1816	testable	418	0	0.01269769241660247	1.0
NRF1	Ex-4_HG	GO_BP	183	86	93	20749	5392	testable	765	0	0.0020918666350174674	1.0
NRF1	Ex-4_HG	Hallmark	183	86	93	20749	50	testable	26	0	0.01920482397885211	0.9602411989426055
NRF1	Ex-4_HG	Reactome	183	86	93	20749	1816	testable	418	0	0.004038090764023039	1.0
NRF1	IFNg	GO_BP	171	64	105	20749	5392	testable	862	0	0.0002326648843157298	1.0
NRF1	IFNg	Hallmark	171	64	105	20749	50	testable	34	0	0.0639525279652816	1.0
NRF1	IFNg	Reactome	171	64	105	20749	1816	testable	382	0	0.008466412702011044	1.0
NRF1	dex	GO_BP	114	32	81	20749	5392	testable	491	0	0.0013762276274311772	1.0
NRF1	dex	Hallmark	114	32	81	20749	50	testable	22	0	0.10437941656807237	1.0
NRF1	dex	Reactome	114	32	81	20749	1816	testable	308	0	0.014138702870424777	1.0
NRF1	palmitate	GO_BP	174	53	116	20749	5392	testable	965	0	0.0006432410088696552	1.0
NRF1	palmitate	Hallmark	174	53	116	20749	50	testable	36	0	0.006976082710291205	0.34880413551456024
NRF1	palmitate	Reactome	174	53	116	20749	1816	testable	478	9	9.18497822241601e-05	0.03203260095696771
NRL	3-cyt	GO_BP	183	89	93	20749	5392	testable	867	0	0.00023472115329193843	0.6832083683203402
NRL	3-cyt	Hallmark	183	89	93	20749	50	testable	34	1	0.000688862170627682	0.034443108531384097
NRL	3-cyt	Reactome	183	89	93	20749	1816	testable	451	0	0.001322033643127966	1.0
NRL	Ex-4_HG	GO_BP	184	103	77	20749	5392	testable	926	0	0.00010742832898187083	0.5792535498702475
NRL	Ex-4_HG	Hallmark	184	103	77	20749	50	testable	38	0	0.01102770398636485	0.5513851993182426
NRL	Ex-4_HG	Reactome	184	103	77	20749	1816	testable	472	0	0.0011460623417546795	1.0
NRL	IFNg	GO_BP	154	117	35	20749	5392	testable	844	0	0.00020915677239690333	0.5816250834428182
NRL	IFNg	Hallmark	154	117	35	20749	50	testable	31	0	0.006548429127805787	0.32742145639028936
NRL	IFNg	Reactome	154	117	35	20749	1816	testable	342	0	0.0046972638277516295	1.0
NRL	dex	GO_BP	193	129	63	20749	5392	testable	754	0	0.000510141926991134	1.0
NRL	dex	Hallmark	193	129	63	20749	50	testable	35	0	0.06143680710774186	1.0
NRL	dex	Reactome	193	129	63	20749	1816	testable	514	0	0.014649304824922115	1.0
NRL	palmitate	GO_BP	127	88	34	20749	5392	testable	679	0	3.564872868964145e-05	0.1922179450945467
NRL	palmitate	Hallmark	127	88	34	20749	50	testable	27	0	0.038281780757882376	0.913308368000965
NRL	palmitate	Reactome	127	88	34	20749	1816	testable	223	0	0.0016197687426175488	1.0
PATZ1	3-cyt	GO_BP	61	34	26	20749	5392	testable	413	0	0.000459683673362028	1.0
PATZ1	3-cyt	Hallmark	61	34	26	20749	50	testable	21	0	0.03004772718687885	0.6936163355645363
PATZ1	3-cyt	Reactome	61	34	26	20749	1816	testable	158	0	0.004752435529491556	1.0
PATZ1	Ex-4_HG	GO_BP	178	107	67	20749	5392	testable	596	0	0.009145098669435907	1.0
PATZ1	Ex-4_HG	Hallmark	178	107	67	20749	50	testable	26	0	0.010083246802376053	0.5041623401188027
PATZ1	Ex-4_HG	Reactome	178	107	67	20749	1816	testable	381	0	0.002090163275024358	1.0
PATZ1	IFNg	GO_BP	50	39	9	20749	5392	testable	448	0	0.0003698602535543737	1.0
PATZ1	IFNg	Hallmark	50	39	9	20749	50	testable	24	0	0.018688778144474612	0.6340708280621395
PATZ1	IFNg	Reactome	50	39	9	20749	1816	testable	167	0	0.0028648005394435517	1.0
PATZ1	dex	GO_BP	43	27	15	20749	5392	testable	239	0	0.0018776889479865263	1.0
PATZ1	dex	Hallmark	43	27	15	20749	50	testable	12	0	0.0551882661832651	1.0
PATZ1	dex	Reactome	43	27	15	20749	1816	testable	141	0	0.00559748656777712	1.0
PATZ1	palmitate	GO_BP	123	62	56	20749	5392	testable	597	0	0.0059279965300536915	1.0
PATZ1	palmitate	Hallmark	123	62	56	20749	50	testable	24	0	0.038123658350092064	1.0
PATZ1	palmitate	Reactome	123	62	56	20749	1816	testable	323	0	0.014487513446083731	1.0
PAX4	3-cyt	GO_BP	85	28	56	20749	5392	testable	439	0	0.00431715813641337	1.0
PAX4	3-cyt	Hallmark	85	28	56	20749	50	testable	18	0	0.05796927005249342	1.0
PAX4	3-cyt	Reactome	85	28	56	20749	1816	testable	184	0	0.0024316474180612795	1.0
PAX4	Ex-4_HG	GO_BP	95	45	46	20749	5392	testable	536	0	0.0004291438034845188	1.0
PAX4	Ex-4_HG	Hallmark	95	45	46	20749	50	testable	26	0	0.03606108026490718	0.8011928174419054
PAX4	Ex-4_HG	Reactome	95	45	46	20749	1816	testable	360	0	0.0033716156514494	1.0
PAX4	IFNg	GO_BP	135	72	61	20749	5392	testable	556	0	0.002169352759533138	1.0
PAX4	IFNg	Hallmark	135	72	61	20749	50	testable	32	0	0.019198371580200452	0.4964033787694293
PAX4	IFNg	Reactome	135	72	61	20749	1816	testable	362	0	0.00024997540899184944	0.4539553427291986
PAX4	dex	GO_BP	145	78	66	20749	5392	testable	724	0	0.002103770845497169	1.0
PAX4	dex	Hallmark	145	78	66	20749	50	testable	26	0	0.027639558934987433	0.7953475816678544
PAX4	dex	Reactome	145	78	66	20749	1816	testable	345	0	0.0025595116987506307	1.0
PAX4	palmitate	GO_BP	188	108	75	20749	5392	testable	1080	0	0.0009929774908049149	1.0
PAX4	palmitate	Hallmark	188	108	75	20749	50	testable	36	0	0.0212952839484752	1.0
PAX4	palmitate	Reactome	188	108	75	20749	1816	testable	429	0	0.0016324311242674099	1.0
PAX5	3-cyt	GO_BP	84	46	37	20749	5392	testable	605	0	0.0004149721830620319	1.0
PAX5	3-cyt	Hallmark	84	46	37	20749	50	testable	27	0	0.0021335337758978425	0.10667668879489212
PAX5	3-cyt	Reactome	84	46	37	20749	1816	testable	225	0	3.6875794624544254e-05	0.06290221783856627
PAX5	Ex-4_HG	GO_BP	141	88	49	20749	5392	testable	833	0	0.0004524227456618117	1.0
PAX5	Ex-4_HG	Hallmark	141	88	49	20749	50	testable	30	0	0.025573938905913467	0.7925222929553638
PAX5	Ex-4_HG	Reactome	141	88	49	20749	1816	testable	329	0	0.0005599723126088525	1.0
PAX5	IFNg	GO_BP	10	7	1	20749	5392	testable	114	0	0.00030625074933503694	1.0
PAX5	IFNg	Hallmark	10	7	1	20749	50	testable	8	0	0.014367913951567444	0.46004128670124816
PAX5	IFNg	Reactome	10	7	1	20749	1816	testable	21	0	0.004810111381630942	1.0
PAX5	dex	GO_BP	127	33	93	20749	5392	testable	579	0	0.0008057124747299471	1.0
PAX5	dex	Hallmark	127	33	93	20749	50	testable	20	0	0.09130189276087523	1.0
PAX5	dex	Reactome	127	33	93	20749	1816	testable	289	0	0.017637408334883198	1.0
PAX5	palmitate	GO_BP	122	53	64	20749	5392	testable	555	0	0.0046166391998199606	1.0
PAX5	palmitate	Hallmark	122	53	64	20749	50	testable	34	0	0.0014345896922874435	0.07172948461437217
PAX5	palmitate	Reactome	122	53	64	20749	1816	testable	396	0	0.01753673162351397	1.0
PAX6	3-cyt	GO_BP	147	56	90	20749	5392	testable	775	0	0.0001480099996361715	0.7980699180382367
PAX6	3-cyt	Hallmark	147	56	90	20749	50	testable	28	0	0.022602422450649907	0.5096724338932558
PAX6	3-cyt	Reactome	147	56	90	20749	1816	testable	357	0	0.0001823412286385079	0.33113167120753034
PAX6	Ex-4_HG	GO_BP	156	54	98	20749	5392	testable	639	0	0.001479428550164861	1.0
PAX6	Ex-4_HG	Hallmark	156	54	98	20749	50	testable	27	0	0.03492522636636704	0.7712204228043532
PAX6	Ex-4_HG	Reactome	156	54	98	20749	1816	testable	412	0	0.003121913826684772	1.0
PAX6	IFNg	GO_BP	144	82	60	20749	5392	testable	843	0	0.0007044952560154533	1.0
PAX6	IFNg	Hallmark	144	82	60	20749	50	testable	31	0	0.033225646796340644	0.8306411699085161
PAX6	IFNg	Reactome	144	82	60	20749	1816	testable	349	0	0.0030161677438648744	1.0
PAX6	dex	GO_BP	82	51	30	20749	5392	testable	619	0	0.00116987989890466	1.0
PAX6	dex	Hallmark	82	51	30	20749	50	testable	19	0	0.0035717369242842826	0.17858684621421414
PAX6	dex	Reactome	82	51	30	20749	1816	testable	285	0	0.000528916208088517	0.9605118338887467
PAX6	palmitate	GO_BP	144	74	65	20749	5392	testable	771	0	0.0010053299526334252	1.0
PAX6	palmitate	Hallmark	144	74	65	20749	50	testable	29	0	0.0314127888003595	1.0
PAX6	palmitate	Reactome	144	74	65	20749	1816	testable	413	0	0.004121005121497579	1.0
PBX3	3-cyt	GO_BP	78	30	47	20749	5392	testable	289	0	0.0022402592133922605	1.0
PBX3	3-cyt	Hallmark	78	30	47	20749	50	testable	17	0	0.046990966324560374	1.0
PBX3	3-cyt	Reactome	78	30	47	20749	1816	testable	147	0	0.0004567860650257208	0.829523494086709
PBX3	Ex-4_HG	GO_BP	90	41	45	20749	5392	testable	516	0	0.00033457135572498005	0.9206039674814434
PBX3	Ex-4_HG	Hallmark	90	41	45	20749	50	testable	23	1	0.0006941972611422658	0.034709863057113294
PBX3	Ex-4_HG	Reactome	90	41	45	20749	1816	testable	299	0	2.9646124203137596e-05	0.053837361552897874
PBX3	IFNg	GO_BP	168	59	107	20749	5392	testable	878	0	0.0003868650754516488	1.0
PBX3	IFNg	Hallmark	168	59	107	20749	50	testable	23	0	0.046209592379354236	1.0
PBX3	IFNg	Reactome	168	59	107	20749	1816	testable	406	0	0.0017672416379955825	1.0
PBX3	dex	GO_BP	183	71	111	20749	5392	testable	781	0	0.00023074752283491895	0.6674679991883484
PBX3	dex	Hallmark	183	71	111	20749	50	testable	28	0	0.05748986019825208	1.0
PBX3	dex	Reactome	183	71	111	20749	1816	testable	423	0	0.0009824852028689514	0.8852907525209762
PBX3	palmitate	GO_BP	61	24	32	20749	5392	testable	520	0	0.00017685116480017817	0.4230113107042723
PBX3	palmitate	Hallmark	61	24	32	20749	50	testable	18	0	0.007067258069671691	0.2564422850372685
PBX3	palmitate	Reactome	61	24	32	20749	1816	testable	314	0	3.464981880573688e-05	0.05934378275827723
PDX1	3-cyt	GO_BP	78	50	27	20749	5392	testable	574	0	0.0010593548938813264	1.0
PDX1	3-cyt	Hallmark	78	50	27	20749	50	testable	29	1	6.579218370369633e-05	0.003289609185184817
PDX1	3-cyt	Reactome	78	50	27	20749	1816	testable	336	0	0.0007506334048141404	0.8883435635422263
PDX1	Ex-4_HG	GO_BP	169	100	65	20749	5392	testable	1069	0	2.884766875455571e-05	0.1555466299245644
PDX1	Ex-4_HG	Hallmark	169	100	65	20749	50	testable	37	2	0.0016932035810738478	0.04583615953055843
PDX1	Ex-4_HG	Reactome	169	100	65	20749	1816	testable	448	0	4.900487745385671e-05	0.05545900670290449
PDX1	IFNg	GO_BP	112	77	33	20749	5392	testable	771	0	0.0005958050503430435	1.0
PDX1	IFNg	Hallmark	112	77	33	20749	50	testable	28	1	4.468348292072537e-05	0.0022341741460362684
PDX1	IFNg	Reactome	112	77	33	20749	1816	testable	323	0	0.0019629031969517624	1.0
PDX1	dex	GO_BP	44	34	9	20749	5392	testable	440	0	0.00033774967254198655	0.9320434961534909
PDX1	dex	Hallmark	44	34	9	20749	50	testable	14	0	0.057489860200572306	1.0
PDX1	dex	Reactome	44	34	9	20749	1816	testable	167	0	0.00023880013732721116	0.43366104938621547
PDX1	palmitate	GO_BP	51	26	20	20749	5392	testable	286	0	0.007356093307695515	1.0
PDX1	palmitate	Hallmark	51	26	20	20749	50	testable	12	0	0.008988513068544694	0.44942565342723473
PDX1	palmitate	Reactome	51	26	20	20749	1816	testable	103	0	0.009796315000817141	1.0
POU2F1	3-cyt	GO_BP	203	120	82	20749	5392	testable	869	0	0.0001902064114196104	1.0
POU2F1	3-cyt	Hallmark	203	120	82	20749	50	testable	38	0	0.041840069509612915	0.9902004131658091
POU2F1	3-cyt	Reactome	203	120	82	20749	1816	testable	595	0	0.0010776014368248995	0.8653084887654041
POU2F1	Ex-4_HG	GO_BP	44	16	24	20749	5392	testable	311	0	0.001473930788208992	1.0
POU2F1	Ex-4_HG	Hallmark	44	16	24	20749	50	testable	11	0	0.03237343144882958	1.0
POU2F1	Ex-4_HG	Reactome	44	16	24	20749	1816	testable	145	0	0.0007519878133434741	1.0
POU2F1	IFNg	GO_BP	151	49	100	20749	5392	testable	783	0	0.0010834319004686076	1.0
POU2F1	IFNg	Hallmark	151	49	100	20749	50	testable	33	0	0.008970623215385781	0.44853116076928906
POU2F1	IFNg	Reactome	151	49	100	20749	1816	testable	345	0	0.004022023206234086	1.0
POU2F1	dex	GO_BP	161	57	103	20749	5392	testable	839	0	0.0005637792801723632	1.0
POU2F1	dex	Hallmark	161	57	103	20749	50	testable	27	0	0.0050499619664031905	0.2524980983201595
POU2F1	dex	Reactome	161	57	103	20749	1816	testable	598	0	0.000589254333138912	0.8528378729849803
POU2F1	palmitate	GO_BP	45	24	16	20749	5392	testable	224	0	0.0023267457043728867	1.0
POU2F1	palmitate	Hallmark	45	24	16	20749	50	testable	11	0	0.005692622213342616	0.28463111066713076
POU2F1	palmitate	Reactome	45	24	16	20749	1816	testable	161	0	0.0065751364192567965	1.0
POU2F2	3-cyt	GO_BP	85	56	28	20749	5392	testable	439	0	0.00431715813641337	1.0
POU2F2	3-cyt	Hallmark	85	56	28	20749	50	testable	18	0	0.05796927005249342	1.0
POU2F2	3-cyt	Reactome	85	56	28	20749	1816	testable	184	0	0.0024316474180612795	1.0
POU2F2	Ex-4_HG	GO_BP	198	118	76	20749	5392	testable	1087	0	0.00013347533167311557	0.7196989883814392
POU2F2	Ex-4_HG	Hallmark	198	118	76	20749	50	testable	35	0	0.013425372874409187	0.4554101237582082
POU2F2	Ex-4_HG	Reactome	198	118	76	20749	1816	testable	498	0	5.524359301786803e-05	0.10032236492044835
POU2F2	IFNg	GO_BP	10	4	4	20749	5392	testable	67	0	0.0001534460548858801	0.8256520202072596
POU2F2	IFNg	Hallmark	10	4	4	20749	50	testable	8	0	0.02478601056214325	0.46004128670124816
POU2F2	IFNg	Reactome	10	4	4	20749	1816	testable	15	0	0.004810111381630942	1.0
POU2F2	dex	GO_BP	167	96	70	20749	5392	testable	963	0	0.0005513286143687949	1.0
POU2F2	dex	Hallmark	167	96	70	20749	50	testable	31	0	0.011124285450173918	0.28417775317270005
POU2F2	dex	Reactome	167	96	70	20749	1816	testable	504	0	0.0013168652512662643	0.6044979849882212
POU2F2	palmitate	GO_BP	177	143	29	20749	5392	testable	1322	0	5.4481071107564134e-05	0.19869769387426842
POU2F2	palmitate	Hallmark	177	143	29	20749	50	testable	45	0	0.005703780589354538	0.14259451473386345
POU2F2	palmitate	Reactome	177	143	29	20749	1816	testable	664	0	8.561567711052131e-05	0.10782026163970079
POU3F1	3-cyt	GO_BP	197	127	69	20749	5392	testable	884	0	0.0009882476734525457	1.0
POU3F1	3-cyt	Hallmark	197	127	69	20749	50	testable	30	0	0.02126715242692455	1.0
POU3F1	3-cyt	Reactome	197	127	69	20749	1816	testable	545	0	0.0010216875445594263	1.0
POU3F1	Ex-4_HG	GO_BP	59	21	34	20749	5392	testable	257	0	0.0017702082836395976	1.0
POU3F1	Ex-4_HG	Hallmark	59	21	34	20749	50	testable	16	0	0.00644314520573675	0.3221572602868375
POU3F1	Ex-4_HG	Reactome	59	21	34	20749	1816	testable	142	0	0.008506706754764318	1.0
POU3F1	IFNg	GO_BP	147	83	62	20749	5392	testable	764	0	7.314030229430783e-05	0.3943725099709078
POU3F1	IFNg	Hallmark	147	83	62	20749	50	testable	24	0	0.06875023575485131	1.0
POU3F1	IFNg	Reactome	147	83	62	20749	1816	testable	395	0	0.0016266422505465173	1.0
POU3F1	dex	GO_BP	180	123	56	20749	5392	testable	1146	0	0.00021782700215372932	0.8995288614454764
POU3F1	dex	Hallmark	180	123	56	20749	50	testable	37	0	0.015519374592549033	0.7759687296274517
POU3F1	dex	Reactome	180	123	56	20749	1816	testable	464	0	0.0008757016967444263	1.0
POU3F1	palmitate	GO_BP	168	34	129	20749	5392	testable	669	0	0.0028101153404949735	1.0
POU3F1	palmitate	Hallmark	168	34	129	20749	50	testable	29	0	0.008618202850426802	0.4309101425213401
POU3F1	palmitate	Reactome	168	34	129	20749	1816	testable	358	0	0.004077887665781688	1.0
POU6F1	3-cyt	GO_BP	65	32	32	20749	5392	testable	346	0	0.006317048862796853	1.0
POU6F1	3-cyt	Hallmark	65	32	32	20749	50	testable	11	0	0.23450914821930813	1.0
POU6F1	3-cyt	Reactome	65	32	32	20749	1816	testable	158	0	0.010336487377703284	1.0
POU6F1	Ex-4_HG	GO_BP	134	47	83	20749	5392	testable	623	0	0.002030719595301692	1.0
POU6F1	Ex-4_HG	Hallmark	134	47	83	20749	50	testable	25	0	0.10305672565006546	1.0
POU6F1	Ex-4_HG	Reactome	134	47	83	20749	1816	testable	311	0	0.0006105141819095023	1.0
POU6F1	IFNg	GO_BP	140	73	65	20749	5392	testable	752	0	0.0006661105349697136	1.0
POU6F1	IFNg	Hallmark	140	73	65	20749	50	testable	28	2	0.00010006767276967309	0.005003383638483654
POU6F1	IFNg	Reactome	140	73	65	20749	1816	testable	399	0	0.0037453107860484	1.0
POU6F1	dex	GO_BP	30	27	2	20749	5392	testable	213	0	0.0002097275475425005	1.0
POU6F1	dex	Hallmark	30	27	2	20749	50	testable	7	0	0.002299579903262964	0.11497899516314819
POU6F1	dex	Reactome	30	27	2	20749	1816	testable	103	0	0.0035073902628290593	1.0
POU6F1	palmitate	GO_BP	159	121	33	20749	5392	testable	1007	0	0.0003541147742425635	0.6588739520916591
POU6F1	palmitate	Hallmark	159	121	33	20749	50	testable	30	0	0.045892523993594114	0.9187734478361916
POU6F1	palmitate	Reactome	159	121	33	20749	1816	testable	391	0	0.0007793882412446338	1.0
POU6F2	3-cyt	GO_BP	138	92	45	20749	5392	testable	840	12	7.561486778198538e-27	4.0771536708046516e-23
POU6F2	3-cyt	Hallmark	138	92	45	20749	50	testable	26	0	0.025562309128934667	0.4274136346345099
POU6F2	3-cyt	Reactome	138	92	45	20749	1816	testable	324	42	1.6569780128553248e-24	3.00907207134527e-21
POU6F2	Ex-4_HG	GO_BP	133	95	34	20749	5392	testable	739	0	0.000402678909857655	1.0
POU6F2	Ex-4_HG	Hallmark	133	95	34	20749	50	testable	32	0	0.054123807575105994	1.0
POU6F2	Ex-4_HG	Reactome	133	95	34	20749	1816	testable	350	0	0.0014254424898076127	1.0
POU6F2	IFNg	GO_BP	183	102	79	20749	5392	testable	1016	0	0.00045881280947937444	1.0
POU6F2	IFNg	Hallmark	183	102	79	20749	50	testable	39	0	0.030319452418069073	0.5249337445018181
POU6F2	IFNg	Reactome	183	102	79	20749	1816	testable	374	0	0.001133751395052452	1.0
POU6F2	dex	GO_BP	48	38	9	20749	5392	testable	463	0	2.3168344878052114e-05	0.124923715582457
POU6F2	dex	Hallmark	48	38	9	20749	50	testable	19	0	0.004000947243128601	0.20004736215643004
POU6F2	dex	Reactome	48	38	9	20749	1816	testable	194	0	0.0010059051612591873	1.0
POU6F2	palmitate	GO_BP	192	161	26	20749	5392	testable	905	0	1.9644641775911897e-05	0.052961954227858474
POU6F2	palmitate	Hallmark	192	161	26	20749	50	testable	37	0	0.006792420878112883	0.20567262763343286
POU6F2	palmitate	Reactome	192	161	26	20749	1816	testable	399	0	8.923274043607406e-05	0.16204665663191048
PRDM1	3-cyt	GO_BP	156	64	91	20749	5392	testable	959	0	0.0003336771852118441	0.9356581263975416
PRDM1	3-cyt	Hallmark	156	64	91	20749	50	testable	25	4	1.893505513003231e-08	7.922107741328009e-07
PRDM1	3-cyt	Reactome	156	64	91	20749	1816	testable	520	0	0.002954617315801192	1.0
PRDM1	Ex-4_HG	GO_BP	105	59	42	20749	5392	testable	543	0	0.00037547814917988703	0.9416808682056222
PRDM1	Ex-4_HG	Hallmark	105	59	42	20749	50	testable	22	0	0.004681811446496812	0.2340905723248406
PRDM1	Ex-4_HG	Reactome	105	59	42	20749	1816	testable	167	0	0.0011116264533959014	1.0
PRDM1	IFNg	GO_BP	137	92	43	20749	5392	testable	573	0	0.0007542035045394631	1.0
PRDM1	IFNg	Hallmark	137	92	43	20749	50	testable	31	0	0.0332805973478453	1.0
PRDM1	IFNg	Reactome	137	92	43	20749	1816	testable	287	0	0.0005854091321883567	1.0
PRDM1	dex	GO_BP	125	82	42	20749	5392	testable	493	0	0.000214323866967704	0.57781714534493
PRDM1	dex	Hallmark	125	82	42	20749	50	testable	28	0	0.046523914247380165	1.0
PRDM1	dex	Reactome	125	82	42	20749	1816	testable	325	0	0.0015978386940197194	1.0
PRDM1	palmitate	GO_BP	128	85	38	20749	5392	testable	784	0	3.8209478467465375e-05	0.2060255078965733
PRDM1	palmitate	Hallmark	128	85	38	20749	50	testable	28	0	0.0036377849429975813	0.18188924714987906
PRDM1	palmitate	Reactome	128	85	38	20749	1816	testable	379	0	0.0002811780464838384	0.5106193324146505
PRDM6	3-cyt	GO_BP	146	87	58	20749	5392	testable	742	0	0.0007240831366110439	1.0
PRDM6	3-cyt	Hallmark	146	87	58	20749	50	testable	26	0	0.18138833681676803	1.0
PRDM6	3-cyt	Reactome	146	87	58	20749	1816	testable	467	0	0.0017138529596333945	1.0
PRDM6	Ex-4_HG	GO_BP	122	80	38	20749	5392	testable	775	0	0.0002866674352572695	0.7053535401429245
PRDM6	Ex-4_HG	Hallmark	122	80	38	20749	50	testable	23	0	0.023122937039235972	1.0
PRDM6	Ex-4_HG	Reactome	122	80	38	20749	1816	testable	386	0	0.005827336292752766	1.0
PRDM6	IFNg	GO_BP	110	85	23	20749	5392	testable	879	1	2.397894392957635e-07	0.0012929446566827569
PRDM6	IFNg	Hallmark	110	85	23	20749	50	testable	36	0	0.00962234137444619	0.42289641146589696
PRDM6	IFNg	Reactome	110	85	23	20749	1816	testable	407	0	0.005476245079314106	1.0
PRDM6	dex	GO_BP	155	111	43	20749	5392	testable	744	0	0.000815485196725604	1.0
PRDM6	dex	Hallmark	155	111	43	20749	50	testable	18	0	0.15855123535897792	1.0
PRDM6	dex	Reactome	155	111	43	20749	1816	testable	294	0	0.0029175813094551857	1.0
PRDM6	palmitate	GO_BP	106	72	29	20749	5392	testable	644	0	8.159705923631836e-05	0.2199856717011143
PRDM6	palmitate	Hallmark	106	72	29	20749	50	testable	23	0	0.008818638703731901	0.44093193518659507
PRDM6	palmitate	Reactome	106	72	29	20749	1816	testable	343	0	0.0005339219155240381	0.9696021985916532
RARA	3-cyt	GO_BP	150	66	83	20749	5392	testable	629	0	0.007362261086558175	1.0
RARA	3-cyt	Hallmark	150	66	83	20749	50	testable	19	0	0.027883426228063973	1.0
RARA	3-cyt	Reactome	150	66	83	20749	1816	testable	291	0	0.0034186724719574096	1.0
RARA	Ex-4_HG	GO_BP	191	96	91	20749	5392	testable	986	0	0.0001502290408709934	0.8100349883763964
RARA	Ex-4_HG	Hallmark	191	96	91	20749	50	testable	36	0	0.011561707446823218	0.5780853723411609
RARA	Ex-4_HG	Reactome	191	96	91	20749	1816	testable	548	0	0.0005458468603258646	0.9912578983517701
RARA	IFNg	GO_BP	110	75	33	20749	5392	testable	580	0	0.00020709401531425817	1.0
RARA	IFNg	Hallmark	110	75	33	20749	50	testable	29	0	0.014131388979246096	0.7065694489623048
RARA	IFNg	Reactome	110	75	33	20749	1816	testable	337	0	0.0003125183570045774	0.24452769696180024
RARA	dex	GO_BP	175	87	87	20749	5392	testable	837	0	0.00012268301235891888	0.6615068026392906
RARA	dex	Hallmark	175	87	87	20749	50	testable	30	0	0.022682158568045428	1.0
RARA	dex	Reactome	175	87	87	20749	1816	testable	386	0	0.0014862931665368991	1.0
RARA	palmitate	GO_BP	131	45	81	20749	5392	testable	710	0	0.00040336096328568187	1.0
RARA	palmitate	Hallmark	131	45	81	20749	50	testable	26	0	0.015491576830580795	0.7120744939360822
RARA	palmitate	Reactome	131	45	81	20749	1816	testable	297	0	0.00510496730406091	1.0
RARB	3-cyt	GO_BP	192	128	63	20749	5392	testable	1112	9	1.0031354137466121e-17	5.408906150921733e-14
RARB	3-cyt	Hallmark	192	128	63	20749	50	testable	38	1	0.0005004525092584289	0.025022625462921444
RARB	3-cyt	Reactome	192	128	63	20749	1816	testable	458	42	1.2177203653783088e-17	2.2113801835270088e-14
RARB	Ex-4_HG	GO_BP	143	107	32	20749	5392	testable	858	0	0.0006596559391294456	1.0
RARB	Ex-4_HG	Hallmark	143	107	32	20749	50	testable	34	0	0.006040891125712331	0.30204455628561655
RARB	Ex-4_HG	Reactome	143	107	32	20749	1816	testable	369	0	0.001562800142616463	1.0
RARB	IFNg	GO_BP	146	96	48	20749	5392	testable	572	0	0.003237370470401734	1.0
RARB	IFNg	Hallmark	146	96	48	20749	50	testable	33	0	0.04175451332645316	0.8714258602181436
RARB	IFNg	Reactome	146	96	48	20749	1816	testable	583	0	0.0002843308059290116	0.1155682854320603
RARB	dex	GO_BP	155	94	60	20749	5392	testable	844	0	0.00014009955933297854	0.7312350320429348
RARB	dex	Hallmark	155	94	60	20749	50	testable	35	0	0.020040235620722307	0.5216375780546378
RARB	dex	Reactome	155	94	60	20749	1816	testable	288	0	0.009644888218876766	1.0
RARB	palmitate	GO_BP	123	84	34	20749	5392	testable	667	0	0.00010416478213711835	0.5616565052833421
RARB	palmitate	Hallmark	123	84	34	20749	50	testable	31	0	0.0101909674112744	0.2433620315284812
RARB	palmitate	Reactome	123	84	34	20749	1816	testable	594	0	0.0004783979056461036	0.5849815710458515
REST	3-cyt	GO_BP	62	33	28	20749	5392	testable	552	0	0.00013002933182409583	0.7011181571955247
REST	3-cyt	Hallmark	62	33	28	20749	50	testable	14	0	0.031581916753762665	1.0
REST	3-cyt	Reactome	62	33	28	20749	1816	testable	183	0	0.007666332681612303	1.0
REST	Ex-4_HG	GO_BP	148	94	50	20749	5392	testable	940	0	0.0004957685372196155	1.0
REST	Ex-4_HG	Hallmark	148	94	50	20749	50	testable	30	0	0.008826181560700483	0.44130907803502417
REST	Ex-4_HG	Reactome	148	94	50	20749	1816	testable	381	0	0.0010366328424954115	1.0
REST	IFNg	GO_BP	107	77	28	20749	5392	testable	802	0	0.0003767686642746377	0.8867553129989207
REST	IFNg	Hallmark	107	77	28	20749	50	testable	33	0	0.042640801424280464	0.7944774423475035
REST	IFNg	Reactome	107	77	28	20749	1816	testable	350	0	3.467368847747792e-05	0.0629674182750999
REST	dex	GO_BP	161	107	53	20749	5392	testable	931	0	0.003143133068351153	1.0
REST	dex	Hallmark	161	107	53	20749	50	testable	32	0	0.005971462031447862	0.2021825956194962
REST	dex	Reactome	161	107	53	20749	1816	testable	384	0	0.0010614146752087425	0.9835533764134413
REST	palmitate	GO_BP	183	149	29	20749	5392	testable	1022	0	0.0009185817557068875	1.0
REST	palmitate	Hallmark	183	149	29	20749	50	testable	37	0	0.0030310168860900395	0.15155084430450197
REST	palmitate	Reactome	183	149	29	20749	1816	testable	528	0	0.0007602467006531976	1.0
RFX1	3-cyt	GO_BP	61	33	27	20749	5392	testable	448	0	0.0004822138702333308	1.0
RFX1	3-cyt	Hallmark	61	33	27	20749	50	testable	12	0	0.06550403044500488	1.0
RFX1	3-cyt	Reactome	61	33	27	20749	1816	testable	254	1	2.5456857331936734e-05	0.04622965291479711
RFX1	Ex-4_HG	GO_BP	42	21	17	20749	5392	testable	484	0	0.00017802459382882134	0.3513265854132204
RFX1	Ex-4_HG	Hallmark	42	21	17	20749	50	testable	12	0	0.019146639448865625	0.4302550672286948
RFX1	Ex-4_HG	Reactome	42	21	17	20749	1816	testable	205	0	0.0006786716843068375	0.7620638948538573
RFX1	IFNg	GO_BP	7	4	1	20749	5392	insufficient_lt10	0	0		
RFX1	IFNg	Hallmark	7	4	1	20749	50	insufficient_lt10	0	0		
RFX1	IFNg	Reactome	7	4	1	20749	1816	insufficient_lt10	0	0		
RFX1	dex	GO_BP	139	103	35	20749	5392	testable	774	0	0.0006566793068399584	1.0
RFX1	dex	Hallmark	139	103	35	20749	50	testable	29	0	0.007856745273086435	0.24369764779471909
RFX1	dex	Reactome	139	103	35	20749	1816	testable	452	1	1.2845862198500024e-05	0.023328085752476045
RFX1	palmitate	GO_BP	152	129	18	20749	5392	testable	1032	0	1.561946985961646e-05	0.08422018148305195
RFX1	palmitate	Hallmark	152	129	18	20749	50	testable	31	0	0.006203049102422498	0.3101524551211249
RFX1	palmitate	Reactome	152	129	18	20749	1816	testable	502	4	5.548795041731376e-08	0.0001007661179578418
RFX2	3-cyt	GO_BP	89	43	45	20749	5392	testable	440	0	0.000269854457308324	0.6771298911819849
RFX2	3-cyt	Hallmark	89	43	45	20749	50	testable	22	0	0.008810945184144523	0.44054725920722615
RFX2	3-cyt	Reactome	89	43	45	20749	1816	testable	193	0	0.000269854457308324	0.4900556944719164
RFX2	Ex-4_HG	GO_BP	136	91	41	20749	5392	testable	781	0	0.00043317412449758844	0.9452304807477482
RFX2	Ex-4_HG	Hallmark	136	91	41	20749	50	testable	37	0	0.0038866366863692984	0.08442201184059321
RFX2	Ex-4_HG	Reactome	136	91	41	20749	1816	testable	353	0	0.0001182990652463751	0.16839231266249835
RFX2	IFNg	GO_BP	82	32	48	20749	5392	testable	533	0	0.00027164291260971046	0.7645568478642545
RFX2	IFNg	Hallmark	82	32	48	20749	50	testable	19	0	0.008349947098430338	0.4174973549215169
RFX2	IFNg	Reactome	82	32	48	20749	1816	testable	195	0	0.00023553991038097665	0.10640759728044413
RFX2	dex	GO_BP	69	37	31	20749	5392	testable	502	0	0.00070400913852422	1.0
RFX2	dex	Hallmark	69	37	31	20749	50	testable	19	0	0.07245705481571471	1.0
RFX2	dex	Reactome	69	37	31	20749	1816	testable	296	0	0.0018050635143687782	1.0
RFX2	palmitate	GO_BP	118	68	45	20749	5392	testable	560	0	0.0014007220821861325	1.0
RFX2	palmitate	Hallmark	118	68	45	20749	50	testable	26	0	0.22213656171646	1.0
RFX2	palmitate	Reactome	118	68	45	20749	1816	testable	283	0	0.0032748164433818363	1.0
RFX3	3-cyt	GO_BP	76	35	40	20749	5392	testable	457	0	0.0002747602228887417	0.9853259554398627
RFX3	3-cyt	Hallmark	76	35	40	20749	50	testable	17	0	0.029672459215401552	0.7421753468539473
RFX3	3-cyt	Reactome	76	35	40	20749	1816	testable	268	0	0.0010060924359073815	1.0
RFX3	Ex-4_HG	GO_BP	202	66	132	20749	5392	testable	1081	0	0.00036998070722504253	0.8862549042050915
RFX3	Ex-4_HG	Hallmark	202	66	132	20749	50	testable	42	0	0.004568805781148527	0.19448103960882646
RFX3	Ex-4_HG	Reactome	202	66	132	20749	1816	testable	455	0	0.00028123159684709866	0.5107165798743312
RFX3	IFNg	GO_BP	85	22	61	20749	5392	testable	624	0	0.00024613807849057994	0.43769918038492167
RFX3	IFNg	Hallmark	85	22	61	20749	50	testable	28	0	0.009211748708188798	0.45937708451729026
RFX3	IFNg	Reactome	85	22	61	20749	1816	testable	282	0	5.231789435963058e-05	0.09500929615708913
RFX3	dex	GO_BP	143	61	81	20749	5392	testable	625	0	0.00046530492262196184	1.0
RFX3	dex	Hallmark	143	61	81	20749	50	testable	24	0	0.018085134610273997	0.9042567305136998
RFX3	dex	Reactome	143	61	81	20749	1816	testable	275	0	0.002975231953073342	1.0
RFX3	palmitate	GO_BP	74	36	33	20749	5392	testable	588	0	0.00044447511091009545	1.0
RFX3	palmitate	Hallmark	74	36	33	20749	50	testable	18	0	0.002755517515632557	0.13777587578162784
RFX3	palmitate	Reactome	74	36	33	20749	1816	testable	354	0	0.00018648770028028116	0.3386616637089906
RFX4	3-cyt	GO_BP	164	108	55	20749	5392	testable	849	0	0.00022521638214377429	1.0
RFX4	3-cyt	Hallmark	164	108	55	20749	50	testable	33	0	0.13172546931429316	1.0
RFX4	3-cyt	Reactome	164	108	55	20749	1816	testable	573	0	0.0015232348778842426	0.7356185881756987
RFX4	Ex-4_HG	GO_BP	211	111	96	20749	5392	testable	1021	0	0.0010086860470970385	1.0
RFX4	Ex-4_HG	Hallmark	211	111	96	20749	50	testable	30	0	0.06239037874872554	1.0
RFX4	Ex-4_HG	Reactome	211	111	96	20749	1816	testable	563	0	0.00482563062658777	1.0
RFX4	IFNg	GO_BP	178	55	121	20749	5392	testable	583	0	0.003147562827052026	1.0
RFX4	IFNg	Hallmark	178	55	121	20749	50	testable	25	0	0.10661692057148263	1.0
RFX4	IFNg	Reactome	178	55	121	20749	1816	testable	307	0	0.004499757522486878	1.0
RFX4	dex	GO_BP	111	62	48	20749	5392	testable	616	0	0.0020358275013599115	1.0
RFX4	dex	Hallmark	111	62	48	20749	50	testable	23	0	0.16234548607585222	1.0
RFX4	dex	Reactome	111	62	48	20749	1816	testable	327	0	0.02030437330123302	1.0
RFX4	palmitate	GO_BP	185	152	28	20749	5392	testable	933	2	3.016008280944602e-06	0.016262316650853294
RFX4	palmitate	Hallmark	185	152	28	20749	50	testable	36	0	0.007611933480340072	0.2594336681128425
RFX4	palmitate	Reactome	185	152	28	20749	1816	testable	359	0	7.991883879495052e-05	0.12385750118658923
RFX5	3-cyt	GO_BP	143	77	65	20749	5392	testable	767	0	0.00046530492262196184	1.0
RFX5	3-cyt	Hallmark	143	77	65	20749	50	testable	36	2	1.530211402184362e-06	7.65105701092181e-05
RFX5	3-cyt	Reactome	143	77	65	20749	1816	testable	509	0	0.00046530492262196184	0.8395141607525215
RFX5	Ex-4_HG	GO_BP	144	66	74	20749	5392	testable	708	0	0.0004718128714345062	1.0
RFX5	Ex-4_HG	Hallmark	144	66	74	20749	50	testable	24	0	0.024473358357494875	0.9623092000500281
RFX5	Ex-4_HG	Reactome	144	66	74	20749	1816	testable	396	0	0.0069400934985874895	1.0
RFX5	IFNg	GO_BP	178	118	58	20749	5392	testable	650	0	0.0010731705452196956	1.0
RFX5	IFNg	Hallmark	178	118	58	20749	50	testable	30	2	8.221729613678515e-07	2.802400225647439e-05
RFX5	IFNg	Reactome	178	118	58	20749	1816	testable	374	0	0.00811465919812902	1.0
RFX5	dex	GO_BP	103	65	37	20749	5392	testable	704	0	0.0004826599777921166	1.0
RFX5	dex	Hallmark	103	65	37	20749	50	testable	25	0	0.013159192553151748	0.5175843068695771
RFX5	dex	Reactome	103	65	37	20749	1816	testable	257	0	0.0003613360586579162	0.3215073352474127
RFX5	palmitate	GO_BP	164	45	114	20749	5392	testable	750	0	0.0007805728889641545	1.0
RFX5	palmitate	Hallmark	164	45	114	20749	50	testable	36	0	0.024623249473627474	0.9001216929232441
RFX5	palmitate	Reactome	164	45	114	20749	1816	testable	341	0	7.793315512829739e-05	0.14152660971298806
RFX6	3-cyt	GO_BP	89	49	39	20749	5392	testable	772	0	5.827827696712793e-05	0.3142364694067538
RFX6	3-cyt	Hallmark	89	49	39	20749	50	testable	23	0	0.00684948745114776	0.342474372557388
RFX6	3-cyt	Reactome	89	49	39	20749	1816	testable	388	0	7.033592980559242e-05	0.07685523453618613
RFX6	Ex-4_HG	GO_BP	114	49	61	20749	5392	testable	743	0	0.00026402386491112916	0.47539926583748493
RFX6	Ex-4_HG	Hallmark	114	49	61	20749	50	testable	27	0	0.05065005534203796	1.0
RFX6	Ex-4_HG	Reactome	114	49	61	20749	1816	testable	314	0	0.009602155320464384	1.0
RFX6	IFNg	GO_BP	85	22	61	20749	5392	testable	624	0	0.00024613807849057994	0.43769918038492167
RFX6	IFNg	Hallmark	85	22	61	20749	50	testable	28	0	0.009211748708188798	0.45937708451729026
RFX6	IFNg	Reactome	85	22	61	20749	1816	testable	282	0	5.231789435963058e-05	0.09500929615708913
RFX6	dex	GO_BP	130	65	64	20749	5392	testable	553	0	2.6422665233747152e-05	0.14247101094036466
RFX6	dex	Hallmark	130	65	64	20749	50	testable	23	0	0.002004424747539022	0.1002212373769511
RFX6	dex	Reactome	130	65	64	20749	1816	testable	398	0	0.0014751939402967169	1.0
RFX6	palmitate	GO_BP	40	22	13	20749	5392	testable	244	0	5.409041637539863e-05	0.2916555250961494
RFX6	palmitate	Hallmark	40	22	13	20749	50	testable	18	0	0.027137788339071305	0.8283711035876263
RFX6	palmitate	Reactome	40	22	13	20749	1816	testable	90	0	0.009602848147443081	1.0
RORA	3-cyt	GO_BP	54	22	31	20749	5392	testable	252	0	0.0001384475810931206	0.7465093572541063
RORA	3-cyt	Hallmark	54	22	31	20749	50	testable	17	0	0.0476287785574812	0.8684387896081267
RORA	3-cyt	Reactome	54	22	31	20749	1816	testable	196	0	0.00029519025697144496	0.391804006614578
RORA	Ex-4_HG	GO_BP	147	100	43	20749	5392	testable	1007	0	7.17255021885253e-05	0.3867439078005284
RORA	Ex-4_HG	Hallmark	147	100	43	20749	50	testable	36	0	0.004460657855607917	0.1108480844656573
RORA	Ex-4_HG	Reactome	147	100	43	20749	1816	testable	508	0	0.0006190971321804592	0.4757825955888116
RORA	IFNg	GO_BP	189	51	136	20749	5392	testable	943	0	0.0005675568133958893	1.0
RORA	IFNg	Hallmark	189	51	136	20749	50	testable	36	0	0.029007972269030305	1.0
RORA	IFNg	Reactome	189	51	136	20749	1816	testable	566	0	0.0018521432583176703	1.0
RORA	dex	GO_BP	149	88	60	20749	5392	testable	668	0	0.0013941585382892365	1.0
RORA	dex	Hallmark	149	88	60	20749	50	testable	25	0	0.025150174989579832	1.0
RORA	dex	Reactome	149	88	60	20749	1816	testable	279	0	0.007267818141706808	1.0
RORA	palmitate	GO_BP	143	38	100	20749	5392	testable	844	0	0.00033531173202430085	0.8869933901110872
RORA	palmitate	Hallmark	143	38	100	20749	50	testable	28	0	0.038028686747231345	0.8583021602279244
RORA	palmitate	Reactome	143	38	100	20749	1816	testable	338	0	0.0001103602855933838	0.20041427863758499
RREB1	3-cyt	GO_BP	61	33	27	20749	5392	testable	448	0	0.0004822138702333308	1.0
RREB1	3-cyt	Hallmark	61	33	27	20749	50	testable	12	0	0.06550403044500488	1.0
RREB1	3-cyt	Reactome	61	33	27	20749	1816	testable	254	1	2.5456857331936734e-05	0.04622965291479711
RREB1	Ex-4_HG	GO_BP	61	21	36	20749	5392	testable	497	0	1.9117478117822525e-05	0.06430572356904624
RREB1	Ex-4_HG	Hallmark	61	21	36	20749	50	testable	25	0	0.0025995837796065997	0.09157210698860097
RREB1	Ex-4_HG	Reactome	61	21	36	20749	1816	testable	128	0	0.00318148265217698	1.0
RREB1	IFNg	GO_BP	166	95	69	20749	5392	testable	682	0	0.0017259571943077435	1.0
RREB1	IFNg	Hallmark	166	95	69	20749	50	testable	27	0	0.02220700563375664	1.0
RREB1	IFNg	Reactome	166	95	69	20749	1816	testable	360	0	0.005435242749696101	1.0
RREB1	dex	GO_BP	139	61	77	20749	5392	testable	752	0	0.0006566793068399584	1.0
RREB1	dex	Hallmark	139	61	77	20749	50	testable	33	0	0.03202416382494535	1.0
RREB1	dex	Reactome	139	61	77	20749	1816	testable	363	0	0.000915312200869617	1.0
RREB1	palmitate	GO_BP	147	39	103	20749	5392	testable	856	0	0.0004916040009436923	1.0
RREB1	palmitate	Hallmark	147	39	103	20749	50	testable	30	0	0.04895067395678727	1.0
RREB1	palmitate	Reactome	147	39	103	20749	1816	testable	343	0	0.0007339758658073057	0.4774868805254047
RXRA	3-cyt	GO_BP	116	61	54	20749	5392	testable	815	0	7.376285719844119e-05	0.3745975469836673
RXRA	3-cyt	Hallmark	116	61	54	20749	50	testable	29	0	0.013316964148479816	0.4718784970603206
RXRA	3-cyt	Reactome	116	61	54	20749	1816	testable	394	0	0.0027560901758514208	1.0
RXRA	Ex-4_HG	GO_BP	86	43	39	20749	5392	testable	518	0	0.00016843159223527162	0.679300511117381
RXRA	Ex-4_HG	Hallmark	86	43	39	20749	50	testable	26	0	0.030316261712059298	1.0
RXRA	Ex-4_HG	Reactome	86	43	39	20749	1816	testable	265	0	0.0037438693610786305	1.0
RXRA	IFNg	GO_BP	115	72	41	20749	5392	testable	618	0	0.0010687768801080069	1.0
RXRA	IFNg	Hallmark	115	72	41	20749	50	testable	25	0	0.0013990351823605688	0.06995175911802844
RXRA	IFNg	Reactome	115	72	41	20749	1816	testable	306	0	0.005969614104546225	1.0
RXRA	dex	GO_BP	139	103	35	20749	5392	testable	774	0	0.0006566793068399584	1.0
RXRA	dex	Hallmark	139	103	35	20749	50	testable	29	0	0.007856745273086435	0.24369764779471909
RXRA	dex	Reactome	139	103	35	20749	1816	testable	452	1	1.2845862198500024e-05	0.023328085752476045
RXRA	palmitate	GO_BP	157	123	29	20749	5392	testable	861	0	0.0001170856721930378	0.4205935764892081
RXRA	palmitate	Hallmark	157	123	29	20749	50	testable	32	0	0.010502119508315883	0.5251059754157942
RXRA	palmitate	Reactome	157	123	29	20749	1816	testable	361	0	0.002991875973294783	1.0
RXRB	3-cyt	GO_BP	133	36	96	20749	5392	testable	709	0	0.0020049327773084737	1.0
RXRB	3-cyt	Hallmark	133	36	96	20749	50	testable	30	0	0.0023812793181755285	0.08835172738798663
RXRB	3-cyt	Reactome	133	36	96	20749	1816	testable	385	0	0.0006009403215407876	1.0
RXRB	Ex-4_HG	GO_BP	164	88	72	20749	5392	testable	846	0	0.00036870360638439773	0.6592379032053903
RXRB	Ex-4_HG	Hallmark	164	88	72	20749	50	testable	34	0	0.039581926946232034	1.0
RXRB	Ex-4_HG	Reactome	164	88	72	20749	1816	testable	478	0	0.0001853158821293614	0.33653364194692026
RXRB	IFNg	GO_BP	54	38	14	20749	5392	testable	291	0	0.0002995063156550241	1.0
RXRB	IFNg	Hallmark	54	38	14	20749	50	testable	16	0	0.06375152717507318	1.0
RXRB	IFNg	Reactome	54	38	14	20749	1816	testable	181	0	0.0020757915264742266	1.0
RXRB	dex	GO_BP	153	93	59	20749	5392	testable	1139	0	6.709147462639965e-05	0.22207536321419596
RXRB	dex	Hallmark	153	93	59	20749	50	testable	36	0	0.003079798839576846	0.1539899419788423
RXRB	dex	Reactome	153	93	59	20749	1816	testable	482	0	0.0003167285411848871	0.5026747282027564
RXRB	palmitate	GO_BP	151	90	56	20749	5392	testable	651	0	0.003064668004777765	1.0
RXRB	palmitate	Hallmark	151	90	56	20749	50	testable	27	1	0.0002009016778363415	0.010045083891817075
RXRB	palmitate	Reactome	151	90	56	20749	1816	testable	356	0	0.00033609458634216324	0.4709027318029098
SALL4	3-cyt	GO_BP	65	37	27	20749	5392	testable	456	0	0.0004278556076583884	1.0
SALL4	3-cyt	Hallmark	65	37	27	20749	50	testable	21	0	0.016691403657675817	0.6678507130736995
SALL4	3-cyt	Reactome	65	37	27	20749	1816	testable	231	0	0.0014313744346247917	1.0
SALL4	Ex-4_HG	GO_BP	159	94	61	20749	5392	testable	834	0	1.511031175699945e-05	0.08147480099374103
SALL4	Ex-4_HG	Hallmark	159	94	61	20749	50	testable	34	0	0.019304144950952538	0.457951337987154
SALL4	Ex-4_HG	Reactome	159	94	61	20749	1816	testable	449	0	0.0007154428357788492	1.0
SALL4	IFNg	GO_BP	123	26	95	20749	5392	testable	643	0	0.00013287698213725372	0.425807157997361
SALL4	IFNg	Hallmark	123	26	95	20749	50	testable	23	2	0.00016907541432869327	0.008453770716434663
SALL4	IFNg	Reactome	123	26	95	20749	1816	testable	380	0	0.0003445229837459874	0.6256537384827131
SALL4	dex	GO_BP	181	87	93	20749	5392	testable	840	0	0.00044886965045820793	1.0
SALL4	dex	Hallmark	181	87	93	20749	50	testable	31	0	0.06738476917681903	1.0
SALL4	dex	Reactome	181	87	93	20749	1816	testable	333	0	0.0006672199912181274	1.0
SALL4	palmitate	GO_BP	193	120	68	20749	5392	testable	1085	0	0.000510141926991134	1.0
SALL4	palmitate	Hallmark	193	120	68	20749	50	testable	33	0	0.030989161956127043	1.0
SALL4	palmitate	Reactome	193	120	68	20749	1816	testable	470	0	0.0023229016364173525	0.9061037340650084
SCRT1	3-cyt	GO_BP	121	43	77	20749	5392	testable	737	0	0.0011821273309156033	1.0
SCRT1	3-cyt	Hallmark	121	43	77	20749	50	testable	32	0	0.04871212996995097	1.0
SCRT1	3-cyt	Reactome	121	43	77	20749	1816	testable	294	0	0.005405113654065482	1.0
SCRT1	Ex-4_HG	GO_BP	139	79	56	20749	5392	testable	667	0	0.00026499674427720056	1.0
SCRT1	Ex-4_HG	Hallmark	139	79	56	20749	50	testable	27	0	0.023968852740641356	1.0
SCRT1	Ex-4_HG	Reactome	139	79	56	20749	1816	testable	400	0	0.005027674373232319	1.0
SCRT1	IFNg	GO_BP	181	61	118	20749	5392	testable	805	0	2.7766586490029493e-05	0.14971743435423904
SCRT1	IFNg	Hallmark	181	61	118	20749	50	testable	36	3	2.584786609381452e-10	1.2923933046907259e-08
SCRT1	IFNg	Reactome	181	61	118	20749	1816	testable	398	0	3.45472788777229e-05	0.0627378584419448
SCRT1	dex	GO_BP	116	51	64	20749	5392	testable	556	0	0.0013541393065832003	1.0
SCRT1	dex	Hallmark	116	51	64	20749	50	testable	26	0	0.005655317963700842	0.16613845807297967
SCRT1	dex	Reactome	116	51	64	20749	1816	testable	298	0	0.0008978615152445033	0.9122633971261171
SCRT1	palmitate	GO_BP	138	36	97	20749	5392	testable	786	0	5.7754542580779964e-05	0.31141249359556555
SCRT1	palmitate	Hallmark	138	36	97	20749	50	testable	34	0	0.02221844816439535	1.0
SCRT1	palmitate	Reactome	138	36	97	20749	1816	testable	372	0	0.0005245073581127568	0.9525053623327664
SMAD2	3-cyt	GO_BP	108	37	70	20749	5392	testable	661	0	0.0011777966576245026	1.0
SMAD2	3-cyt	Hallmark	108	37	70	20749	50	testable	28	0	0.0755083488295685	0.8680762195069751
SMAD2	3-cyt	Reactome	108	37	70	20749	1816	testable	339	0	0.00027048978284446477	0.491209445645548
SMAD2	Ex-4_HG	GO_BP	143	46	93	20749	5392	testable	716	0	0.00014086401560293784	0.7595387721310408
SMAD2	Ex-4_HG	Hallmark	143	46	93	20749	50	testable	31	0	0.0139357184704217	0.6018548525371451
SMAD2	Ex-4_HG	Reactome	143	46	93	20749	1816	testable	331	0	0.0016450174148944497	1.0
SMAD2	IFNg	GO_BP	14	3	9	20749	5392	testable	228	5	9.821668493797632e-07	0.005295843651855683
SMAD2	IFNg	Hallmark	14	3	9	20749	50	testable	15	0	0.0049986322455496356	0.24993161227748178
SMAD2	IFNg	Reactome	14	3	9	20749	1816	testable	64	0	6.428501164175154e-05	0.1167415811414208
SMAD2	dex	GO_BP	190	104	85	20749	5392	testable	970	0	0.0008191304965215999	1.0
SMAD2	dex	Hallmark	190	104	85	20749	50	testable	30	0	0.08214873908859557	1.0
SMAD2	dex	Reactome	190	104	85	20749	1816	testable	500	0	0.002091766695553879	1.0
SMAD2	palmitate	GO_BP	135	34	96	20749	5392	testable	891	0	5.676865131633592e-05	0.3060965678976833
SMAD2	palmitate	Hallmark	135	34	96	20749	50	testable	29	0	0.006967043646359064	0.34835218231795323
SMAD2	palmitate	Reactome	135	34	96	20749	1816	testable	491	1	1.8462804749337193e-05	0.033528453424796344
SMAD3	3-cyt	GO_BP	157	91	65	20749	5392	testable	876	0	0.0008365192140764474	1.0
SMAD3	3-cyt	Hallmark	157	91	65	20749	50	testable	31	1	0.0004151110803511937	0.020755554017559685
SMAD3	3-cyt	Reactome	157	91	65	20749	1816	testable	355	0	0.0005128454168169833	0.9313272769396417
SMAD3	Ex-4_HG	GO_BP	207	144	59	20749	5392	testable	999	0	0.0012269306005145977	1.0
SMAD3	Ex-4_HG	Hallmark	207	144	59	20749	50	testable	33	0	0.0028448515309081536	0.13244461995644913
SMAD3	Ex-4_HG	Reactome	207	144	59	20749	1816	testable	483	0	0.0014470647468340602	0.8863913362064311
SMAD3	IFNg	GO_BP	171	98	71	20749	5392	testable	883	0	2.327719524811109e-05	0.125510636777815
SMAD3	IFNg	Hallmark	171	98	71	20749	50	testable	27	0	0.010045547781996697	0.5022773890998349
SMAD3	IFNg	Reactome	171	98	71	20749	1816	testable	348	0	0.0002736818760032257	0.17988940302636808
SMAD3	dex	GO_BP	161	90	70	20749	5392	testable	637	0	0.0012248485922860387	1.0
SMAD3	dex	Hallmark	161	90	70	20749	50	testable	34	0	0.06815942367156941	1.0
SMAD3	dex	Reactome	161	90	70	20749	1816	testable	339	0	0.005121633754466007	1.0
SMAD3	palmitate	GO_BP	87	58	24	20749	5392	testable	640	0	6.19904083140266e-05	0.33425228162923143
SMAD3	palmitate	Hallmark	87	58	24	20749	50	testable	30	1	7.082284542558802e-05	0.003541142271279401
SMAD3	palmitate	Reactome	87	58	24	20749	1816	testable	331	0	0.0034654336441549945	1.0
SMAD4	3-cyt	GO_BP	89	53	35	20749	5392	testable	551	0	0.0005009198048637329	0.9591436876380013
SMAD4	3-cyt	Hallmark	89	53	35	20749	50	testable	18	0	0.05163994574287212	1.0
SMAD4	3-cyt	Reactome	89	53	35	20749	1816	testable	259	0	0.005955616416991024	1.0
SMAD4	Ex-4_HG	GO_BP	151	44	103	20749	5392	testable	964	0	5.410508084611066e-05	0.29173459592222867
SMAD4	Ex-4_HG	Hallmark	151	44	103	20749	50	testable	29	0	0.024644111047974985	0.8042187647142521
SMAD4	Ex-4_HG	Reactome	151	44	103	20749	1816	testable	329	0	0.00012098331768882353	0.1792130334031608
SMAD4	IFNg	GO_BP	106	31	73	20749	5392	testable	669	0	0.00047588572556716055	1.0
SMAD4	IFNg	Hallmark	106	31	73	20749	50	testable	31	1	0.00046013578596981725	0.023006789298490864
SMAD4	IFNg	Reactome	106	31	73	20749	1816	testable	420	0	0.0001273463235109342	0.08922978509925528
SMAD4	dex	GO_BP	127	37	89	20749	5392	testable	888	0	0.0005486626021688762	1.0
SMAD4	dex	Hallmark	127	37	89	20749	50	testable	35	0	0.005403448443863831	0.2331682818561167
SMAD4	dex	Reactome	127	37	89	20749	1816	testable	446	0	0.0003167314041601945	0.31796253489182613
SMAD4	palmitate	GO_BP	150	77	68	20749	5392	testable	952	0	0.000308543160493145	1.0
SMAD4	palmitate	Hallmark	150	77	68	20749	50	testable	29	0	0.0035250320989361483	0.17625160494680742
SMAD4	palmitate	Reactome	150	77	68	20749	1816	testable	487	0	0.0004666608798619647	0.33766312381807007
SP1	3-cyt	GO_BP	152	77	74	20749	5392	testable	749	0	0.00036014836281146454	1.0
SP1	3-cyt	Hallmark	152	77	74	20749	50	testable	26	0	0.0301469029064969	1.0
SP1	3-cyt	Reactome	152	77	74	20749	1816	testable	347	0	0.00027353627708596263	0.49674187918810814
SP1	Ex-4_HG	GO_BP	90	45	41	20749	5392	testable	516	0	0.00033457135572498005	0.9206039674814434
SP1	Ex-4_HG	Hallmark	90	45	41	20749	50	testable	23	1	0.0006941972611422658	0.034709863057113294
SP1	Ex-4_HG	Reactome	90	45	41	20749	1816	testable	299	0	2.9646124203137596e-05	0.053837361552897874
SP1	IFNg	GO_BP	7	4	1	20749	5392	insufficient_lt10	0	0		
SP1	IFNg	Hallmark	7	4	1	20749	50	insufficient_lt10	0	0		
SP1	IFNg	Reactome	7	4	1	20749	1816	insufficient_lt10	0	0		
SP1	dex	GO_BP	114	49	64	20749	5392	testable	708	0	5.625840746437426e-05	0.303345333047906
SP1	dex	Hallmark	114	49	64	20749	50	testable	25	0	0.02156706676189917	0.8014880836729353
SP1	dex	Reactome	114	49	64	20749	1816	testable	359	0	0.0008163627646011544	0.6676224055325203
SP1	palmitate	GO_BP	132	108	19	20749	5392	testable	869	0	0.00038685270141337544	0.6732669201569796
SP1	palmitate	Hallmark	132	108	19	20749	50	testable	29	0	0.0034218346164969016	0.17109173082484508
SP1	palmitate	Reactome	132	108	19	20749	1816	testable	398	0	0.00035995869813106355	0.30191656592201305
SP2	3-cyt	GO_BP	157	103	53	20749	5392	testable	1059	0	0.00014335048015356907	0.5734067061547435
SP2	3-cyt	Hallmark	157	103	53	20749	50	testable	25	0	0.008681178773961367	0.43405893869806833
SP2	3-cyt	Reactome	157	103	53	20749	1816	testable	492	0	9.241351855256018e-05	0.09156339774647199
SP2	Ex-4_HG	GO_BP	142	94	44	20749	5392	testable	612	0	0.006843703311107825	1.0
SP2	Ex-4_HG	Hallmark	142	94	44	20749	50	testable	26	0	0.04937015564186146	1.0
SP2	Ex-4_HG	Reactome	142	94	44	20749	1816	testable	338	0	0.002963572849780832	1.0
SP2	IFNg	GO_BP	51	37	12	20749	5392	testable	324	0	1.548451829249857e-05	0.08349252263315228
SP2	IFNg	Hallmark	51	37	12	20749	50	testable	20	0	0.053197043650327944	0.9640158485069165
SP2	IFNg	Reactome	51	37	12	20749	1816	testable	186	0	0.009796315000817141	1.0
SP2	dex	GO_BP	167	97	69	20749	5392	testable	628	0	0.0005075664385826147	1.0
SP2	dex	Hallmark	167	97	69	20749	50	testable	26	0	0.007305453156555894	0.3652726578277947
SP2	dex	Reactome	167	97	69	20749	1816	testable	381	4	4.1171716017299734e-05	0.03959068795995199
SP2	palmitate	GO_BP	159	121	33	20749	5392	testable	1007	0	0.0003541147742425635	0.6588739520916591
SP2	palmitate	Hallmark	159	121	33	20749	50	testable	30	0	0.045892523993594114	0.9187734478361916
SP2	palmitate	Reactome	159	121	33	20749	1816	testable	391	0	0.0007793882412446338	1.0
SP3	3-cyt	GO_BP	88	49	38	20749	5392	testable	486	2	1.5775135378177568e-05	0.048326725881804464
SP3	3-cyt	Hallmark	88	49	38	20749	50	testable	22	0	0.03788195285487882	1.0
SP3	3-cyt	Reactome	88	49	38	20749	1816	testable	278	0	0.0009540878250653719	1.0
SP3	Ex-4_HG	GO_BP	161	104	53	20749	5392	testable	778	0	0.0012248485922860387	1.0
SP3	Ex-4_HG	Hallmark	161	104	53	20749	50	testable	37	0	0.004757553094697425	0.19658708380232
SP3	Ex-4_HG	Reactome	161	104	53	20749	1816	testable	521	8	5.910128369162345e-06	0.01073279311839882
SP3	IFNg	GO_BP	82	19	61	20749	5392	testable	450	0	0.0004906409232149449	1.0
SP3	IFNg	Hallmark	82	19	61	20749	50	testable	23	0	0.0019708483593844583	0.09854241796922292
SP3	IFNg	Reactome	82	19	61	20749	1816	testable	221	0	0.003183600708411504	1.0
SP3	dex	GO_BP	179	114	64	20749	5392	testable	668	0	0.0006460184172270518	1.0
SP3	dex	Hallmark	179	114	64	20749	50	testable	29	0	0.055287832730745876	1.0
SP3	dex	Reactome	179	114	64	20749	1816	testable	386	0	0.011926797517791894	1.0
SP3	palmitate	GO_BP	182	100	77	20749	5392	testable	646	0	0.003287639503317638	1.0
SP3	palmitate	Hallmark	182	100	77	20749	50	testable	29	0	0.05067569863261834	0.8906238953756281
SP3	palmitate	Reactome	182	100	77	20749	1816	testable	306	0	0.0022640804607831602	1.0
SP4	3-cyt	GO_BP	154	91	62	20749	5392	testable	937	0	0.0010290029269921588	1.0
SP4	3-cyt	Hallmark	154	91	62	20749	50	testable	29	0	0.02701224438789669	0.6548865244580081
SP4	3-cyt	Reactome	154	91	62	20749	1816	testable	340	0	0.002026712120075121	1.0
SP4	Ex-4_HG	GO_BP	203	61	138	20749	5392	testable	963	0	0.0005641560278058701	1.0
SP4	Ex-4_HG	Hallmark	203	61	138	20749	50	testable	33	0	0.051025953652146475	1.0
SP4	Ex-4_HG	Reactome	203	61	138	20749	1816	testable	468	0	0.012906967652096929	1.0
SP4	IFNg	GO_BP	35	6	27	20749	5392	testable	328	0	5.774168495874168e-05	0.31134316529753514
SP4	IFNg	Hallmark	35	6	27	20749	50	testable	15	0	0.08414506519835879	0.926466404139633
SP4	IFNg	Reactome	35	6	27	20749	1816	testable	110	0	0.004601423317271274	1.0
SP4	dex	GO_BP	203	109	93	20749	5392	testable	1081	1	3.368844180445555e-06	0.01816480782096243
SP4	dex	Hallmark	203	109	93	20749	50	testable	33	0	0.01613861314230082	0.558137575082398
SP4	dex	Reactome	203	109	93	20749	1816	testable	588	25	1.6501556239147393e-07	0.00029966826130291665
SP4	palmitate	GO_BP	184	107	72	20749	5392	testable	932	0	0.0003144683691795671	0.6527426474921821
SP4	palmitate	Hallmark	184	107	72	20749	50	testable	38	1	0.00025635334310722646	0.012817667155361322
SP4	palmitate	Reactome	184	107	72	20749	1816	testable	545	0	0.00010742832898187083	0.13102119503104095
SREBF1	3-cyt	GO_BP	92	53	38	20749	5392	testable	676	0	0.00028834894535298113	1.0
SREBF1	3-cyt	Hallmark	92	53	38	20749	50	testable	25	0	0.018945235031992167	0.6204456185544978
SREBF1	3-cyt	Reactome	92	53	38	20749	1816	testable	287	0	7.629164522024457e-05	0.13854562771996415
SREBF1	Ex-4_HG	GO_BP	159	98	57	20749	5392	testable	1028	0	0.00022979905422111568	0.7747919208796197
SREBF1	Ex-4_HG	Hallmark	159	98	57	20749	50	testable	35	0	0.019304144950952538	0.8820158065640533
SREBF1	Ex-4_HG	Reactome	159	98	57	20749	1816	testable	427	0	0.003662005267024426	1.0
SREBF1	IFNg	GO_BP	14	9	3	20749	5392	testable	228	5	9.821668493797632e-07	0.005295843651855683
SREBF1	IFNg	Hallmark	14	9	3	20749	50	testable	15	0	0.0049986322455496356	0.24993161227748178
SREBF1	IFNg	Reactome	14	9	3	20749	1816	testable	64	0	6.428501164175154e-05	0.1167415811414208
SREBF1	dex	GO_BP	97	84	12	20749	5392	testable	571	0	3.472904096629024e-05	0.09362949444511849
SREBF1	dex	Hallmark	97	84	12	20749	50	testable	15	1	0.00022046958606117945	0.011023479303058973
SREBF1	dex	Reactome	97	84	12	20749	1816	testable	313	0	0.000986985357216313	1.0
SREBF1	palmitate	GO_BP	185	160	20	20749	5392	testable	1159	6	6.41242925464942e-07	0.003457581854106967
SREBF1	palmitate	Hallmark	185	160	20	20749	50	testable	38	0	0.0023733894536589178	0.11866947268294589
SREBF1	palmitate	Reactome	185	160	20	20749	1816	testable	485	0	0.001558989538225714	1.0
SREBF2	3-cyt	GO_BP	79	34	44	20749	5392	testable	436	0	0.001455372430968211	1.0
SREBF2	3-cyt	Hallmark	79	34	44	20749	50	testable	16	0	0.022479546138315234	1.0
SREBF2	3-cyt	Reactome	79	34	44	20749	1816	testable	273	0	0.0002125875221767318	0.3860589402729449
SREBF2	Ex-4_HG	GO_BP	17	6	7	20749	5392	testable	186	0	0.0019229428986872838	1.0
SREBF2	Ex-4_HG	Hallmark	17	6	7	20749	50	testable	8	0	0.04177667789549715	0.7618911366079766
SREBF2	Ex-4_HG	Reactome	17	6	7	20749	1816	testable	56	0	0.0065368672614352225	1.0
SREBF2	IFNg	GO_BP	7	4	1	20749	5392	insufficient_lt10	0	0		
SREBF2	IFNg	Hallmark	7	4	1	20749	50	insufficient_lt10	0	0		
SREBF2	IFNg	Reactome	7	4	1	20749	1816	insufficient_lt10	0	0		
SREBF2	dex	GO_BP	201	94	106	20749	5392	testable	1157	0	0.00020760360174581843	0.9750367847021286
SREBF2	dex	Hallmark	201	94	106	20749	50	testable	29	0	0.012503254886413009	0.5812354586600036
SREBF2	dex	Reactome	201	94	106	20749	1816	testable	532	0	9.21761111563338e-05	0.11436883095142922
SREBF2	palmitate	GO_BP	147	130	12	20749	5392	testable	1165	0	5.742192552295987e-05	0.12315142522445195
SREBF2	palmitate	Hallmark	147	130	12	20749	50	testable	38	0	0.0038564299216134047	0.19282149608067023
SREBF2	palmitate	Reactome	147	130	12	20749	1816	testable	463	0	0.00014217771986090006	0.14893197755407672
TAF1	3-cyt	GO_BP	78	43	34	20749	5392	testable	755	0	0.0001400695676581624	0.707241186126825
TAF1	3-cyt	Hallmark	78	43	34	20749	50	testable	18	0	0.016985357138547156	0.8492678569273578
TAF1	3-cyt	Reactome	78	43	34	20749	1816	testable	351	0	0.0006156548522113001	0.4614897922035519
TAF1	Ex-4_HG	GO_BP	67	16	47	20749	5392	testable	396	1	7.499894539045009e-06	0.04043943135453069
TAF1	Ex-4_HG	Hallmark	67	16	47	20749	50	testable	21	0	0.009149324950734783	0.23343860482895104
TAF1	Ex-4_HG	Reactome	67	16	47	20749	1816	testable	179	0	0.0016952460018776732	1.0
TAF1	IFNg	GO_BP	10	7	1	20749	5392	testable	114	0	0.00030625074933503694	1.0
TAF1	IFNg	Hallmark	10	7	1	20749	50	testable	8	0	0.014367913951567444	0.46004128670124816
TAF1	IFNg	Reactome	10	7	1	20749	1816	testable	21	0	0.004810111381630942	1.0
TAF1	dex	GO_BP	113	48	64	20749	5392	testable	792	0	0.00029085033495772025	0.7607951556339252
TAF1	dex	Hallmark	113	48	64	20749	50	testable	26	0	0.010974268634900591	0.5487134317450295
TAF1	dex	Reactome	113	48	64	20749	1816	testable	389	0	0.00046654329591812413	0.8472426253873134
TAF1	palmitate	GO_BP	161	139	17	20749	5392	testable	1002	0	0.00018890620364488532	0.565786477447506
TAF1	palmitate	Hallmark	161	139	17	20749	50	testable	40	0	0.0030928717774588175	0.15464358887294088
TAF1	palmitate	Reactome	161	139	17	20749	1816	testable	477	3	2.0349091345688945e-05	0.029608836467263006
TEF	3-cyt	GO_BP	74	43	30	20749	5392	testable	482	0	0.0012785367145517316	1.0
TEF	3-cyt	Hallmark	74	43	30	20749	50	testable	19	0	0.00154367525959046	0.07718376297952301
TEF	3-cyt	Reactome	74	43	30	20749	1816	testable	305	0	0.002521920761338622	1.0
TEF	Ex-4_HG	GO_BP	180	121	55	20749	5392	testable	745	0	0.0015273292765213226	1.0
TEF	Ex-4_HG	Hallmark	180	121	55	20749	50	testable	22	0	0.02877679341403492	0.9671312207278709
TEF	Ex-4_HG	Reactome	180	121	55	20749	1816	testable	471	0	0.0007356711896583027	1.0
TEF	IFNg	GO_BP	14	9	3	20749	5392	testable	228	5	9.821668493797632e-07	0.005295843651855683
TEF	IFNg	Hallmark	14	9	3	20749	50	testable	15	0	0.0049986322455496356	0.24993161227748178
TEF	IFNg	Reactome	14	9	3	20749	1816	testable	64	0	6.428501164175154e-05	0.1167415811414208
TEF	dex	GO_BP	125	102	22	20749	5392	testable	658	0	0.000214323866967704	1.0
TEF	dex	Hallmark	125	102	22	20749	50	testable	27	0	0.012946660904082032	0.6473330452041016
TEF	dex	Reactome	125	102	22	20749	1816	testable	440	0	0.0026889191717492807	1.0
TEF	palmitate	GO_BP	133	80	48	20749	5392	testable	571	0	0.0011133501957006913	1.0
TEF	palmitate	Hallmark	133	80	48	20749	50	testable	25	0	0.016290040958105635	0.8145020479052818
TEF	palmitate	Reactome	133	80	48	20749	1816	testable	230	0	0.00339792315290857	1.0
TFE3	3-cyt	GO_BP	116	61	54	20749	5392	testable	815	0	7.376285719844119e-05	0.3745975469836673
TFE3	3-cyt	Hallmark	116	61	54	20749	50	testable	29	0	0.013316964148479816	0.4718784970603206
TFE3	3-cyt	Reactome	116	61	54	20749	1816	testable	394	0	0.0027560901758514208	1.0
TFE3	Ex-4_HG	GO_BP	132	69	59	20749	5392	testable	758	0	0.0011941999519231486	1.0
TFE3	Ex-4_HG	Hallmark	132	69	59	20749	50	testable	23	0	0.07995644539235605	1.0
TFE3	Ex-4_HG	Reactome	132	69	59	20749	1816	testable	385	0	0.000247906939153128	0.44608734408223494
TFE3	IFNg	GO_BP	36	12	22	20749	5392	testable	189	0	0.00019107146934556874	1.0
TFE3	IFNg	Hallmark	36	12	22	20749	50	testable	19	0	0.022598534020623368	0.727524858614733
TFE3	IFNg	Reactome	36	12	22	20749	1816	testable	79	0	0.005196294437839665	1.0
TFE3	dex	GO_BP	158	122	35	20749	5392	testable	1048	0	0.00014606288193062702	0.7875710593699409
TFE3	dex	Hallmark	158	122	35	20749	50	testable	31	0	0.004979455265572673	0.24897276327863366
TFE3	dex	Reactome	158	122	35	20749	1816	testable	460	1	1.6428359753583724e-05	0.029833901312508043
TFE3	palmitate	GO_BP	119	82	32	20749	5392	testable	504	0	0.0008929132421994513	1.0
TFE3	palmitate	Hallmark	119	82	32	20749	50	testable	20	0	0.008669162091596868	0.4334581045798434
TFE3	palmitate	Reactome	119	82	32	20749	1816	testable	258	0	0.009202627243699463	1.0
TFEB	3-cyt	GO_BP	79	50	28	20749	5392	testable	531	0	2.1455127332778938e-05	0.11568604657834403
TFEB	3-cyt	Hallmark	79	50	28	20749	50	testable	23	0	0.022479546138315234	0.6384999148649015
TFEB	3-cyt	Reactome	79	50	28	20749	1816	testable	199	0	0.00039487117263116276	0.7170860494981915
TFEB	Ex-4_HG	GO_BP	108	39	65	20749	5392	testable	656	0	0.00032575062127574204	1.0
TFEB	Ex-4_HG	Hallmark	108	39	65	20749	50	testable	29	0	0.019799545622499328	0.6292362402464041
TFEB	Ex-4_HG	Reactome	108	39	65	20749	1816	testable	315	0	0.0009437342774310433	1.0
TFEB	IFNg	GO_BP	7	4	1	20749	5392	insufficient_lt10	0	0		
TFEB	IFNg	Hallmark	7	4	1	20749	50	insufficient_lt10	0	0		
TFEB	IFNg	Reactome	7	4	1	20749	1816	insufficient_lt10	0	0		
TFEB	dex	GO_BP	164	97	66	20749	5392	testable	803	0	0.00014501876253216912	0.7819411675734559
TFEB	dex	Hallmark	164	97	66	20749	50	testable	24	0	0.03762223526944834	1.0
TFEB	dex	Reactome	164	97	66	20749	1816	testable	410	0	0.0012704515900667651	1.0
TFEB	palmitate	GO_BP	64	29	30	20749	5392	testable	594	0	0.0002426752799939178	0.8529237733656687
TFEB	palmitate	Hallmark	64	29	30	20749	50	testable	26	0	0.0028906264140608822	0.1445313207030441
TFEB	palmitate	Reactome	64	29	30	20749	1816	testable	380	3	4.545465604685489e-07	0.0008254565538108848
THAP1	3-cyt	GO_BP	115	56	58	20749	5392	testable	408	0	0.006201474748441243	1.0
THAP1	3-cyt	Hallmark	115	56	58	20749	50	testable	23	0	0.14420248722899406	1.0
THAP1	3-cyt	Reactome	115	56	58	20749	1816	testable	214	0	0.0001813934365233687	0.1647052403632188
THAP1	Ex-4_HG	GO_BP	196	116	76	20749	5392	testable	1019	0	6.68679338136225e-05	0.3605518991230526
THAP1	Ex-4_HG	Hallmark	196	116	76	20749	50	testable	35	0	0.019447822952193394	0.967525982749112
THAP1	Ex-4_HG	Reactome	196	116	76	20749	1816	testable	511	0	0.0064662238787873295	1.0
THAP1	IFNg	GO_BP	189	102	85	20749	5392	testable	854	0	0.005129800488680436	1.0
THAP1	IFNg	Hallmark	189	102	85	20749	50	testable	34	0	0.018136387389058133	0.9068193694529066
THAP1	IFNg	Reactome	189	102	85	20749	1816	testable	486	0	0.01813520889645304	1.0
THAP1	dex	GO_BP	198	139	58	20749	5392	testable	751	0	0.0013252147134277946	1.0
THAP1	dex	Hallmark	198	139	58	20749	50	testable	31	0	0.011735583557901127	0.5867791778950564
THAP1	dex	Reactome	198	139	58	20749	1816	testable	393	0	0.003121024452002732	1.0
THAP1	palmitate	GO_BP	132	56	71	20749	5392	testable	535	0	0.00013264790364098567	0.7152374964321947
THAP1	palmitate	Hallmark	132	56	71	20749	50	testable	25	1	0.0009010964991530293	0.045054824957651465
THAP1	palmitate	Reactome	132	56	71	20749	1816	testable	285	0	0.014484078948608764	1.0
USF1	3-cyt	GO_BP	150	84	65	20749	5392	testable	700	0	0.0018077525998995076	1.0
USF1	3-cyt	Hallmark	150	84	65	20749	50	testable	32	2	0.0004237579022253915	0.021187895111269575
USF1	3-cyt	Reactome	150	84	65	20749	1816	testable	480	0	0.0007858514943049873	0.9666503215141782
USF1	Ex-4_HG	GO_BP	95	57	34	20749	5392	testable	616	0	7.2180733142461e-05	0.18004424737195676
USF1	Ex-4_HG	Hallmark	95	57	34	20749	50	testable	27	0	0.003933131855594467	0.19665659277972336
USF1	Ex-4_HG	Reactome	95	57	34	20749	1816	testable	246	0	0.0006453350978283698	0.8275429031504106
USF1	IFNg	GO_BP	7	4	1	20749	5392	insufficient_lt10	0	0		
USF1	IFNg	Hallmark	7	4	1	20749	50	insufficient_lt10	0	0		
USF1	IFNg	Reactome	7	4	1	20749	1816	insufficient_lt10	0	0		
USF1	dex	GO_BP	185	137	47	20749	5392	testable	809	0	0.00016679699689122038	0.7905278488539458
USF1	dex	Hallmark	185	137	47	20749	50	testable	28	0	0.031932291787396185	1.0
USF1	dex	Reactome	185	137	47	20749	1816	testable	405	0	0.004124695976342967	1.0
USF1	palmitate	GO_BP	198	155	38	20749	5392	testable	912	0	0.0024427782567112456	1.0
USF1	palmitate	Hallmark	198	155	38	20749	50	testable	39	0	0.013425372874409187	0.6222767898295232
USF1	palmitate	Reactome	198	155	38	20749	1816	testable	464	0	0.002282552156154397	1.0
USF2	3-cyt	GO_BP	87	41	45	20749	5392	testable	600	0	0.0003600212510277686	1.0
USF2	3-cyt	Hallmark	87	41	45	20749	50	testable	25	0	0.0010408842261439948	0.05204421130719974
USF2	3-cyt	Reactome	87	41	45	20749	1816	testable	330	0	0.0009326737329384677	1.0
USF2	Ex-4_HG	GO_BP	58	18	36	20749	5392	testable	342	0	0.011135267977552793	1.0
USF2	Ex-4_HG	Hallmark	58	18	36	20749	50	testable	16	0	0.053401293040701056	1.0
USF2	Ex-4_HG	Reactome	58	18	36	20749	1816	testable	189	0	0.005324829263934427	1.0
USF2	IFNg	GO_BP	115	72	41	20749	5392	testable	618	0	0.0010687768801080069	1.0
USF2	IFNg	Hallmark	115	72	41	20749	50	testable	25	0	0.0013990351823605688	0.06995175911802844
USF2	IFNg	Reactome	115	72	41	20749	1816	testable	306	0	0.005969614104546225	1.0
USF2	dex	GO_BP	169	116	52	20749	5392	testable	1002	0	8.347982504053847e-05	0.45012321661858345
USF2	dex	Hallmark	169	116	52	20749	50	testable	29	0	0.0372615405160107	1.0
USF2	dex	Reactome	169	116	52	20749	1816	testable	395	0	0.0013482574627372043	1.0
USF2	palmitate	GO_BP	109	90	14	20749	5392	testable	668	0	0.0005644469612841529	1.0
USF2	palmitate	Hallmark	109	90	14	20749	50	testable	26	0	0.037611089196224155	0.9113220988427121
USF2	palmitate	Reactome	109	90	14	20749	1816	testable	290	0	0.001412889450160752	1.0
VEZF1	3-cyt	GO_BP	155	67	87	20749	5392	testable	794	0	0.0013101444800390067	1.0
VEZF1	3-cyt	Hallmark	155	67	87	20749	50	testable	27	0	0.0014315629586091013	0.07157814793045507
VEZF1	3-cyt	Reactome	155	67	87	20749	1816	testable	393	0	0.0003072510007577586	0.2862587199993494
VEZF1	Ex-4_HG	GO_BP	170	79	87	20749	5392	testable	1086	2	9.028848646019061e-06	0.028809036829580612
VEZF1	Ex-4_HG	Hallmark	170	79	87	20749	50	testable	36	0	0.010956628973606905	0.5478314486803453
VEZF1	Ex-4_HG	Reactome	170	79	87	20749	1816	testable	537	0	0.0009796235878930515	0.636310469481369
VEZF1	IFNg	GO_BP	165	64	99	20749	5392	testable	858	0	0.0009232757870429564	1.0
VEZF1	IFNg	Hallmark	165	64	99	20749	50	testable	35	2	0.0001311111421658221	0.006555557108291105
VEZF1	IFNg	Reactome	165	64	99	20749	1816	testable	290	0	5.687617702647172e-05	0.10328713748007264
VEZF1	dex	GO_BP	158	82	75	20749	5392	testable	612	0	0.00034227161966887606	1.0
VEZF1	dex	Hallmark	158	82	75	20749	50	testable	28	0	0.00364892494685968	0.182446247342984
VEZF1	dex	Reactome	158	82	75	20749	1816	testable	382	0	0.003730686687619118	1.0
VEZF1	palmitate	GO_BP	144	52	87	20749	5392	testable	653	0	0.0007044952560154533	1.0
VEZF1	palmitate	Hallmark	144	52	87	20749	50	testable	24	0	0.007387725240577917	0.36938626202889585
VEZF1	palmitate	Reactome	144	52	87	20749	1816	testable	344	0	0.013267175069164458	1.0
XBP1	3-cyt	GO_BP	139	56	82	20749	5392	testable	740	0	0.00026499674427720056	1.0
XBP1	3-cyt	Hallmark	139	56	82	20749	50	testable	26	0	0.024649396035212455	1.0
XBP1	3-cyt	Reactome	139	56	82	20749	1816	testable	348	0	0.000915312200869617	1.0
XBP1	Ex-4_HG	GO_BP	119	64	51	20749	5392	testable	825	0	5.868144766530851e-05	0.3164103658113435
XBP1	Ex-4_HG	Hallmark	119	64	51	20749	50	testable	34	0	0.0012442198762520787	0.062210993812603935
XBP1	Ex-4_HG	Reactome	119	64	51	20749	1816	testable	363	0	0.00014926170344806968	0.2394230738436194
XBP1	IFNg	GO_BP	138	76	60	20749	5392	testable	929	0	0.00026120069228261357	0.6413815325022495
XBP1	IFNg	Hallmark	138	76	60	20749	50	testable	33	0	0.018000800622977563	0.41687702959335665
XBP1	IFNg	Reactome	138	76	60	20749	1816	testable	276	0	0.004356774777309851	1.0
XBP1	dex	GO_BP	154	93	60	20749	5392	testable	788	0	0.00047686272483202154	1.0
XBP1	dex	Hallmark	154	93	60	20749	50	testable	29	0	0.035377479565583285	1.0
XBP1	dex	Reactome	154	93	60	20749	1816	testable	293	0	0.006918495099283163	1.0
XBP1	palmitate	GO_BP	164	128	31	20749	5392	testable	1101	0	2.5768323677017593e-05	0.13894280126647887
XBP1	palmitate	Hallmark	164	128	31	20749	50	testable	36	0	0.009623355047568437	0.48116775237842185
XBP1	palmitate	Reactome	164	128	31	20749	1816	testable	488	0	0.002680258838018154	1.0
YY1	3-cyt	GO_BP	90	48	41	20749	5392	testable	704	0	0.0004671273651326674	1.0
YY1	3-cyt	Hallmark	90	48	41	20749	50	testable	14	0	0.05267649901656366	1.0
YY1	3-cyt	Reactome	90	48	41	20749	1816	testable	307	0	0.0005122054715215746	0.5109675783393511
YY1	Ex-4_HG	GO_BP	197	108	85	20749	5392	testable	1128	0	2.8686512658397365e-05	0.15467767625407858
YY1	Ex-4_HG	Hallmark	197	108	85	20749	50	testable	29	0	0.05002918622260055	1.0
YY1	Ex-4_HG	Reactome	197	108	85	20749	1816	testable	476	0	0.0015097357597388618	1.0
YY1	IFNg	GO_BP	71	34	35	20749	5392	testable	358	0	0.0034218333130765044	1.0
YY1	IFNg	Hallmark	71	34	35	20749	50	testable	14	0	0.10196405469477833	1.0
YY1	IFNg	Reactome	71	34	35	20749	1816	testable	273	0	0.00603413335675829	1.0
YY1	dex	GO_BP	187	110	76	20749	5392	testable	908	0	0.00014927132393259928	0.646505648056135
YY1	dex	Hallmark	187	110	76	20749	50	testable	36	0	0.0063851162949780625	0.21605345174087207
YY1	dex	Reactome	187	110	76	20749	1816	testable	441	0	0.0008419130265527861	1.0
YY1	palmitate	GO_BP	132	46	81	20749	5392	testable	566	0	0.0008260571650000412	1.0
YY1	palmitate	Hallmark	132	46	81	20749	50	testable	25	0	0.00443044496534858	0.221522248267429
YY1	palmitate	Reactome	132	46	81	20749	1816	testable	274	0	0.005131387579150571	1.0
YY2	3-cyt	GO_BP	148	89	58	20749	5392	testable	881	1	3.5191583434021084e-06	0.018975301787624167
YY2	3-cyt	Hallmark	148	89	58	20749	50	testable	31	0	0.0034984434426291733	0.17492217213145866
YY2	3-cyt	Reactome	148	89	58	20749	1816	testable	363	0	0.00034928968423233986	0.45244740599377614
YY2	Ex-4_HG	GO_BP	173	78	91	20749	5392	testable	990	0	0.00018080553341891418	0.9517686934635097
YY2	Ex-4_HG	Hallmark	173	78	91	20749	50	testable	35	0	0.06728583959427589	1.0
YY2	Ex-4_HG	Reactome	173	78	91	20749	1816	testable	392	0	0.0028191068264194212	1.0
YY2	IFNg	GO_BP	145	98	45	20749	5392	testable	768	0	0.0004669902042892961	1.0
YY2	IFNg	Hallmark	145	98	45	20749	50	testable	28	0	0.021769130169280594	0.6909889733746858
YY2	IFNg	Reactome	145	98	45	20749	1816	testable	310	0	0.004177033194886587	1.0
YY2	dex	GO_BP	177	109	67	20749	5392	testable	860	0	0.00021586623508119268	1.0
YY2	dex	Hallmark	177	109	67	20749	50	testable	42	2	0.0010320493552828552	0.030367011257756395
YY2	dex	Reactome	177	109	67	20749	1816	testable	593	0	0.0001268795265555112	0.23041322022480834
YY2	palmitate	GO_BP	196	70	121	20749	5392	testable	1002	0	0.0011197883692493683	1.0
YY2	palmitate	Hallmark	196	70	121	20749	50	testable	35	0	0.10909827035052438	1.0
YY2	palmitate	Reactome	196	70	121	20749	1816	testable	474	0	0.0008713166452827157	1.0
ZBTB33	3-cyt	GO_BP	142	89	52	20749	5392	testable	579	0	0.000544106528261151	1.0
ZBTB33	3-cyt	Hallmark	142	89	52	20749	50	testable	28	0	0.02190706406609136	0.7388311233804177
ZBTB33	3-cyt	Reactome	142	89	52	20749	1816	testable	265	0	0.008454807464292932	1.0
ZBTB33	Ex-4_HG	GO_BP	133	89	40	20749	5392	testable	633	1	5.456647018926033e-06	0.029422240726049168
ZBTB33	Ex-4_HG	Hallmark	133	89	40	20749	50	testable	27	0	0.004681811446392489	0.23409057231962446
ZBTB33	Ex-4_HG	Reactome	133	89	40	20749	1816	testable	399	0	0.00303699916421504	1.0
ZBTB33	IFNg	GO_BP	142	84	56	20749	5392	testable	611	0	0.0020564268268108924	1.0
ZBTB33	IFNg	Hallmark	142	84	56	20749	50	testable	23	0	0.02190706406609136	0.43405251705943754
ZBTB33	IFNg	Reactome	142	84	56	20749	1816	testable	377	0	0.0006851709859956382	1.0
ZBTB33	dex	GO_BP	188	65	122	20749	5392	testable	945	0	0.0006675743488851778	1.0
ZBTB33	dex	Hallmark	188	65	122	20749	50	testable	32	0	0.10863675123527475	1.0
ZBTB33	dex	Reactome	188	65	122	20749	1816	testable	537	0	0.0022772785467187456	1.0
ZBTB33	palmitate	GO_BP	170	116	49	20749	5392	testable	979	0	0.0006566202310849122	1.0
ZBTB33	palmitate	Hallmark	170	116	49	20749	50	testable	41	0	0.0018645694207832467	0.09322847103916233
ZBTB33	palmitate	Reactome	170	116	49	20749	1816	testable	549	0	0.0013640883653311365	1.0
ZBTB7A	3-cyt	GO_BP	71	42	28	20749	5392	testable	330	0	0.0013161142949701344	1.0
ZBTB7A	3-cyt	Hallmark	71	42	28	20749	50	testable	17	0	0.03966219688869585	1.0
ZBTB7A	3-cyt	Reactome	71	42	28	20749	1816	testable	150	0	0.002107757893321842	1.0
ZBTB7A	Ex-4_HG	GO_BP	17	6	7	20749	5392	testable	186	0	0.0019229428986872838	1.0
ZBTB7A	Ex-4_HG	Hallmark	17	6	7	20749	50	testable	8	0	0.04177667789549715	0.7618911366079766
ZBTB7A	Ex-4_HG	Reactome	17	6	7	20749	1816	testable	56	0	0.0065368672614352225	1.0
ZBTB7A	IFNg	GO_BP	13	11	0	20749	5392	testable	89	0	2.2609123831448594e-05	0.12190839569917082
ZBTB7A	IFNg	Hallmark	13	11	0	20749	50	testable	8	0	0.0019078158307236864	0.09539079153618432
ZBTB7A	IFNg	Reactome	13	11	0	20749	1816	testable	49	0	0.0062490786112404835	1.0
ZBTB7A	dex	GO_BP	40	32	7	20749	5392	testable	263	0	0.0016264522854045145	1.0
ZBTB7A	dex	Hallmark	40	32	7	20749	50	testable	13	0	0.005246781375420269	0.2623390687710135
ZBTB7A	dex	Reactome	40	32	7	20749	1816	testable	148	0	0.002833458934091987	1.0
ZBTB7A	palmitate	GO_BP	183	151	27	20749	5392	testable	1288	0	0.0001788809516275925	0.49040629982670364
ZBTB7A	palmitate	Hallmark	183	151	27	20749	50	testable	33	0	0.031044477165855625	0.7488957990576117
ZBTB7A	palmitate	Reactome	183	151	27	20749	1816	testable	497	2	2.0043818453699903e-06	0.003639957431191902
ZEB1	3-cyt	GO_BP	59	26	32	20749	5392	testable	298	0	0.002865154504805876	1.0
ZEB1	3-cyt	Hallmark	59	26	32	20749	50	testable	14	0	0.06178174116529034	1.0
ZEB1	3-cyt	Reactome	59	26	32	20749	1816	testable	126	0	0.006361853520719493	1.0
ZEB1	Ex-4_HG	GO_BP	108	42	62	20749	5392	testable	736	0	0.0005541793248935982	1.0
ZEB1	Ex-4_HG	Hallmark	108	42	62	20749	50	testable	26	0	0.01840914590578126	0.5507270380234371
ZEB1	Ex-4_HG	Reactome	108	42	62	20749	1816	testable	297	0	5.852992945007407e-05	0.10629035188133451
ZEB1	IFNg	GO_BP	86	13	71	20749	5392	testable	758	0	0.0004313194161001989	0.9617922447187932
ZEB1	IFNg	Hallmark	86	13	71	20749	50	testable	23	0	0.028456194118339842	0.5959114710431271
ZEB1	IFNg	Reactome	86	13	71	20749	1816	testable	402	0	0.0005998423900012358	0.997393517305961
ZEB1	dex	GO_BP	182	52	129	20749	5392	testable	1058	0	0.00043808633333165435	1.0
ZEB1	dex	Hallmark	182	52	129	20749	50	testable	35	0	0.0022795138457159486	0.11397569228579743
ZEB1	dex	Reactome	182	52	129	20749	1816	testable	746	0	4.054681629654435e-05	0.06226333527101498
ZEB1	palmitate	GO_BP	194	58	131	20749	5392	testable	841	0	0.0008537456259262659	1.0
ZEB1	palmitate	Hallmark	194	58	131	20749	50	testable	35	0	0.024518008479075586	0.724593735191312
ZEB1	palmitate	Reactome	194	58	131	20749	1816	testable	380	0	0.0008537456259262659	1.0
ZFP28	3-cyt	GO_BP	84	48	35	20749	5392	testable	589	0	0.00024037754147063675	0.714673723081476
ZFP28	3-cyt	Hallmark	84	48	35	20749	50	testable	25	0	0.0038943681788800983	0.16324394270530496
ZFP28	3-cyt	Reactome	84	48	35	20749	1816	testable	276	0	0.0008698537880539942	0.9453019619049179
ZFP28	Ex-4_HG	GO_BP	157	60	93	20749	5392	testable	733	0	0.0001808827661871328	0.97531987528102
ZFP28	Ex-4_HG	Hallmark	157	60	93	20749	50	testable	28	0	0.0801793517015096	1.0
ZFP28	Ex-4_HG	Reactome	157	60	93	20749	1816	testable	399	0	0.0003653015594895308	0.663387632032988
ZFP28	IFNg	GO_BP	174	114	58	20749	5392	testable	833	0	0.0013076371832405613	1.0
ZFP28	IFNg	Hallmark	174	114	58	20749	50	testable	36	0	0.030409987014918538	0.9627107720206721
ZFP28	IFNg	Reactome	174	114	58	20749	1816	testable	425	0	0.0024216377152283973	1.0
ZFP28	dex	GO_BP	174	82	91	20749	5392	testable	571	0	0.005311151645090083	1.0
ZFP28	dex	Hallmark	174	82	91	20749	50	testable	24	0	0.03471495080469807	1.0
ZFP28	dex	Reactome	174	82	91	20749	1816	testable	319	0	4.691708503682551e-05	0.08520142642687512
ZFP28	palmitate	GO_BP	134	82	47	20749	5392	testable	705	0	0.00019903592497274783	1.0
ZFP28	palmitate	Hallmark	134	82	47	20749	50	testable	24	0	0.04450104049409521	1.0
ZFP28	palmitate	Reactome	134	82	47	20749	1816	testable	353	0	0.0037605342940599893	1.0
ZNF143	3-cyt	GO_BP	86	53	32	20749	5392	testable	497	0	6.606507438312778e-05	0.35622288107382494
ZNF143	3-cyt	Hallmark	86	53	32	20749	50	testable	16	0	0.1532013360487648	1.0
ZNF143	3-cyt	Reactome	86	53	32	20749	1816	testable	304	0	0.004488202801958127	1.0
ZNF143	Ex-4_HG	GO_BP	209	94	111	20749	5392	testable	808	0	0.00030092556047561043	1.0
ZNF143	Ex-4_HG	Hallmark	209	94	111	20749	50	testable	29	0	0.04949600660430335	1.0
ZNF143	Ex-4_HG	Reactome	209	94	111	20749	1816	testable	529	0	0.0005091193210028594	0.6120774545407186
ZNF143	IFNg	GO_BP	139	38	99	20749	5392	testable	571	0	0.0002751044121805977	1.0
ZNF143	IFNg	Hallmark	139	38	99	20749	50	testable	26	0	0.047522168632416414	1.0
ZNF143	IFNg	Reactome	139	38	99	20749	1816	testable	292	0	0.00043971895053417515	0.7985296141700621
ZNF143	dex	GO_BP	191	100	90	20749	5392	testable	810	0	0.0002593646572649626	1.0
ZNF143	dex	Hallmark	191	100	90	20749	50	testable	35	0	0.018888469785337335	0.9444234892668667
ZNF143	dex	Reactome	191	100	90	20749	1816	testable	327	0	0.0075713400829576895	1.0
ZNF143	palmitate	GO_BP	131	68	58	20749	5392	testable	726	0	0.0003906896958921904	0.7249741046787989
ZNF143	palmitate	Hallmark	131	68	58	20749	50	testable	30	0	0.016680696645922824	0.8340348322961412
ZNF143	palmitate	Reactome	131	68	58	20749	1816	testable	369	0	3.955862957467781e-05	0.07183847130761489
ZNF263	3-cyt	GO_BP	67	41	25	20749	5392	testable	613	0	0.00017925203083442008	0.7295930412167407
ZNF263	3-cyt	Hallmark	67	41	25	20749	50	testable	21	0	0.009337544193158041	0.4668772096579021
ZNF263	3-cyt	Reactome	67	41	25	20749	1816	testable	195	0	6.530194360547143e-05	0.11858832958753612
ZNF263	Ex-4_HG	GO_BP	90	33	53	20749	5392	testable	445	0	0.00042842806876659405	1.0
ZNF263	Ex-4_HG	Hallmark	90	33	53	20749	50	testable	22	0	0.021438728958324684	0.8583618588892876
ZNF263	Ex-4_HG	Reactome	90	33	53	20749	1816	testable	185	0	0.00248085760571732	1.0
ZNF263	IFNg	GO_BP	110	46	62	20749	5392	testable	701	0	0.0004319861192760925	1.0
ZNF263	IFNg	Hallmark	110	46	62	20749	50	testable	28	0	0.0033655400480057758	0.13794142811553936
ZNF263	IFNg	Reactome	110	46	62	20749	1816	testable	445	0	0.0012417773702935904	1.0
ZNF263	dex	GO_BP	159	81	77	20749	5392	testable	640	0	0.0006986830795823144	1.0
ZNF263	dex	Hallmark	159	81	77	20749	50	testable	24	0	0.04480969976372912	1.0
ZNF263	dex	Reactome	159	81	77	20749	1816	testable	397	0	0.025972233578755836	1.0
ZNF263	palmitate	GO_BP	121	82	34	20749	5392	testable	757	0	0.0009229521755950091	1.0
ZNF263	palmitate	Hallmark	121	82	34	20749	50	testable	31	0	0.013187924912073776	0.6593962456036888
ZNF263	palmitate	Reactome	121	82	34	20749	1816	testable	369	0	0.0007000765047875524	1.0
ZNF740	3-cyt	GO_BP	102	48	53	20749	5392	testable	540	0	0.0008423198432780505	1.0
ZNF740	3-cyt	Hallmark	102	48	53	20749	50	testable	21	0	0.055279708262044626	1.0
ZNF740	3-cyt	Reactome	102	48	53	20749	1816	testable	291	0	0.004291615341469955	1.0
ZNF740	Ex-4_HG	GO_BP	17	6	7	20749	5392	testable	186	0	0.0019229428986872838	1.0
ZNF740	Ex-4_HG	Hallmark	17	6	7	20749	50	testable	8	0	0.04177667789549715	0.7618911366079766
ZNF740	Ex-4_HG	Reactome	17	6	7	20749	1816	testable	56	0	0.0065368672614352225	1.0
ZNF740	IFNg	GO_BP	188	123	63	20749	5392	testable	909	0	1.43507394629102e-05	0.0773791871840118
ZNF740	IFNg	Hallmark	188	123	63	20749	50	testable	30	0	0.04461275063890629	1.0
ZNF740	IFNg	Reactome	188	123	63	20749	1816	testable	382	0	0.007934449480434437	1.0
ZNF740	dex	GO_BP	182	66	115	20749	5392	testable	526	0	0.0011215053395143397	1.0
ZNF740	dex	Hallmark	182	66	115	20749	50	testable	25	0	0.16187639515655414	1.0
ZNF740	dex	Reactome	182	66	115	20749	1816	testable	301	0	0.005540047995622182	1.0
ZNF740	palmitate	GO_BP	130	93	32	20749	5392	testable	762	0	8.316899777766847e-05	0.4484472360171884
ZNF740	palmitate	Hallmark	130	93	32	20749	50	testable	29	0	0.031934919739341046	1.0
ZNF740	palmitate	Reactome	130	93	32	20749	1816	testable	377	0	0.00029634273349693214	0.3458229228768917
ZNF76	3-cyt	GO_BP	103	52	50	20749	5392	testable	537	0	0.0015592431763850779	1.0
ZNF76	3-cyt	Hallmark	103	52	50	20749	50	testable	21	0	0.009696687287650031	0.48483436438250155
ZNF76	3-cyt	Reactome	103	52	50	20749	1816	testable	255	0	0.004818920243586007	1.0
ZNF76	Ex-4_HG	GO_BP	77	50	23	20749	5392	testable	462	0	0.00028204178672744346	1.0
ZNF76	Ex-4_HG	Hallmark	77	50	23	20749	50	testable	18	0	0.04152047422314907	0.9892773787102082
ZNF76	Ex-4_HG	Reactome	77	50	23	20749	1816	testable	269	0	0.0020011950000869954	1.0
ZNF76	IFNg	GO_BP	103	60	41	20749	5392	testable	367	0	0.0035451143893258114	1.0
ZNF76	IFNg	Hallmark	103	60	41	20749	50	testable	21	0	0.07377152043105122	1.0
ZNF76	IFNg	Reactome	103	60	41	20749	1816	testable	235	0	0.0001708130670809664	0.310196529819035
ZNF76	dex	GO_BP	177	144	32	20749	5392	testable	964	0	0.0002575079515083051	0.9590917954167805
ZNF76	dex	Hallmark	177	144	32	20749	50	testable	29	0	0.007401469138881028	0.3265313225793486
ZNF76	dex	Reactome	177	144	32	20749	1816	testable	423	0	0.0014774167135482815	1.0
ZNF76	palmitate	GO_BP	184	155	24	20749	5392	testable	1050	0	0.0003952174319912832	1.0
ZNF76	palmitate	Hallmark	184	155	24	20749	50	testable	32	1	0.00020029839321329985	0.010014919660664992
ZNF76	palmitate	Reactome	184	155	24	20749	1816	testable	485	0	0.00015616252401832377	0.12124729402511751
