GWAS	analysis_class	frozen_archetype	condition	set_id	n_genes_requested	n_genes_mapped_to_entrez	n_genes_tested	beta	SE	P	BH_FDR	status
T1D	gained_vs_control	AP1/1	3-cyt	DA0001	240	114	113.0	-0.10773	0.098235	0.8636	0.9913178169014085	primary
T1D	gained_vs_control	AP1/1	Ex-4_HG	DA0002	230	122	122.0	-0.10685	0.095773	0.86772	0.9913178169014085	primary
T1D	gained_vs_control	AP1/1	IFNg	DA0003	199	112	112.0	-0.023929	0.099574	0.59496	0.9440254634146342	primary
T1D	gained_vs_control	AP1/1	dex	DA0004	113	61	61.0	0.027808	0.12808	0.41406	0.8559150303030303	primary
T1D	gained_vs_control	AP1/1	palmitate	DA0005	702	377	376.0	0.019692	0.054999	0.36016	0.8559150303030303	primary
T1D	gained_vs_control	AP1/2	3-cyt	DA0006	238	121	121.0	0.051568	0.094465	0.29257	0.8336950442477875	primary
T1D	gained_vs_control	AP1/2	Ex-4_HG	DA0007	252	131	131.0	0.046804	0.090638	0.3028	0.8405310344827587	primary
T1D	gained_vs_control	AP1/2	IFNg	DA0008	149	70	70.0	0.046874	0.13132	0.36057	0.8559150303030303	primary
T1D	gained_vs_control	AP1/2	dex	DA0009	175	103	103.0	0.036352	0.1027	0.36169	0.8559150303030303	primary
T1D	gained_vs_control	AP1/2	palmitate	DA0010	400	202	202.0	-0.064018	0.075309	0.80235	0.9913178169014085	primary
T1D	gained_vs_control	BCL6/1	3-cyt	DA0011	16	13	13.0	0.22116	0.33849	0.25676	0.7949684615384616	exploratory
T1D	gained_vs_control	BCL6/1	Ex-4_HG	DA0012	16	13	13.0	0.67507	0.32697	0.019487	0.2797352	exploratory
T1D	gained_vs_control	BCL6/1	IFNg	DA0013	9	7	7.0	0.11836	0.41684	0.38823	0.8559150303030303	insufficient
T1D	gained_vs_control	BCL6/1	dex	DA0014	11	9	9.0	0.53844	0.38027	0.078405	0.44291947368421053	insufficient
T1D	gained_vs_control	BCL6/1	palmitate	DA0015	15	11	11.0	0.3301	0.36444	0.18254	0.6459107692307693	exploratory
T1D	gained_vs_control	CCAAT/CEBP	3-cyt	DA0016	21	8	8.0	-0.3582	0.41951	0.8034	0.9913178169014085	insufficient
T1D	gained_vs_control	CCAAT/CEBP	Ex-4_HG	DA0017	41	19	19.0	-0.28719	0.24446	0.87996	0.9925481118881119	exploratory
T1D	gained_vs_control	CCAAT/CEBP	IFNg	DA0018	3	3	3.0	1.5783	0.53346	0.0015477	0.09698639999999999	insufficient
T1D	gained_vs_control	CCAAT/CEBP	dex	DA0019	51	26	26.0	-0.31444	0.2099	0.93294	0.993261980830671	exploratory
T1D	gained_vs_control	CCAAT/CEBP	palmitate	DA0020	12	5	5.0	-0.48168	0.42756	0.87003	0.9913178169014085	insufficient
T1D	gained_vs_control	CPEB1	3-cyt	DA0021	0	0						insufficient
T1D	gained_vs_control	CPEB1	Ex-4_HG	DA0022	0	0						insufficient
T1D	gained_vs_control	CPEB1	IFNg	DA0023	3	0						insufficient
T1D	gained_vs_control	CPEB1	dex	DA0024	0	0						insufficient
T1D	gained_vs_control	CPEB1	palmitate	DA0025	0	0						insufficient
T1D	gained_vs_control	CREB/ATF/1	3-cyt	DA0026	462	292	292.0	0.11146	0.065104	0.043459	0.3413121463414634	primary
T1D	gained_vs_control	CREB/ATF/1	Ex-4_HG	DA0027	514	319	319.0	0.11613	0.061302	0.0291	0.2797352	primary
T1D	gained_vs_control	CREB/ATF/1	IFNg	DA0028	592	365	365.0	0.050589	0.057997	0.19154	0.6631815053763441	primary
T1D	gained_vs_control	CREB/ATF/1	dex	DA0029	444	279	279.0	0.027405	0.065615	0.3381	0.8559150303030303	primary
T1D	gained_vs_control	CREB/ATF/1	palmitate	DA0030	437	282	282.0	-0.068469	0.065968	0.85034	0.9913178169014085	primary
T1D	gained_vs_control	CREB/ATF/2	3-cyt	DA0031	282	162	162.0	0.18311	0.084985	0.015602	0.2644128421052631	primary
T1D	gained_vs_control	CREB/ATF/2	Ex-4_HG	DA0032	258	156	156.0	0.28302	0.085651	0.00047703	0.07333657333333334	primary
T1D	gained_vs_control	CREB/ATF/2	IFNg	DA0033	193	111	111.0	0.071403	0.1038	0.24576	0.768829708737864	primary
T1D	gained_vs_control	CREB/ATF/2	dex	DA0034	277	151	151.0	0.12672	0.089394	0.078179	0.44291947368421053	primary
T1D	gained_vs_control	CREB/ATF/2	palmitate	DA0035	180	108	108.0	0.1358	0.10465	0.097225	0.45830400000000004	primary
T1D	gained_vs_control	CTCF	3-cyt	DA0036	2328	1543	1542.0	0.038467	0.028903	0.091618	0.45830400000000004	primary
T1D	gained_vs_control	CTCF	Ex-4_HG	DA0037	2536	1720	1719.0	0.036562	0.027656	0.093092	0.45830400000000004	primary
T1D	gained_vs_control	CTCF	IFNg	DA0038	1764	1199	1199.0	0.061988	0.032178	0.027035	0.2797352	primary
T1D	gained_vs_control	CTCF	dex	DA0039	3234	2174	2172.0	0.039629	0.024781	0.054897	0.38389779166666665	primary
T1D	gained_vs_control	CTCF	palmitate	DA0040	2856	1894	1894.0	0.051824	0.026335	0.024549	0.2797352	primary
T1D	gained_vs_control	CUX/4	3-cyt	DA0041	2	0						insufficient
T1D	gained_vs_control	CUX/4	Ex-4_HG	DA0042	2	1						insufficient
T1D	gained_vs_control	CUX/4	IFNg	DA0043	1	1						insufficient
T1D	gained_vs_control	CUX/4	dex	DA0044	2	2	2.0	0.15274	0.75028	0.41934	0.8559150303030303	insufficient
T1D	gained_vs_control	CUX/4	palmitate	DA0045	3	1						insufficient
T1D	gained_vs_control	E2F/3	3-cyt	DA0046	347	207	207.0	0.018082	0.074763	0.40445	0.8559150303030303	primary
T1D	gained_vs_control	E2F/3	Ex-4_HG	DA0047	409	232	231.0	0.092634	0.071196	0.09662	0.45830400000000004	primary
T1D	gained_vs_control	E2F/3	IFNg	DA0048	356	209	209.0	0.012935	0.076373	0.43276	0.8559150303030303	primary
T1D	gained_vs_control	E2F/3	dex	DA0049	313	181	181.0	0.037716	0.07791	0.31416	0.8559150303030303	primary
T1D	gained_vs_control	E2F/3	palmitate	DA0050	380	232	232.0	0.0074851	0.070457	0.4577	0.8720674556213018	primary
T1D	gained_vs_control	ETS/1	3-cyt	DA0051	3953	2545	2544.0	0.0432	0.023026	0.030327	0.2797352	primary
T1D	gained_vs_control	ETS/1	Ex-4_HG	DA0052	3792	2478	2476.0	0.034834	0.023443	0.06866	0.4251638461538461	primary
T1D	gained_vs_control	ETS/1	IFNg	DA0053	3744	2398	2397.0	0.028909	0.023784	0.11211	0.48783000000000004	primary
T1D	gained_vs_control	ETS/1	dex	DA0054	3217	2045	2044.0	0.031165	0.025279	0.10882	0.48000054794520547	primary
T1D	gained_vs_control	ETS/1	palmitate	DA0055	3406	2199	2199.0	0.0601	0.02464	0.0073671	0.2156551090909091	primary
T1D	gained_vs_control	ETS/2	3-cyt	DA0056	440	283	283.0	0.11139	0.062264	0.036812	0.3119332631578947	primary
T1D	gained_vs_control	ETS/2	Ex-4_HG	DA0057	450	283	283.0	0.028831	0.065679	0.33035	0.8559150303030303	primary
T1D	gained_vs_control	ETS/2	IFNg	DA0058	451	304	304.0	-0.068964	0.061839	0.86761	0.9913178169014085	primary
T1D	gained_vs_control	ETS/2	dex	DA0059	297	197	197.0	0.015522	0.076706	0.41982	0.8559150303030303	primary
T1D	gained_vs_control	ETS/2	palmitate	DA0060	439	278	278.0	0.012064	0.066668	0.4282	0.8559150303030303	primary
T1D	gained_vs_control	Ebox/CACGTG/1	3-cyt	DA0061	527	297	297.0	-0.064437	0.06379	0.84378	0.9913178169014085	primary
T1D	gained_vs_control	Ebox/CACGTG/1	Ex-4_HG	DA0062	976	568	567.0	0.0090269	0.046787	0.42351	0.8559150303030303	primary
T1D	gained_vs_control	Ebox/CACGTG/1	IFNg	DA0063	364	196	196.0	-0.032474	0.075751	0.66592	0.9574593991416309	primary
T1D	gained_vs_control	Ebox/CACGTG/1	dex	DA0064	616	374	374.0	-0.060667	0.057908	0.85259	0.9913178169014085	primary
T1D	gained_vs_control	Ebox/CACGTG/1	palmitate	DA0065	684	387	387.0	-0.042738	0.056031	0.77719	0.9913178169014085	primary
T1D	gained_vs_control	Ebox/CAGATGG	3-cyt	DA0066	805	475	474.0	0.076813	0.050486	0.064077	0.4165859215686274	primary
T1D	gained_vs_control	Ebox/CAGATGG	Ex-4_HG	DA0067	941	560	559.0	0.035066	0.046784	0.22677	0.7404373737373736	primary
T1D	gained_vs_control	Ebox/CAGATGG	IFNg	DA0068	509	289	288.0	0.13773	0.063012	0.01442	0.2644128421052631	primary
T1D	gained_vs_control	Ebox/CAGATGG	dex	DA0069	1286	795	794.0	-0.009209	0.040056	0.59092	0.9440254634146342	primary
T1D	gained_vs_control	Ebox/CAGATGG	palmitate	DA0070	855	506	505.0	0.0275	0.048595	0.28574	0.82917875	primary
T1D	gained_vs_control	Ebox/CATATG	3-cyt	DA0071	18	7	7.0	-0.37593	0.42867	0.80974	0.9913178169014085	insufficient
T1D	gained_vs_control	Ebox/CATATG	Ex-4_HG	DA0072	18	6	6.0	-0.12158	0.40392	0.61829	0.9500965258215963	insufficient
T1D	gained_vs_control	Ebox/CATATG	IFNg	DA0073	12	2	2.0	-0.26741	0.67315	0.65441	0.9566459728506789	insufficient
T1D	gained_vs_control	Ebox/CATATG	dex	DA0074	11	4	4.0	-0.49215	0.52584	0.82534	0.9913178169014085	insufficient
T1D	gained_vs_control	Ebox/CATATG	palmitate	DA0075	10	4	4.0	-0.16194	0.51547	0.6233	0.9500965258215963	insufficient
T1D	gained_vs_control	FOX/4	3-cyt	DA0076	303	116	116.0	-0.13051	0.097528	0.90957	0.993261980830671	primary
T1D	gained_vs_control	FOX/4	Ex-4_HG	DA0077	250	92	92.0	-0.20019	0.11218	0.96283	0.993261980830671	primary
T1D	gained_vs_control	FOX/4	IFNg	DA0078	317	118	118.0	-0.0022983	0.094769	0.50967	0.9117429999999999	primary
T1D	gained_vs_control	FOX/4	dex	DA0079	298	113	113.0	-0.13147	0.099007	0.90788	0.993261980830671	primary
T1D	gained_vs_control	FOX/4	palmitate	DA0080	273	116	116.0	-0.10994	0.095837	0.87433	0.9913178169014085	primary
T1D	gained_vs_control	FOX/5	3-cyt	DA0081	735	334	334.0	-0.040102	0.058986	0.7517	0.9913178169014085	primary
T1D	gained_vs_control	FOX/5	Ex-4_HG	DA0082	863	417	417.0	-0.089634	0.054632	0.94956	0.993261980830671	primary
T1D	gained_vs_control	FOX/5	IFNg	DA0083	765	378	378.0	-0.045756	0.056064	0.79278	0.9913178169014085	primary
T1D	gained_vs_control	FOX/5	dex	DA0084	849	435	435.0	-0.058688	0.051272	0.87381	0.9913178169014085	primary
T1D	gained_vs_control	FOX/5	palmitate	DA0085	837	413	413.0	-0.044726	0.053852	0.79688	0.9913178169014085	primary
T1D	gained_vs_control	FOX/6	3-cyt	DA0086	248	121	121.0	-0.081528	0.099188	0.79444	0.9913178169014085	primary
T1D	gained_vs_control	FOX/6	Ex-4_HG	DA0087	261	127	127.0	-0.077813	0.093155	0.79822	0.9913178169014085	primary
T1D	gained_vs_control	FOX/6	IFNg	DA0088	261	134	134.0	-0.089981	0.092913	0.83358	0.9913178169014085	primary
T1D	gained_vs_control	FOX/6	dex	DA0089	255	130	130.0	-0.083434	0.095528	0.80877	0.9913178169014085	primary
T1D	gained_vs_control	FOX/6	palmitate	DA0090	291	147	147.0	-0.14611	0.08772	0.9521	0.993261980830671	primary
T1D	gained_vs_control	GATA	3-cyt	DA0091	0	0						insufficient
T1D	gained_vs_control	GATA	Ex-4_HG	DA0092	1	1						insufficient
T1D	gained_vs_control	GATA	IFNg	DA0093	0	0						insufficient
T1D	gained_vs_control	GATA	dex	DA0094	0	0						insufficient
T1D	gained_vs_control	GATA	palmitate	DA0095	0	0						insufficient
T1D	gained_vs_control	GC-tract	3-cyt	DA0096	879	582	582.0	-0.04404	0.04574	0.83218	0.9913178169014085	primary
T1D	gained_vs_control	GC-tract	Ex-4_HG	DA0097	1068	724	724.0	-0.017128	0.041342	0.66067	0.9574593991416309	primary
T1D	gained_vs_control	GC-tract	IFNg	DA0098	693	468	468.0	-0.064573	0.051527	0.89492	0.993261980830671	primary
T1D	gained_vs_control	GC-tract	dex	DA0099	1542	1043	1042.0	-0.03907	0.034697	0.86992	0.9913178169014085	primary
T1D	gained_vs_control	GC-tract	palmitate	DA0100	1335	921	921.0	0.00011457	0.036453	0.49875	0.9073305084745763	primary
T1D	gained_vs_control	GFI	3-cyt	DA0101	8	4	4.0	-0.49164	0.38836	0.89723	0.993261980830671	insufficient
T1D	gained_vs_control	GFI	Ex-4_HG	DA0102	8	4	4.0	0.0045432	0.66279	0.49727	0.9073305084745763	insufficient
T1D	gained_vs_control	GFI	IFNg	DA0103	6	4	4.0	-0.59383	0.42794	0.91737	0.993261980830671	insufficient
T1D	gained_vs_control	GFI	dex	DA0104	6	4	4.0	1.0271	0.55923	0.033141	0.2964278333333333	insufficient
T1D	gained_vs_control	GFI	palmitate	DA0105	9	5	5.0	-0.87262	0.44777	0.97433	0.9956541874999999	insufficient
T1D	gained_vs_control	GMEB2/2	3-cyt	DA0106	11	3	3.0	0.84369	0.63452	0.091826	0.45830400000000004	insufficient
T1D	gained_vs_control	GMEB2/2	Ex-4_HG	DA0107	15	8	8.0	-0.022203	0.34155	0.52591	0.914618494623656	insufficient
T1D	gained_vs_control	GMEB2/2	IFNg	DA0108	8	4	4.0	0.30146	0.54022	0.28841	0.82917875	insufficient
T1D	gained_vs_control	GMEB2/2	dex	DA0109	18	11	11.0	-0.34634	0.3063	0.8709	0.9913178169014085	exploratory
T1D	gained_vs_control	GMEB2/2	palmitate	DA0110	11	6	6.0	0.0068747	0.42925	0.49361	0.9073305084745763	insufficient
T1D	gained_vs_control	HAND1	3-cyt	DA0111	3	1						insufficient
T1D	gained_vs_control	HAND1	Ex-4_HG	DA0112	5	3	3.0	0.69806	0.62358	0.13148	0.5292070000000001	insufficient
T1D	gained_vs_control	HAND1	IFNg	DA0113	3	2	2.0	-0.12343	0.76997	0.56368	0.9341559798994975	insufficient
T1D	gained_vs_control	HAND1	dex	DA0114	0	0						insufficient
T1D	gained_vs_control	HAND1	palmitate	DA0115	5	4	4.0	0.1785	0.64049	0.39024	0.8559150303030303	insufficient
T1D	gained_vs_control	HD/10	3-cyt	DA0116	121	51	51.0	-0.27853	0.15316	0.9655	0.993261980830671	primary
T1D	gained_vs_control	HD/10	Ex-4_HG	DA0117	132	55	55.0	-0.32576	0.14444	0.98794	0.9956541874999999	primary
T1D	gained_vs_control	HD/10	IFNg	DA0118	175	79	79.0	0.013882	0.12403	0.45544	0.8720674556213018	primary
T1D	gained_vs_control	HD/10	dex	DA0119	167	75	75.0	-0.057375	0.12503	0.67683	0.9574593991416309	primary
T1D	gained_vs_control	HD/10	palmitate	DA0120	95	30	30.0	-0.33631	0.20055	0.95322	0.993261980830671	primary
T1D	gained_vs_control	HD/11	3-cyt	DA0121	54	18	18.0	-0.087833	0.2383	0.64378	0.9509044036697248	exploratory
T1D	gained_vs_control	HD/11	Ex-4_HG	DA0122	45	18	18.0	0.097176	0.25337	0.35066	0.8559150303030303	exploratory
T1D	gained_vs_control	HD/11	IFNg	DA0123	54	22	22.0	-0.15324	0.22468	0.75239	0.9913178169014085	exploratory
T1D	gained_vs_control	HD/11	dex	DA0124	24	6	6.0	-0.056913	0.37752	0.55991	0.9341503626943005	insufficient
T1D	gained_vs_control	HD/11	palmitate	DA0125	59	25	25.0	0.061694	0.20422	0.38129	0.8559150303030303	exploratory
T1D	gained_vs_control	HD/2	3-cyt	DA0126	22	10	10.0	-0.37838	0.31399	0.88591	0.993261980830671	exploratory
T1D	gained_vs_control	HD/2	Ex-4_HG	DA0127	34	11	11.0	0.43849	0.30845	0.077586	0.44291947368421053	exploratory
T1D	gained_vs_control	HD/2	IFNg	DA0128	12	8	8.0	-0.35948	0.38393	0.82544	0.9913178169014085	insufficient
T1D	gained_vs_control	HD/2	dex	DA0129	6	1						insufficient
T1D	gained_vs_control	HD/2	palmitate	DA0130	17	7	7.0	0.48297	0.4178	0.12385	0.5179181818181818	insufficient
T1D	gained_vs_control	HIC/1	3-cyt	DA0131	274	170	170.0	0.11062	0.083183	0.091788	0.45830400000000004	primary
T1D	gained_vs_control	HIC/1	Ex-4_HG	DA0132	206	117	117.0	-0.010987	0.10392	0.5421	0.923174	primary
T1D	gained_vs_control	HIC/1	IFNg	DA0133	290	177	177.0	0.011064	0.079946	0.44496	0.8631151807228915	primary
T1D	gained_vs_control	HIC/1	dex	DA0134	141	92	92.0	0.037195	0.11674	0.37501	0.8559150303030303	primary
T1D	gained_vs_control	HIC/1	palmitate	DA0135	212	148	148.0	0.11047	0.086627	0.10111	0.465106	primary
T1D	gained_vs_control	IRF/1	3-cyt	DA0136	77	37	37.0	0.16827	0.1848	0.18127	0.6459107692307693	primary
T1D	gained_vs_control	IRF/1	Ex-4_HG	DA0137	0	0						insufficient
T1D	gained_vs_control	IRF/1	IFNg	DA0138	67	34	34.0	0.21231	0.1986	0.14254	0.5597302439024391	primary
T1D	gained_vs_control	IRF/1	dex	DA0139	0	0						insufficient
T1D	gained_vs_control	IRF/1	palmitate	DA0140	5	5	5.0	-0.74602	0.50285	0.93103	0.993261980830671	insufficient
T1D	gained_vs_control	IRF/3	3-cyt	DA0141	273	194	194.0	0.20765	0.077169	0.0035674	0.12700324000000002	primary
T1D	gained_vs_control	IRF/3	Ex-4_HG	DA0142	197	139	139.0	-0.053562	0.090293	0.72347	0.9706555833333332	primary
T1D	gained_vs_control	IRF/3	IFNg	DA0143	180	129	129.0	0.028143	0.097325	0.38623	0.8559150303030303	primary
T1D	gained_vs_control	IRF/3	dex	DA0144	191	131	131.0	0.035674	0.094531	0.35295	0.8559150303030303	primary
T1D	gained_vs_control	IRF/3	palmitate	DA0145	303	218	218.0	-0.005162	0.073027	0.52818	0.914618494623656	primary
T1D	gained_vs_control	KAISO	3-cyt	DA0146	1672	1134	1133.0	0.05251	0.033151	0.056607	0.38389779166666665	primary
T1D	gained_vs_control	KAISO	Ex-4_HG	DA0147	1856	1268	1267.0	0.074748	0.031634	0.0090724	0.22471636923076924	primary
T1D	gained_vs_control	KAISO	IFNg	DA0148	2395	1614	1614.0	0.062753	0.028569	0.014035	0.2644128421052631	primary
T1D	gained_vs_control	KAISO	dex	DA0149	1839	1260	1260.0	0.054333	0.031483	0.042202	0.33972610000000003	primary
T1D	gained_vs_control	KAISO	palmitate	DA0150	1455	978	976.0	0.070727	0.035464	0.023067	0.2797352	primary
T1D	gained_vs_control	KLF/SP/1	3-cyt	DA0151	1409	877	877.0	0.042078	0.037443	0.13056	0.5292070000000001	primary
T1D	gained_vs_control	KLF/SP/1	Ex-4_HG	DA0152	1352	822	822.0	0.010195	0.038558	0.39574	0.8559150303030303	primary
T1D	gained_vs_control	KLF/SP/1	IFNg	DA0153	1143	701	701.0	0.019418	0.041102	0.31831	0.8559150303030303	primary
T1D	gained_vs_control	KLF/SP/1	dex	DA0154	2025	1226	1226.0	0.032483	0.03223	0.15677	0.5869760465116279	primary
T1D	gained_vs_control	KLF/SP/1	palmitate	DA0155	1656	1012	1012.0	0.068562	0.034881	0.024681	0.2797352	primary
T1D	gained_vs_control	KLF/SP/2	3-cyt	DA0156	2719	1823	1823.0	0.056627	0.02664	0.016772	0.27002919999999997	primary
T1D	gained_vs_control	KLF/SP/2	Ex-4_HG	DA0157	3419	2314	2314.0	0.0037508	0.02427	0.43859	0.8559150303030303	primary
T1D	gained_vs_control	KLF/SP/2	IFNg	DA0158	3792	2605	2604.0	-0.013099	0.023039	0.71517	0.9706555833333332	primary
T1D	gained_vs_control	KLF/SP/2	dex	DA0159	3166	2145	2144.0	0.047049	0.024928	0.029562	0.2797352	primary
T1D	gained_vs_control	KLF/SP/2	palmitate	DA0160	2617	1805	1805.0	0.050909	0.026839	0.028933	0.2797352	primary
T1D	gained_vs_control	MAF	3-cyt	DA0161	627	306	306.0	-0.020355	0.062282	0.6281	0.9500965258215963	primary
T1D	gained_vs_control	MAF	Ex-4_HG	DA0162	620	294	294.0	0.015677	0.060911	0.39844	0.8559150303030303	primary
T1D	gained_vs_control	MAF	IFNg	DA0163	557	258	258.0	-0.10767	0.065253	0.95052	0.993261980830671	primary
T1D	gained_vs_control	MAF	dex	DA0164	850	419	419.0	-0.025721	0.053366	0.68508	0.9574593991416309	primary
T1D	gained_vs_control	MAF	palmitate	DA0165	772	364	363.0	-0.079808	0.056214	0.92215	0.993261980830671	primary
T1D	gained_vs_control	MBD2	3-cyt	DA0166	2258	1534	1533.0	-0.0072901	0.029155	0.59872	0.9440254634146342	primary
T1D	gained_vs_control	MBD2	Ex-4_HG	DA0167	2243	1503	1502.0	0.037862	0.029249	0.097756	0.45830400000000004	primary
T1D	gained_vs_control	MBD2	IFNg	DA0168	2607	1785	1784.0	-0.0010669	0.027196	0.51565	0.9144446153846154	primary
T1D	gained_vs_control	MBD2	dex	DA0169	1959	1325	1324.0	0.044115	0.030901	0.076707	0.44291947368421053	primary
T1D	gained_vs_control	MBD2	palmitate	DA0170	1798	1243	1242.0	0.018875	0.031483	0.27442	0.8181781481481482	primary
T1D	gained_vs_control	NFAC/2	3-cyt	DA0171	2	1						insufficient
T1D	gained_vs_control	NFAC/2	Ex-4_HG	DA0172	7	4	4.0	0.83474	0.56697	0.07048	0.42819924528301884	insufficient
T1D	gained_vs_control	NFAC/2	IFNg	DA0173	1	0						insufficient
T1D	gained_vs_control	NFAC/2	dex	DA0174	4	2	2.0	0.93695	0.80599	0.12253	0.5179181818181818	insufficient
T1D	gained_vs_control	NFAC/2	palmitate	DA0175	6	1						insufficient
T1D	gained_vs_control	NFAT/3	3-cyt	DA0176	9	6	6.0	0.63294	0.40096	0.057227	0.38389779166666665	insufficient
T1D	gained_vs_control	NFAT/3	Ex-4_HG	DA0177	3	2	2.0	-0.22282	0.67969	0.62848	0.9500965258215963	insufficient
T1D	gained_vs_control	NFAT/3	IFNg	DA0178	5	1						insufficient
T1D	gained_vs_control	NFAT/3	dex	DA0179	0	0						insufficient
T1D	gained_vs_control	NFAT/3	palmitate	DA0180	6	3	3.0	-0.8609	0.50055	0.95727	0.993261980830671	insufficient
T1D	gained_vs_control	NFAT/4	3-cyt	DA0181	110	54	54.0	0.29387	0.14652	0.022454	0.2797352	primary
T1D	gained_vs_control	NFAT/4	Ex-4_HG	DA0182	84	44	44.0	-0.039587	0.16147	0.59683	0.9440254634146342	primary
T1D	gained_vs_control	NFAT/4	IFNg	DA0183	40	26	26.0	0.18547	0.21553	0.19475	0.667122340425532	exploratory
T1D	gained_vs_control	NFAT/4	dex	DA0184	129	71	71.0	-0.11582	0.12868	0.81594	0.9913178169014085	primary
T1D	gained_vs_control	NFAT/4	palmitate	DA0185	78	48	48.0	0.2396	0.15846	0.065272	0.4165859215686274	primary
T1D	gained_vs_control	NFY	3-cyt	DA0186	190	97	97.0	-0.088755	0.10833	0.79369	0.9913178169014085	primary
T1D	gained_vs_control	NFY	Ex-4_HG	DA0187	172	76	76.0	0.16907	0.12139	0.081847	0.45439196551724137	primary
T1D	gained_vs_control	NFY	IFNg	DA0188	137	65	65.0	0.20699	0.12856	0.053707	0.38389779166666665	primary
T1D	gained_vs_control	NFY	dex	DA0189	191	96	96.0	0.16193	0.10749	0.065981	0.4165859215686274	primary
T1D	gained_vs_control	NFY	palmitate	DA0190	171	77	77.0	0.025048	0.11625	0.4147	0.8559150303030303	primary
T1D	gained_vs_control	NR/1	3-cyt	DA0191	631	311	311.0	-0.13482	0.060644	0.98689	0.9956541874999999	primary
T1D	gained_vs_control	NR/1	Ex-4_HG	DA0192	412	207	207.0	-0.11775	0.074913	0.942	0.993261980830671	primary
T1D	gained_vs_control	NR/1	IFNg	DA0193	509	254	254.0	-0.076537	0.067806	0.87049	0.9913178169014085	primary
T1D	gained_vs_control	NR/1	dex	DA0194	378	188	188.0	-0.1544	0.078333	0.97564	0.9956541874999999	primary
T1D	gained_vs_control	NR/1	palmitate	DA0195	809	418	418.0	-0.089878	0.05307	0.95482	0.993261980830671	primary
T1D	gained_vs_control	NR/13	3-cyt	DA0196	4	0						insufficient
T1D	gained_vs_control	NR/13	Ex-4_HG	DA0197	5	2	2.0	-0.38187	0.81826	0.67963	0.9574593991416309	insufficient
T1D	gained_vs_control	NR/13	IFNg	DA0198	3	2	2.0	0.66585	0.69277	0.16824	0.6226813793103448	insufficient
T1D	gained_vs_control	NR/13	dex	DA0199	0	0						insufficient
T1D	gained_vs_control	NR/13	palmitate	DA0200	3	1						insufficient
T1D	gained_vs_control	NR/18	3-cyt	DA0201	91	41	41.0	0.20585	0.15934	0.098208	0.45830400000000004	primary
T1D	gained_vs_control	NR/18	Ex-4_HG	DA0202	98	43	43.0	-0.0065628	0.15526	0.51686	0.9144446153846154	primary
T1D	gained_vs_control	NR/18	IFNg	DA0203	116	59	59.0	0.078696	0.1406	0.28784	0.82917875	primary
T1D	gained_vs_control	NR/18	dex	DA0204	55	27	27.0	-0.082039	0.2035	0.65658	0.9566459728506789	exploratory
T1D	gained_vs_control	NR/18	palmitate	DA0205	88	42	42.0	0.026692	0.1606	0.434	0.8559150303030303	primary
T1D	gained_vs_control	NR/20	3-cyt	DA0206	22	10	10.0	0.05974	0.3549	0.43316	0.8559150303030303	exploratory
T1D	gained_vs_control	NR/20	Ex-4_HG	DA0207	29	11	11.0	-0.16417	0.32581	0.69282	0.9574593991416309	exploratory
T1D	gained_vs_control	NR/20	IFNg	DA0208	14	6	6.0	-0.51605	0.45716	0.8705	0.9913178169014085	insufficient
T1D	gained_vs_control	NR/20	dex	DA0209	505	237	237.0	0.0112	0.071788	0.43801	0.8559150303030303	primary
T1D	gained_vs_control	NR/20	palmitate	DA0210	11	3	3.0	0.077151	0.70968	0.45672	0.8720674556213018	insufficient
T1D	gained_vs_control	NR/4	3-cyt	DA0211	152	69	69.0	-0.024105	0.13051	0.57327	0.9341559798994975	primary
T1D	gained_vs_control	NR/4	Ex-4_HG	DA0212	142	74	74.0	-0.023674	0.12267	0.57652	0.9341559798994975	primary
T1D	gained_vs_control	NR/4	IFNg	DA0213	109	52	52.0	-0.040665	0.14742	0.60866	0.9468044444444444	primary
T1D	gained_vs_control	NR/4	dex	DA0214	101	48	48.0	-0.10287	0.1502	0.7533	0.9913178169014085	primary
T1D	gained_vs_control	NR/4	palmitate	DA0215	138	58	58.0	-0.11939	0.14279	0.79845	0.9913178169014085	primary
T1D	gained_vs_control	NRF1	3-cyt	DA0216	1895	1258	1257.0	0.029688	0.031443	0.17255	0.6313761363636364	primary
T1D	gained_vs_control	NRF1	Ex-4_HG	DA0217	2012	1340	1340.0	0.12048	0.030992	5.0837e-05	0.016369514	primary
T1D	gained_vs_control	NRF1	IFNg	DA0218	1988	1311	1310.0	0.085449	0.031334	0.0031983	0.12700324000000002	primary
T1D	gained_vs_control	NRF1	dex	DA0219	2620	1745	1745.0	0.080907	0.02773	0.0017655	0.09698639999999999	primary
T1D	gained_vs_control	NRF1	palmitate	DA0220	2075	1360	1359.0	0.099101	0.030948	0.00068326	0.07333657333333334	primary
T1D	gained_vs_control	OCT4+SOX2	3-cyt	DA0221	8	6	6.0	-0.96511	0.41832	0.98947	0.9956541874999999	insufficient
T1D	gained_vs_control	OCT4+SOX2	Ex-4_HG	DA0222	2	2	2.0	0.051049	0.96494	0.4789	0.9017883040935674	insufficient
T1D	gained_vs_control	OCT4+SOX2	IFNg	DA0223	3	2	2.0	-0.015255	0.88658	0.50686	0.9117429999999999	insufficient
T1D	gained_vs_control	OCT4+SOX2	dex	DA0224	7	3	3.0	1.1132	0.69688	0.055099	0.38389779166666665	insufficient
T1D	gained_vs_control	OCT4+SOX2	palmitate	DA0225	6	3	3.0	-0.12757	0.66245	0.57635	0.9341559798994975	insufficient
T1D	gained_vs_control	OSR2	3-cyt	DA0226	220	142	142.0	-0.032973	0.091885	0.64014	0.9502412903225805	primary
T1D	gained_vs_control	OSR2	Ex-4_HG	DA0227	58	35	35.0	-0.41187	0.1986	0.98095	0.9956541874999999	primary
T1D	gained_vs_control	OSR2	IFNg	DA0228	25	12	12.0	0.054308	0.32291	0.43322	0.8559150303030303	exploratory
T1D	gained_vs_control	OSR2	dex	DA0229	587	364	364.0	0.011919	0.058427	0.41918	0.8559150303030303	primary
T1D	gained_vs_control	OSR2	palmitate	DA0230	110	66	66.0	-0.35616	0.14311	0.99359	0.9966852959501556	primary
T1D	gained_vs_control	PAX/1	3-cyt	DA0231	124	57	57.0	-0.20681	0.14192	0.92746	0.993261980830671	primary
T1D	gained_vs_control	PAX/1	Ex-4_HG	DA0232	139	66	66.0	-0.059105	0.13399	0.67043	0.9574593991416309	primary
T1D	gained_vs_control	PAX/1	IFNg	DA0233	79	37	37.0	-0.083384	0.17056	0.68754	0.9574593991416309	primary
T1D	gained_vs_control	PAX/1	dex	DA0234	41	27	27.0	-0.014877	0.21492	0.52759	0.914618494623656	exploratory
T1D	gained_vs_control	PAX/1	palmitate	DA0235	153	76	76.0	0.058068	0.12146	0.31629	0.8559150303030303	primary
T1D	gained_vs_control	POU/1	3-cyt	DA0236	71	27	27.0	-0.14992	0.22211	0.75015	0.9913178169014085	exploratory
T1D	gained_vs_control	POU/1	Ex-4_HG	DA0237	78	35	35.0	-0.098796	0.17625	0.71244	0.9706555833333332	primary
T1D	gained_vs_control	POU/1	IFNg	DA0238	80	25	25.0	0.0073081	0.21296	0.48631	0.9073305084745763	exploratory
T1D	gained_vs_control	POU/1	dex	DA0239	103	39	39.0	-0.055568	0.17267	0.6262	0.9500965258215963	primary
T1D	gained_vs_control	POU/1	palmitate	DA0240	115	49	49.0	-0.2236	0.14354	0.94035	0.993261980830671	primary
T1D	gained_vs_control	POU/2	3-cyt	DA0241	22	7	7.0	0.29457	0.39453	0.22765	0.7404373737373736	insufficient
T1D	gained_vs_control	POU/2	Ex-4_HG	DA0242	19	8	8.0	-0.36557	0.37886	0.8327	0.9913178169014085	insufficient
T1D	gained_vs_control	POU/2	IFNg	DA0243	16	8	8.0	-0.27051	0.37227	0.76628	0.9913178169014085	insufficient
T1D	gained_vs_control	POU/2	dex	DA0244	13	5	5.0	-0.50192	0.55542	0.81691	0.9913178169014085	insufficient
T1D	gained_vs_control	POU/2	palmitate	DA0245	26	9	9.0	-0.27165	0.34441	0.78486	0.9913178169014085	insufficient
T1D	gained_vs_control	PRDM1	3-cyt	DA0246	1194	656	655.0	0.017037	0.043494	0.34764	0.8559150303030303	primary
T1D	gained_vs_control	PRDM1	Ex-4_HG	DA0247	109	61	61.0	-0.080155	0.14292	0.71254	0.9706555833333332	primary
T1D	gained_vs_control	PRDM1	IFNg	DA0248	866	482	481.0	0.07992	0.049635	0.053691	0.38389779166666665	primary
T1D	gained_vs_control	PRDM1	dex	DA0249	98	55	55.0	0.11874	0.15295	0.21879	0.7262925773195877	primary
T1D	gained_vs_control	PRDM1	palmitate	DA0250	207	127	127.0	0.032985	0.094827	0.36398	0.8559150303030303	primary
T1D	gained_vs_control	PRDM14	3-cyt	DA0251	49	26	26.0	0.56674	0.21137	0.0036708	0.12700324000000002	exploratory
T1D	gained_vs_control	PRDM14	Ex-4_HG	DA0252	39	15	15.0	-0.050873	0.26082	0.57732	0.9341559798994975	exploratory
T1D	gained_vs_control	PRDM14	IFNg	DA0253	49	20	20.0	0.52005	0.23587	0.013741	0.2644128421052631	exploratory
T1D	gained_vs_control	PRDM14	dex	DA0254	29	13	13.0	0.10994	0.29728	0.35576	0.8559150303030303	exploratory
T1D	gained_vs_control	PRDM14	palmitate	DA0255	47	23	23.0	0.53889	0.2279	0.0090315	0.22471636923076924	exploratory
T1D	gained_vs_control	REST/NRSF	3-cyt	DA0256	735	463	463.0	0.021057	0.050729	0.33904	0.8559150303030303	primary
T1D	gained_vs_control	REST/NRSF	Ex-4_HG	DA0257	526	345	345.0	0.025887	0.058551	0.3292	0.8559150303030303	primary
T1D	gained_vs_control	REST/NRSF	IFNg	DA0258	920	595	595.0	-0.0031816	0.044783	0.52832	0.914618494623656	primary
T1D	gained_vs_control	REST/NRSF	dex	DA0259	303	188	188.0	-0.037661	0.078584	0.68412	0.9574593991416309	primary
T1D	gained_vs_control	REST/NRSF	palmitate	DA0260	578	379	379.0	-0.01082	0.057096	0.57515	0.9341559798994975	primary
T1D	gained_vs_control	RFX/1	3-cyt	DA0261	1922	1287	1287.0	-0.023574	0.031378	0.77375	0.9913178169014085	primary
T1D	gained_vs_control	RFX/1	Ex-4_HG	DA0262	2169	1412	1411.0	0.015705	0.030199	0.30151	0.8405310344827587	primary
T1D	gained_vs_control	RFX/1	IFNg	DA0263	1946	1287	1287.0	0.00038352	0.031111	0.49508	0.9073305084745763	primary
T1D	gained_vs_control	RFX/1	dex	DA0264	2630	1760	1759.0	0.021155	0.027021	0.21684	0.7262925773195877	primary
T1D	gained_vs_control	RFX/1	palmitate	DA0265	2107	1374	1373.0	-0.0037223	0.029956	0.54944	0.9254984374999999	primary
T1D	gained_vs_control	RFX/2	3-cyt	DA0266	785	452	451.0	0.11836	0.051012	0.010168	0.23386400000000002	primary
T1D	gained_vs_control	RFX/2	Ex-4_HG	DA0267	607	361	361.0	0.17137	0.05888	0.0018072	0.09698639999999999	primary
T1D	gained_vs_control	RFX/2	IFNg	DA0268	630	355	355.0	0.010383	0.058292	0.42931	0.8559150303030303	primary
T1D	gained_vs_control	RFX/2	dex	DA0269	847	515	514.0	0.018582	0.049652	0.35411	0.8559150303030303	primary
T1D	gained_vs_control	RFX/2	palmitate	DA0270	609	361	361.0	0.10368	0.05788	0.036629	0.3119332631578947	primary
T1D	gained_vs_control	RFX/3	3-cyt	DA0271	413	237	237.0	-0.12143	0.069586	0.9595	0.993261980830671	primary
T1D	gained_vs_control	RFX/3	Ex-4_HG	DA0272	193	108	108.0	-0.29803	0.099156	0.99867	0.99867	primary
T1D	gained_vs_control	RFX/3	IFNg	DA0273	228	91	91.0	-0.11118	0.10621	0.85239	0.9913178169014085	primary
T1D	gained_vs_control	RFX/3	dex	DA0274	1275	735	735.0	-0.047238	0.039932	0.88158	0.9925481118881119	primary
T1D	gained_vs_control	RFX/3	palmitate	DA0275	393	217	217.0	-0.043431	0.074072	0.72117	0.9706555833333332	primary
T1D	gained_vs_control	SCRT1	3-cyt	DA0276	3	2	2.0	1.0188	0.89775	0.12823	0.5292070000000001	insufficient
T1D	gained_vs_control	SCRT1	Ex-4_HG	DA0277	6	2	2.0	-0.73102	0.53154	0.91547	0.993261980830671	insufficient
T1D	gained_vs_control	SCRT1	IFNg	DA0278	9	4	4.0	0.10292	0.48354	0.41573	0.8559150303030303	insufficient
T1D	gained_vs_control	SCRT1	dex	DA0279	1	1						insufficient
T1D	gained_vs_control	SCRT1	palmitate	DA0280	8	2	2.0	-1.6133	1.0548	0.93691	0.993261980830671	insufficient
T1D	gained_vs_control	SMAD	3-cyt	DA0281	534	257	257.0	0.14705	0.067746	0.014989	0.2644128421052631	primary
T1D	gained_vs_control	SMAD	Ex-4_HG	DA0282	540	254	254.0	0.019691	0.068644	0.38711	0.8559150303030303	primary
T1D	gained_vs_control	SMAD	IFNg	DA0283	354	153	153.0	-0.022231	0.086854	0.60101	0.9440254634146342	primary
T1D	gained_vs_control	SMAD	dex	DA0284	1325	724	724.0	-0.0045842	0.041219	0.54428	0.923174	primary
T1D	gained_vs_control	SMAD	palmitate	DA0285	690	324	324.0	0.083315	0.060647	0.084765	0.45830400000000004	primary
T1D	gained_vs_control	SNAI2	3-cyt	DA0286	4	2	2.0	-0.37935	0.79365	0.68367	0.9574593991416309	insufficient
T1D	gained_vs_control	SNAI2	Ex-4_HG	DA0287	0	0						insufficient
T1D	gained_vs_control	SNAI2	IFNg	DA0288	0	0						insufficient
T1D	gained_vs_control	SNAI2	dex	DA0289	3	1						insufficient
T1D	gained_vs_control	SNAI2	palmitate	DA0290	0	0						insufficient
T1D	gained_vs_control	SOX/8	3-cyt	DA0291	19	10	10.0	-0.076997	0.33827	0.59003	0.9440254634146342	exploratory
T1D	gained_vs_control	SOX/8	Ex-4_HG	DA0292	23	12	12.0	-0.37782	0.3516	0.85871	0.9913178169014085	exploratory
T1D	gained_vs_control	SOX/8	IFNg	DA0293	9	7	7.0	0.24459	0.43636	0.28757	0.82917875	insufficient
T1D	gained_vs_control	SOX/8	dex	DA0294	2	0						insufficient
T1D	gained_vs_control	SOX/8	palmitate	DA0295	17	14	14.0	-0.20631	0.27549	0.77303	0.9913178169014085	exploratory
T1D	gained_vs_control	TFAP2/2	3-cyt	DA0296	202	138	138.0	0.016035	0.091939	0.43077	0.8559150303030303	primary
T1D	gained_vs_control	TFAP2/2	Ex-4_HG	DA0297	195	143	143.0	-0.032219	0.094578	0.63332	0.9502412903225805	primary
T1D	gained_vs_control	TFAP2/2	IFNg	DA0298	169	121	121.0	0.10491	0.10072	0.14882	0.5672124705882353	primary
T1D	gained_vs_control	TFAP2/2	dex	DA0299	241	163	163.0	0.045146	0.08736	0.30266	0.8405310344827587	primary
T1D	gained_vs_control	TFAP2/2	palmitate	DA0300	214	156	156.0	0.18606	0.092562	0.022218	0.2797352	primary
T1D	gained_vs_control	YY1	3-cyt	DA0301	766	473	473.0	0.094132	0.050204	0.030406	0.2797352	primary
T1D	gained_vs_control	YY1	Ex-4_HG	DA0302	669	413	413.0	0.09404	0.054082	0.041041	0.33885133333333334	primary
T1D	gained_vs_control	YY1	IFNg	DA0303	400	250	250.0	0.17576	0.066147	0.0039442	0.12700324000000002	primary
T1D	gained_vs_control	YY1	dex	DA0304	700	440	440.0	0.099956	0.052812	0.029209	0.2797352	primary
T1D	gained_vs_control	YY1	palmitate	DA0305	986	640	639.0	0.045341	0.043698	0.14973	0.5672124705882353	primary
T1D	gained_vs_control	ZBTB14	3-cyt	DA0306	1617	1058	1057.0	0.045397	0.034378	0.093339	0.45830400000000004	primary
T1D	gained_vs_control	ZBTB14	Ex-4_HG	DA0307	1818	1186	1185.0	0.029074	0.032521	0.18566	0.64981	primary
T1D	gained_vs_control	ZBTB14	IFNg	DA0308	1773	1204	1203.0	-0.0036279	0.032288	0.54473	0.923174	primary
T1D	gained_vs_control	ZBTB14	dex	DA0309	2655	1796	1795.0	-0.010466	0.027229	0.64964	0.9551784474885845	primary
T1D	gained_vs_control	ZBTB14	palmitate	DA0310	1941	1296	1295.0	0.0072614	0.031701	0.40941	0.8559150303030303	primary
T1D	gained_vs_control	ZIC/2	3-cyt	DA0311	304	203	203.0	0.051792	0.07535	0.24593	0.768829708737864	primary
T1D	gained_vs_control	ZIC/2	Ex-4_HG	DA0312	251	163	163.0	0.09438	0.085242	0.13411	0.5331286419753087	primary
T1D	gained_vs_control	ZIC/2	IFNg	DA0313	144	97	97.0	0.22765	0.10827	0.017754	0.27222799999999997	primary
T1D	gained_vs_control	ZIC/2	dex	DA0314	220	149	149.0	0.14107	0.089314	0.057124	0.38389779166666665	primary
T1D	gained_vs_control	ZIC/2	palmitate	DA0315	200	137	137.0	0.017719	0.092077	0.4237	0.8559150303030303	primary
T1D	gained_vs_control	ZNF136	3-cyt	DA0316	14	12	12.0	0.39098	0.31663	0.10845	0.48000054794520547	exploratory
T1D	gained_vs_control	ZNF136	Ex-4_HG	DA0317	15	11	11.0	-0.18363	0.36668	0.69174	0.9574593991416309	exploratory
T1D	gained_vs_control	ZNF136	IFNg	DA0318	18	13	13.0	-0.34912	0.35966	0.83414	0.9913178169014085	exploratory
T1D	gained_vs_control	ZNF136	dex	DA0319	20	13	13.0	-0.47742	0.33323	0.92402	0.993261980830671	exploratory
T1D	gained_vs_control	ZNF136	palmitate	DA0320	14	11	11.0	0.24693	0.35898	0.24577	0.768829708737864	exploratory
T1D	gained_vs_control	ZNF143	3-cyt	DA0321	123	75	75.0	0.079035	0.12395	0.26186	0.8030373333333333	primary
T1D	gained_vs_control	ZNF143	Ex-4_HG	DA0322	112	73	73.0	0.033571	0.12251	0.39203	0.8559150303030303	primary
T1D	gained_vs_control	ZNF143	IFNg	DA0323	32	23	23.0	-0.059184	0.20039	0.61613	0.9500965258215963	exploratory
T1D	gained_vs_control	ZNF143	dex	DA0324	136	96	96.0	0.08532	0.10795	0.21466	0.7262925773195877	primary
T1D	gained_vs_control	ZNF143	palmitate	DA0325	135	99	99.0	0.073451	0.1211	0.27209	0.8181781481481482	primary
T1D	gained_vs_control	ZNF28	3-cyt	DA0326	11	3	3.0	-0.088574	0.67961	0.55185	0.9254984374999999	insufficient
T1D	gained_vs_control	ZNF28	Ex-4_HG	DA0327	10	3	3.0	-0.94834	0.68867	0.91574	0.993261980830671	insufficient
T1D	gained_vs_control	ZNF28	IFNg	DA0328	7	2	2.0	0.073487	0.84814	0.46548	0.8816738823529411	insufficient
T1D	gained_vs_control	ZNF28	dex	DA0329	3	2	2.0	0.49848	0.54684	0.18101	0.6459107692307693	insufficient
T1D	gained_vs_control	ZNF28	palmitate	DA0330	11	5	5.0	0.13528	0.43749	0.37858	0.8559150303030303	insufficient
T1D	gained_vs_control	ZNF317	3-cyt	DA0331	36	9	9.0	0.26845	0.36481	0.23091	0.7435302	insufficient
T1D	gained_vs_control	ZNF317	Ex-4_HG	DA0332	34	11	11.0	0.43522	0.34532	0.10378	0.4706642253521127	exploratory
T1D	gained_vs_control	ZNF317	IFNg	DA0333	41	14	14.0	-0.1668	0.28597	0.72014	0.9706555833333332	exploratory
T1D	gained_vs_control	ZNF317	dex	DA0334	107	54	54.0	-0.2168	0.16068	0.91136	0.993261980830671	primary
T1D	gained_vs_control	ZNF317	palmitate	DA0335	38	13	13.0	-0.16143	0.32061	0.69269	0.9574593991416309	exploratory
T1D	gained_vs_control	ZNF331	3-cyt	DA0336	179	94	93.0	-0.18537	0.11083	0.95279	0.993261980830671	primary
T1D	gained_vs_control	ZNF331	Ex-4_HG	DA0337	176	79	79.0	-0.081127	0.11766	0.75474	0.9913178169014085	primary
T1D	gained_vs_control	ZNF331	IFNg	DA0338	130	61	61.0	-0.012864	0.1359	0.53771	0.923174	primary
T1D	gained_vs_control	ZNF331	dex	DA0339	337	194	193.0	-0.16745	0.078325	0.98373	0.9956541874999999	primary
T1D	gained_vs_control	ZNF331	palmitate	DA0340	215	112	112.0	0.023982	0.10179	0.40687	0.8559150303030303	primary
T1D	gained_vs_control	ZNF335	3-cyt	DA0341	29	13	13.0	0.089885	0.28907	0.37793	0.8559150303030303	exploratory
T1D	gained_vs_control	ZNF335	Ex-4_HG	DA0342	26	16	16.0	-0.096433	0.26825	0.64038	0.9502412903225805	exploratory
T1D	gained_vs_control	ZNF335	IFNg	DA0343	25	10	10.0	0.36017	0.3415	0.1458	0.5656337349397591	exploratory
T1D	gained_vs_control	ZNF335	dex	DA0344	37	14	14.0	0.080171	0.28936	0.39087	0.8559150303030303	exploratory
T1D	gained_vs_control	ZNF335	palmitate	DA0345	25	12	12.0	0.35201	0.3031	0.12275	0.5179181818181818	exploratory
T1D	gained_vs_control	ZNF436	3-cyt	DA0346	56	31	31.0	0.36974	0.1958	0.0295	0.2797352	primary
T1D	gained_vs_control	ZNF436	Ex-4_HG	DA0347	47	32	32.0	-0.098777	0.18247	0.70586	0.9706555833333332	primary
T1D	gained_vs_control	ZNF436	IFNg	DA0348	42	26	26.0	0.083283	0.21532	0.34946	0.8559150303030303	exploratory
T1D	gained_vs_control	ZNF436	dex	DA0349	41	24	24.0	-0.077475	0.22101	0.63703	0.9502412903225805	exploratory
T1D	gained_vs_control	ZNF436	palmitate	DA0350	59	41	41.0	0.099852	0.16545	0.27309	0.8181781481481482	primary
T1D	gained_vs_control	ZNF563	3-cyt	DA0351	66	41	41.0	-0.0014976	0.15962	0.50374	0.91126	primary
T1D	gained_vs_control	ZNF563	Ex-4_HG	DA0352	50	31	31.0	-0.051629	0.19538	0.6042	0.9444291262135921	primary
T1D	gained_vs_control	ZNF563	IFNg	DA0353	85	57	57.0	0.0029774	0.14335	0.49171	0.9073305084745763	primary
T1D	gained_vs_control	ZNF563	dex	DA0354	14	11	11.0	0.36227	0.26988	0.089751	0.45830400000000004	exploratory
T1D	gained_vs_control	ZNF563	palmitate	DA0355	88	59	59.0	-0.11597	0.14165	0.79353	0.9913178169014085	primary
T1D	gained_vs_control	ZNF708	3-cyt	DA0356	0	0						insufficient
T1D	gained_vs_control	ZNF708	Ex-4_HG	DA0357	0	0						insufficient
T1D	gained_vs_control	ZNF708	IFNg	DA0358	1	0						insufficient
T1D	gained_vs_control	ZNF708	dex	DA0359	0	0						insufficient
T1D	gained_vs_control	ZNF708	palmitate	DA0360	0	0						insufficient
T2D Suzuki 2024	gained_vs_control	AP1/1	3-cyt	DA0001	240	114	112.0	-0.036866	0.12872	0.61271	0.7366288764044944	primary
T2D Suzuki 2024	gained_vs_control	AP1/1	Ex-4_HG	DA0002	230	122	121.0	-0.080974	0.12267	0.7454	0.8267188965517241	primary
T2D Suzuki 2024	gained_vs_control	AP1/1	IFNg	DA0003	199	112	108.0	0.19471	0.1249	0.059512	0.19103352	primary
T2D Suzuki 2024	gained_vs_control	AP1/1	dex	DA0004	113	61	60.0	0.17346	0.17667	0.1631	0.3421901960784314	primary
T2D Suzuki 2024	gained_vs_control	AP1/1	palmitate	DA0005	702	377	365.0	0.069696	0.071814	0.1659	0.3458045454545454	primary
T2D Suzuki 2024	gained_vs_control	AP1/2	3-cyt	DA0006	238	121	119.0	0.06113	0.12384	0.31079	0.4938791584158416	primary
T2D Suzuki 2024	gained_vs_control	AP1/2	Ex-4_HG	DA0007	252	131	128.0	-0.087944	0.12177	0.76492	0.8408880821917808	primary
T2D Suzuki 2024	gained_vs_control	AP1/2	IFNg	DA0008	149	70	69.0	-0.08759	0.15908	0.70905	0.8042581272084804	primary
T2D Suzuki 2024	gained_vs_control	AP1/2	dex	DA0009	175	103	103.0	0.087925	0.1327	0.25379	0.43333292553191494	primary
T2D Suzuki 2024	gained_vs_control	AP1/2	palmitate	DA0010	400	202	196.0	-0.025832	0.099262	0.60266	0.7300145660377358	primary
T2D Suzuki 2024	gained_vs_control	BCL6/1	3-cyt	DA0011	16	13	13.0	-0.03962	0.3716	0.54245	0.6993030120481928	exploratory
T2D Suzuki 2024	gained_vs_control	BCL6/1	Ex-4_HG	DA0012	16	13	12.0	0.056807	0.37041	0.43906	0.612775043478261	exploratory
T2D Suzuki 2024	gained_vs_control	BCL6/1	IFNg	DA0013	9	7	7.0	0.53909	0.50814	0.14437	0.32182479166666667	insufficient
T2D Suzuki 2024	gained_vs_control	BCL6/1	dex	DA0014	11	9	8.0	0.12434	0.44924	0.39098	0.5730802739726027	insufficient
T2D Suzuki 2024	gained_vs_control	BCL6/1	palmitate	DA0015	15	11	11.0	0.11123	0.37897	0.38457	0.5688800460829494	exploratory
T2D Suzuki 2024	gained_vs_control	CCAAT/CEBP	3-cyt	DA0016	21	8	8.0	0.80275	0.57066	0.079766	0.22460426315789475	insufficient
T2D Suzuki 2024	gained_vs_control	CCAAT/CEBP	Ex-4_HG	DA0017	41	19	19.0	0.10211	0.41088	0.40187	0.5807221076233184	exploratory
T2D Suzuki 2024	gained_vs_control	CCAAT/CEBP	IFNg	DA0018	3	3	3.0	-0.96414	1.1994	0.78925	0.8530277777777778	insufficient
T2D Suzuki 2024	gained_vs_control	CCAAT/CEBP	dex	DA0019	51	26	25.0	0.49551	0.28725	0.042271	0.14748903260869567	exploratory
T2D Suzuki 2024	gained_vs_control	CCAAT/CEBP	palmitate	DA0020	12	5	5.0	-0.55972	0.66129	0.80133	0.8561635215946843	insufficient
T2D Suzuki 2024	gained_vs_control	CPEB1	3-cyt	DA0021	0	0						insufficient
T2D Suzuki 2024	gained_vs_control	CPEB1	Ex-4_HG	DA0022	0	0						insufficient
T2D Suzuki 2024	gained_vs_control	CPEB1	IFNg	DA0023	3	0						insufficient
T2D Suzuki 2024	gained_vs_control	CPEB1	dex	DA0024	0	0						insufficient
T2D Suzuki 2024	gained_vs_control	CPEB1	palmitate	DA0025	0	0						insufficient
T2D Suzuki 2024	gained_vs_control	CREB/ATF/1	3-cyt	DA0026	462	292	285.0	0.22167	0.082778	0.0037078	0.022888534615384613	primary
T2D Suzuki 2024	gained_vs_control	CREB/ATF/1	Ex-4_HG	DA0027	514	319	306.0	0.26082	0.077631	0.00039105	0.003303343421052632	primary
T2D Suzuki 2024	gained_vs_control	CREB/ATF/1	IFNg	DA0028	592	365	354.0	0.25785	0.071703	0.00016199	0.0015757209090909092	primary
T2D Suzuki 2024	gained_vs_control	CREB/ATF/1	dex	DA0029	444	279	270.0	0.25917	0.083404	0.00094542	0.007225710000000001	primary
T2D Suzuki 2024	gained_vs_control	CREB/ATF/1	palmitate	DA0030	437	282	275.0	0.24163	0.083933	0.0019986	0.013946752173913045	primary
T2D Suzuki 2024	gained_vs_control	CREB/ATF/2	3-cyt	DA0031	282	162	154.0	0.0035881	0.11714	0.48778	0.65240575	primary
T2D Suzuki 2024	gained_vs_control	CREB/ATF/2	Ex-4_HG	DA0032	258	156	153.0	0.0046304	0.11279	0.48363	0.6495616317991632	primary
T2D Suzuki 2024	gained_vs_control	CREB/ATF/2	IFNg	DA0033	193	111	107.0	0.16672	0.13551	0.10929	0.274078828125	primary
T2D Suzuki 2024	gained_vs_control	CREB/ATF/2	dex	DA0034	277	151	146.0	0.035401	0.11938	0.38341	0.5688800460829494	primary
T2D Suzuki 2024	gained_vs_control	CREB/ATF/2	palmitate	DA0035	180	108	105.0	0.17671	0.13745	0.099289	0.25703039516129034	primary
T2D Suzuki 2024	gained_vs_control	CTCF	3-cyt	DA0036	2328	1543	1492.0	0.10244	0.03781	0.0033755	0.021245794117647057	primary
T2D Suzuki 2024	gained_vs_control	CTCF	Ex-4_HG	DA0037	2536	1720	1668.0	0.12465	0.036046	0.00027275	0.0024320208333333333	primary
T2D Suzuki 2024	gained_vs_control	CTCF	IFNg	DA0038	1764	1199	1171.0	0.1055	0.042547	0.0065828	0.034081916129032254	primary
T2D Suzuki 2024	gained_vs_control	CTCF	dex	DA0039	3234	2174	2117.0	0.15208	0.032623	1.5815e-06	3.6261535714285714e-05	primary
T2D Suzuki 2024	gained_vs_control	CTCF	palmitate	DA0040	2856	1894	1839.0	0.15364	0.034921	5.4571e-06	0.00010304288823529411	primary
T2D Suzuki 2024	gained_vs_control	CUX/4	3-cyt	DA0041	2	0						insufficient
T2D Suzuki 2024	gained_vs_control	CUX/4	Ex-4_HG	DA0042	2	1						insufficient
T2D Suzuki 2024	gained_vs_control	CUX/4	IFNg	DA0043	1	1						insufficient
T2D Suzuki 2024	gained_vs_control	CUX/4	dex	DA0044	2	2	2.0	-1.9356	0.99296	0.97436	0.9866547634069401	insufficient
T2D Suzuki 2024	gained_vs_control	CUX/4	palmitate	DA0045	3	1						insufficient
T2D Suzuki 2024	gained_vs_control	E2F/3	3-cyt	DA0046	347	207	197.0	0.098095	0.099454	0.16199	0.34209730263157895	primary
T2D Suzuki 2024	gained_vs_control	E2F/3	Ex-4_HG	DA0047	409	232	226.0	0.19701	0.092771	0.016859	0.07215652	primary
T2D Suzuki 2024	gained_vs_control	E2F/3	IFNg	DA0048	356	209	205.0	0.10279	0.098504	0.14836	0.3284383448275862	primary
T2D Suzuki 2024	gained_vs_control	E2F/3	dex	DA0049	313	181	172.0	0.10682	0.10515	0.15484	0.3337322818791946	primary
T2D Suzuki 2024	gained_vs_control	E2F/3	palmitate	DA0050	380	232	224.0	0.13505	0.092597	0.07236	0.21309688073394492	primary
T2D Suzuki 2024	gained_vs_control	ETS/1	3-cyt	DA0051	3953	2545	2480.0	0.1591	0.030055	6.0718e-08	2.784354e-06	primary
T2D Suzuki 2024	gained_vs_control	ETS/1	Ex-4_HG	DA0052	3792	2478	2407.0	0.17604	0.030666	4.807e-09	3.8576175e-07	primary
T2D Suzuki 2024	gained_vs_control	ETS/1	IFNg	DA0053	3744	2398	2347.0	0.13463	0.030764	6.074e-06	0.00010831966666666666	primary
T2D Suzuki 2024	gained_vs_control	ETS/1	dex	DA0054	3217	2045	1999.0	0.13862	0.03293	1.2873e-05	0.00017966230434782608	primary
T2D Suzuki 2024	gained_vs_control	ETS/1	palmitate	DA0055	3406	2199	2140.0	0.15056	0.032191	1.4669e-06	3.6261535714285714e-05	primary
T2D Suzuki 2024	gained_vs_control	ETS/2	3-cyt	DA0056	440	283	278.0	0.11069	0.083344	0.092089	0.247755825	primary
T2D Suzuki 2024	gained_vs_control	ETS/2	Ex-4_HG	DA0057	450	283	277.0	0.065973	0.085624	0.22051	0.40680293103448273	primary
T2D Suzuki 2024	gained_vs_control	ETS/2	IFNg	DA0058	451	304	294.0	0.04328	0.082826	0.30065	0.48014253731343276	primary
T2D Suzuki 2024	gained_vs_control	ETS/2	dex	DA0059	297	197	194.0	0.085822	0.10052	0.19663	0.38023030120481927	primary
T2D Suzuki 2024	gained_vs_control	ETS/2	palmitate	DA0060	439	278	273.0	0.093231	0.086211	0.13976	0.31817702127659575	primary
T2D Suzuki 2024	gained_vs_control	Ebox/CACGTG/1	3-cyt	DA0061	527	297	288.0	0.094852	0.081747	0.12297	0.2935128888888889	primary
T2D Suzuki 2024	gained_vs_control	Ebox/CACGTG/1	Ex-4_HG	DA0062	976	568	557.0	0.15241	0.059578	0.0052672	0.029662652631578947	primary
T2D Suzuki 2024	gained_vs_control	Ebox/CACGTG/1	IFNg	DA0063	364	196	193.0	0.14054	0.097931	0.075636	0.22071959999999996	primary
T2D Suzuki 2024	gained_vs_control	Ebox/CACGTG/1	dex	DA0064	616	374	365.0	0.11379	0.072655	0.05867	0.19030760606060607	primary
T2D Suzuki 2024	gained_vs_control	Ebox/CACGTG/1	palmitate	DA0065	684	387	374.0	0.17079	0.073596	0.010162	0.05018464615384615	primary
T2D Suzuki 2024	gained_vs_control	Ebox/CAGATGG	3-cyt	DA0066	805	475	464.0	0.01765	0.064902	0.39283	0.5731746818181819	primary
T2D Suzuki 2024	gained_vs_control	Ebox/CAGATGG	Ex-4_HG	DA0067	941	560	545.0	0.074919	0.059655	0.10459	0.26858712	primary
T2D Suzuki 2024	gained_vs_control	Ebox/CAGATGG	IFNg	DA0068	509	289	279.0	-0.046221	0.079973	0.71835	0.806765034965035	primary
T2D Suzuki 2024	gained_vs_control	Ebox/CAGATGG	dex	DA0069	1286	795	781.0	0.08903	0.050661	0.039437	0.14065863333333334	primary
T2D Suzuki 2024	gained_vs_control	Ebox/CAGATGG	palmitate	DA0070	855	506	494.0	0.080861	0.06198	0.09602	0.2526427868852459	primary
T2D Suzuki 2024	gained_vs_control	Ebox/CATATG	3-cyt	DA0071	18	7	7.0	0.40418	0.55475	0.23314	0.413770773480663	insufficient
T2D Suzuki 2024	gained_vs_control	Ebox/CATATG	Ex-4_HG	DA0072	18	6	6.0	-0.077623	0.53873	0.55728	0.6994302723735408	insufficient
T2D Suzuki 2024	gained_vs_control	Ebox/CATATG	IFNg	DA0073	12	2	2.0	0.48319	0.86656	0.28856	0.47259061224489796	insufficient
T2D Suzuki 2024	gained_vs_control	Ebox/CATATG	dex	DA0074	11	4	4.0	0.1524	0.82788	0.42697	0.6037769603524229	insufficient
T2D Suzuki 2024	gained_vs_control	Ebox/CATATG	palmitate	DA0075	10	4	4.0	0.03823	0.87623	0.4826	0.6495616317991632	insufficient
T2D Suzuki 2024	gained_vs_control	FOX/4	3-cyt	DA0076	303	116	114.0	0.085309	0.13064	0.25687	0.43521279792746115	primary
T2D Suzuki 2024	gained_vs_control	FOX/4	Ex-4_HG	DA0077	250	92	92.0	0.19283	0.14555	0.092619	0.247755825	primary
T2D Suzuki 2024	gained_vs_control	FOX/4	IFNg	DA0078	317	118	118.0	0.043591	0.12299	0.36152	0.5526091428571429	primary
T2D Suzuki 2024	gained_vs_control	FOX/4	dex	DA0079	298	113	111.0	0.10008	0.13515	0.22951	0.413770773480663	primary
T2D Suzuki 2024	gained_vs_control	FOX/4	palmitate	DA0080	273	116	114.0	0.034828	0.1255	0.39069	0.5730802739726027	primary
T2D Suzuki 2024	gained_vs_control	FOX/5	3-cyt	DA0081	735	334	326.0	0.15261	0.078178	0.02547	0.1034920253164557	primary
T2D Suzuki 2024	gained_vs_control	FOX/5	Ex-4_HG	DA0082	863	417	408.0	-0.027688	0.071667	0.65038	0.7618593140794223	primary
T2D Suzuki 2024	gained_vs_control	FOX/5	IFNg	DA0083	765	378	366.0	0.038842	0.072968	0.29725	0.47944559999999997	primary
T2D Suzuki 2024	gained_vs_control	FOX/5	dex	DA0084	849	435	424.0	-0.012776	0.070272	0.57213	0.704146091954023	primary
T2D Suzuki 2024	gained_vs_control	FOX/5	palmitate	DA0085	837	413	399.0	-0.017968	0.07297	0.59725	0.7262017045454545	primary
T2D Suzuki 2024	gained_vs_control	FOX/6	3-cyt	DA0086	248	121	119.0	0.1977	0.12823	0.061575	0.19378014705882352	primary
T2D Suzuki 2024	gained_vs_control	FOX/6	Ex-4_HG	DA0087	261	127	124.0	0.19924	0.12549	0.056192	0.18595496907216494	primary
T2D Suzuki 2024	gained_vs_control	FOX/6	IFNg	DA0088	261	134	132.0	0.12338	0.1212	0.15435	0.3337322818791946	primary
T2D Suzuki 2024	gained_vs_control	FOX/6	dex	DA0089	255	130	127.0	0.12067	0.12162	0.16057	0.34209730263157895	primary
T2D Suzuki 2024	gained_vs_control	FOX/6	palmitate	DA0090	291	147	144.0	0.15562	0.11861	0.094752	0.25136687603305785	primary
T2D Suzuki 2024	gained_vs_control	GATA	3-cyt	DA0091	0	0						insufficient
T2D Suzuki 2024	gained_vs_control	GATA	Ex-4_HG	DA0092	1	1						insufficient
T2D Suzuki 2024	gained_vs_control	GATA	IFNg	DA0093	0	0						insufficient
T2D Suzuki 2024	gained_vs_control	GATA	dex	DA0094	0	0						insufficient
T2D Suzuki 2024	gained_vs_control	GATA	palmitate	DA0095	0	0						insufficient
T2D Suzuki 2024	gained_vs_control	GC-tract	3-cyt	DA0096	879	582	563.0	0.18761	0.059579	0.00082109	0.006589247250000001	primary
T2D Suzuki 2024	gained_vs_control	GC-tract	Ex-4_HG	DA0097	1068	724	710.0	0.22955	0.052927	7.2652e-06	0.00011660646	primary
T2D Suzuki 2024	gained_vs_control	GC-tract	IFNg	DA0098	693	468	450.0	0.11018	0.067338	0.050908	0.170223625	primary
T2D Suzuki 2024	gained_vs_control	GC-tract	dex	DA0099	1542	1043	1014.0	0.18752	0.045198	1.6801e-05	0.000224713375	primary
T2D Suzuki 2024	gained_vs_control	GC-tract	palmitate	DA0100	1335	921	898.0	0.22754	0.047581	8.7534e-07	2.554401272727273e-05	primary
T2D Suzuki 2024	gained_vs_control	GFI	3-cyt	DA0101	8	4	4.0	-0.64761	0.73096	0.81218	0.8632774172185431	insufficient
T2D Suzuki 2024	gained_vs_control	GFI	Ex-4_HG	DA0102	8	4	4.0	0.72611	0.80486	0.18349	0.363582037037037	insufficient
T2D Suzuki 2024	gained_vs_control	GFI	IFNg	DA0103	6	4	4.0	-0.64397	0.76796	0.79913	0.8561635215946843	insufficient
T2D Suzuki 2024	gained_vs_control	GFI	dex	DA0104	6	4	4.0	0.67405	0.80924	0.20245	0.3891404191616766	insufficient
T2D Suzuki 2024	gained_vs_control	GFI	palmitate	DA0105	9	5	5.0	-0.10839	0.71814	0.55998	0.6994302723735408	insufficient
T2D Suzuki 2024	gained_vs_control	GMEB2/2	3-cyt	DA0106	11	3	3.0	0.87103	0.81207	0.14173	0.32038964788732394	insufficient
T2D Suzuki 2024	gained_vs_control	GMEB2/2	Ex-4_HG	DA0107	15	8	8.0	0.26102	0.59755	0.33113	0.5117480769230769	insufficient
T2D Suzuki 2024	gained_vs_control	GMEB2/2	IFNg	DA0108	8	4	4.0	0.47264	0.64648	0.23236	0.413770773480663	insufficient
T2D Suzuki 2024	gained_vs_control	GMEB2/2	dex	DA0109	18	11	11.0	0.30675	0.43144	0.23854	0.42045766304347826	exploratory
T2D Suzuki 2024	gained_vs_control	GMEB2/2	palmitate	DA0110	11	6	6.0	-0.10777	0.72035	0.55946	0.6994302723735408	insufficient
T2D Suzuki 2024	gained_vs_control	HAND1	3-cyt	DA0111	3	1						insufficient
T2D Suzuki 2024	gained_vs_control	HAND1	Ex-4_HG	DA0112	5	3	3.0	1.5797	0.70068	0.012086	0.058781909090909086	insufficient
T2D Suzuki 2024	gained_vs_control	HAND1	IFNg	DA0113	3	2	2.0	2.9242	1.101	0.0039585	0.02397506603773585	insufficient
T2D Suzuki 2024	gained_vs_control	HAND1	dex	DA0114	0	0						insufficient
T2D Suzuki 2024	gained_vs_control	HAND1	palmitate	DA0115	5	4	4.0	0.12336	0.78772	0.43778	0.612775043478261	insufficient
T2D Suzuki 2024	gained_vs_control	HD/10	3-cyt	DA0116	121	51	50.0	0.047432	0.19401	0.40343	0.5807221076233184	primary
T2D Suzuki 2024	gained_vs_control	HD/10	Ex-4_HG	DA0117	132	55	54.0	0.1802	0.20769	0.1928	0.37893563636363636	primary
T2D Suzuki 2024	gained_vs_control	HD/10	IFNg	DA0118	175	79	77.0	0.19023	0.16386	0.12285	0.2935128888888889	primary
T2D Suzuki 2024	gained_vs_control	HD/10	dex	DA0119	167	75	74.0	0.20076	0.16162	0.1071	0.2712829133858267	primary
T2D Suzuki 2024	gained_vs_control	HD/10	palmitate	DA0120	95	30	30.0	0.16055	0.24847	0.25909	0.43521279792746115	primary
T2D Suzuki 2024	gained_vs_control	HD/11	3-cyt	DA0121	54	18	17.0	-0.0014994	0.36041	0.50166	0.6668310743801652	exploratory
T2D Suzuki 2024	gained_vs_control	HD/11	Ex-4_HG	DA0122	45	18	18.0	-0.3677	0.37126	0.839	0.8847784690553745	exploratory
T2D Suzuki 2024	gained_vs_control	HD/11	IFNg	DA0123	54	22	22.0	0.021864	0.27899	0.46877	0.6376066525423729	exploratory
T2D Suzuki 2024	gained_vs_control	HD/11	dex	DA0124	24	6	6.0	-0.16884	0.73982	0.59026	0.7231811450381679	insufficient
T2D Suzuki 2024	gained_vs_control	HD/11	palmitate	DA0125	59	25	24.0	-0.044352	0.32508	0.55426	0.6994302723735408	exploratory
T2D Suzuki 2024	gained_vs_control	HD/2	3-cyt	DA0126	22	10	10.0	0.66971	0.47581	0.07965	0.22460426315789475	exploratory
T2D Suzuki 2024	gained_vs_control	HD/2	Ex-4_HG	DA0127	34	11	11.0	0.044861	0.34928	0.4489	0.6211073275862069	exploratory
T2D Suzuki 2024	gained_vs_control	HD/2	IFNg	DA0128	12	8	8.0	0.17657	0.51406	0.36562	0.5562275829383886	insufficient
T2D Suzuki 2024	gained_vs_control	HD/2	dex	DA0129	6	1						insufficient
T2D Suzuki 2024	gained_vs_control	HD/2	palmitate	DA0130	17	7	7.0	-0.56779	0.5583	0.84542	0.8847784690553745	insufficient
T2D Suzuki 2024	gained_vs_control	HIC/1	3-cyt	DA0131	274	170	165.0	0.077243	0.11317	0.24746	0.42706806451612905	primary
T2D Suzuki 2024	gained_vs_control	HIC/1	Ex-4_HG	DA0132	206	117	111.0	0.14822	0.13452	0.13527	0.31015478571428573	primary
T2D Suzuki 2024	gained_vs_control	HIC/1	IFNg	DA0133	290	177	167.0	0.27091	0.10814	0.0061229	0.032757515	primary
T2D Suzuki 2024	gained_vs_control	HIC/1	dex	DA0134	141	92	87.0	0.41876	0.15101	0.0027794	0.018207906122448977	primary
T2D Suzuki 2024	gained_vs_control	HIC/1	palmitate	DA0135	212	148	142.0	0.093858	0.12135	0.21964	0.40680293103448273	primary
T2D Suzuki 2024	gained_vs_control	IRF/1	3-cyt	DA0136	77	37	35.0	-0.091601	0.2403	0.64847	0.7618593140794223	primary
T2D Suzuki 2024	gained_vs_control	IRF/1	Ex-4_HG	DA0137	0	0						insufficient
T2D Suzuki 2024	gained_vs_control	IRF/1	IFNg	DA0138	67	34	33.0	0.024265	0.26286	0.46323	0.6348287234042553	primary
T2D Suzuki 2024	gained_vs_control	IRF/1	dex	DA0139	0	0						insufficient
T2D Suzuki 2024	gained_vs_control	IRF/1	palmitate	DA0140	5	5	5.0	-1.6771	0.68644	0.99271	0.9961599999999999	insufficient
T2D Suzuki 2024	gained_vs_control	IRF/3	3-cyt	DA0141	273	194	186.0	0.15523	0.099127	0.058693	0.19030760606060607	primary
T2D Suzuki 2024	gained_vs_control	IRF/3	Ex-4_HG	DA0142	197	139	137.0	0.032966	0.11172	0.38397	0.5688800460829494	primary
T2D Suzuki 2024	gained_vs_control	IRF/3	IFNg	DA0143	180	129	127.0	0.084064	0.11938	0.24067	0.42045766304347826	primary
T2D Suzuki 2024	gained_vs_control	IRF/3	dex	DA0144	191	131	130.0	0.14831	0.11952	0.10733	0.2712829133858267	primary
T2D Suzuki 2024	gained_vs_control	IRF/3	palmitate	DA0145	303	218	211.0	0.1856	0.091837	0.021651	0.09025936363636364	primary
T2D Suzuki 2024	gained_vs_control	KAISO	3-cyt	DA0146	1672	1134	1105.0	0.1581	0.043892	0.00015836	0.0015757209090909092	primary
T2D Suzuki 2024	gained_vs_control	KAISO	Ex-4_HG	DA0147	1856	1268	1238.0	0.20385	0.041982	6.0597e-07	2.161293e-05	primary
T2D Suzuki 2024	gained_vs_control	KAISO	IFNg	DA0148	2395	1614	1584.0	0.21276	0.037562	7.5181e-09	4.8266202e-07	primary
T2D Suzuki 2024	gained_vs_control	KAISO	dex	DA0149	1839	1260	1230.0	0.19528	0.041883	1.5743e-06	3.6261535714285714e-05	primary
T2D Suzuki 2024	gained_vs_control	KAISO	palmitate	DA0150	1455	978	952.0	0.18978	0.047153	2.8659e-05	0.00035382842307692304	primary
T2D Suzuki 2024	gained_vs_control	KLF/SP/1	3-cyt	DA0151	1409	877	845.0	0.14276	0.050334	0.0022858	0.0152862875	primary
T2D Suzuki 2024	gained_vs_control	KLF/SP/1	Ex-4_HG	DA0152	1352	822	794.0	0.090516	0.051299	0.038836	0.1400714157303371	primary
T2D Suzuki 2024	gained_vs_control	KLF/SP/1	IFNg	DA0153	1143	701	671.0	0.085891	0.055321	0.060268	0.19154483168316833	primary
T2D Suzuki 2024	gained_vs_control	KLF/SP/1	dex	DA0154	2025	1226	1183.0	0.19319	0.042623	2.9362e-06	5.8907512499999995e-05	primary
T2D Suzuki 2024	gained_vs_control	KLF/SP/1	palmitate	DA0155	1656	1012	971.0	0.082521	0.046512	0.038026	0.1400714157303371	primary
T2D Suzuki 2024	gained_vs_control	KLF/SP/2	3-cyt	DA0156	2719	1823	1767.0	0.15364	0.035384	7.1031e-06	0.00011660646	primary
T2D Suzuki 2024	gained_vs_control	KLF/SP/2	Ex-4_HG	DA0157	3419	2314	2244.0	0.23066	0.032219	4.2472e-13	1.3633512e-10	primary
T2D Suzuki 2024	gained_vs_control	KLF/SP/2	IFNg	DA0158	3792	2605	2520.0	0.19107	0.030281	1.435e-10	2.303175e-08	primary
T2D Suzuki 2024	gained_vs_control	KLF/SP/2	dex	DA0159	3166	2145	2078.0	0.15955	0.033013	6.7934e-07	2.1806814e-05	primary
T2D Suzuki 2024	gained_vs_control	KLF/SP/2	palmitate	DA0160	2617	1805	1744.0	0.17762	0.035418	2.6814e-07	1.0759117500000001e-05	primary
T2D Suzuki 2024	gained_vs_control	MAF	3-cyt	DA0161	627	306	300.0	0.12547	0.083211	0.065809	0.20312200961538465	primary
T2D Suzuki 2024	gained_vs_control	MAF	Ex-4_HG	DA0162	620	294	291.0	0.092103	0.082094	0.13095	0.30460108695652177	primary
T2D Suzuki 2024	gained_vs_control	MAF	IFNg	DA0163	557	258	255.0	0.18665	0.087561	0.016527	0.07169144594594594	primary
T2D Suzuki 2024	gained_vs_control	MAF	dex	DA0164	850	419	412.0	0.090758	0.070238	0.098162	0.2561788780487805	primary
T2D Suzuki 2024	gained_vs_control	MAF	palmitate	DA0165	772	364	357.0	0.19122	0.07575	0.0058009	0.03156082881355932	primary
T2D Suzuki 2024	gained_vs_control	MBD2	3-cyt	DA0166	2258	1534	1491.0	0.12889	0.038136	0.00036358	0.0031543021621621625	primary
T2D Suzuki 2024	gained_vs_control	MBD2	Ex-4_HG	DA0167	2243	1503	1458.0	0.14759	0.038631	6.6867e-05	0.0007401485172413792	primary
T2D Suzuki 2024	gained_vs_control	MBD2	IFNg	DA0168	2607	1785	1728.0	0.078849	0.035648	0.013493	0.06258124285714285	primary
T2D Suzuki 2024	gained_vs_control	MBD2	dex	DA0169	1959	1325	1288.0	0.11984	0.039936	0.0013482	0.009835731818181818	primary
T2D Suzuki 2024	gained_vs_control	MBD2	palmitate	DA0170	1798	1243	1214.0	0.092582	0.04194	0.013647	0.06258124285714285	primary
T2D Suzuki 2024	gained_vs_control	NFAC/2	3-cyt	DA0171	2	1						insufficient
T2D Suzuki 2024	gained_vs_control	NFAC/2	Ex-4_HG	DA0172	7	4	4.0	-0.054885	0.7883	0.52775	0.6886493902439025	insufficient
T2D Suzuki 2024	gained_vs_control	NFAC/2	IFNg	DA0173	1	0						insufficient
T2D Suzuki 2024	gained_vs_control	NFAC/2	dex	DA0174	4	2	2.0	2.7519	1.1257	0.0072574	0.036400396875	insufficient
T2D Suzuki 2024	gained_vs_control	NFAC/2	palmitate	DA0175	6	1						insufficient
T2D Suzuki 2024	gained_vs_control	NFAT/3	3-cyt	DA0176	9	6	6.0	-0.74694	0.52176	0.92386	0.9444556050955414	insufficient
T2D Suzuki 2024	gained_vs_control	NFAT/3	Ex-4_HG	DA0177	3	2	2.0	0.83436	0.88795	0.17371	0.35069754716981133	insufficient
T2D Suzuki 2024	gained_vs_control	NFAT/3	IFNg	DA0178	5	1						insufficient
T2D Suzuki 2024	gained_vs_control	NFAT/3	dex	DA0179	0	0						insufficient
T2D Suzuki 2024	gained_vs_control	NFAT/3	palmitate	DA0180	6	3	3.0	-0.75217	0.75132	0.84161	0.8847784690553745	insufficient
T2D Suzuki 2024	gained_vs_control	NFAT/4	3-cyt	DA0181	110	54	51.0	0.34977	0.20037	0.040453	0.14269684615384617	primary
T2D Suzuki 2024	gained_vs_control	NFAT/4	Ex-4_HG	DA0182	84	44	43.0	0.35486	0.19342	0.033285	0.12745210588235295	primary
T2D Suzuki 2024	gained_vs_control	NFAT/4	IFNg	DA0183	40	26	25.0	0.3767	0.25618	0.070728	0.2110872222222222	exploratory
T2D Suzuki 2024	gained_vs_control	NFAT/4	dex	DA0184	129	71	69.0	0.1739	0.17122	0.15491	0.3337322818791946	primary
T2D Suzuki 2024	gained_vs_control	NFAT/4	palmitate	DA0185	78	48	46.0	0.31482	0.20763	0.064739	0.20175940776699028	primary
T2D Suzuki 2024	gained_vs_control	NFY	3-cyt	DA0186	190	97	95.0	0.04593	0.14473	0.37549	0.56415	primary
T2D Suzuki 2024	gained_vs_control	NFY	Ex-4_HG	DA0187	172	76	75.0	0.12049	0.16248	0.22919	0.413770773480663	primary
T2D Suzuki 2024	gained_vs_control	NFY	IFNg	DA0188	137	65	64.0	-0.050359	0.17887	0.61085	0.7366288764044944	primary
T2D Suzuki 2024	gained_vs_control	NFY	dex	DA0189	191	96	93.0	0.079781	0.14828	0.29527	0.4793762121212121	primary
T2D Suzuki 2024	gained_vs_control	NFY	palmitate	DA0190	171	77	74.0	0.19552	0.15983	0.11061	0.2752388372093023	primary
T2D Suzuki 2024	gained_vs_control	NR/1	3-cyt	DA0191	631	311	305.0	0.043735	0.081469	0.29569	0.4793762121212121	primary
T2D Suzuki 2024	gained_vs_control	NR/1	Ex-4_HG	DA0192	412	207	200.0	0.093174	0.098659	0.17249	0.35069754716981133	primary
T2D Suzuki 2024	gained_vs_control	NR/1	IFNg	DA0193	509	254	246.0	0.052012	0.087392	0.27587	0.45412446153846153	primary
T2D Suzuki 2024	gained_vs_control	NR/1	dex	DA0194	378	188	182.0	0.060733	0.10146	0.27474	0.45412446153846153	primary
T2D Suzuki 2024	gained_vs_control	NR/1	palmitate	DA0195	809	418	410.0	0.062335	0.068866	0.1827	0.363582037037037	primary
T2D Suzuki 2024	gained_vs_control	NR/13	3-cyt	DA0196	4	0						insufficient
T2D Suzuki 2024	gained_vs_control	NR/13	Ex-4_HG	DA0197	5	2	2.0	-0.80969	1.0775	0.7738	0.8439470847457627	insufficient
T2D Suzuki 2024	gained_vs_control	NR/13	IFNg	DA0198	3	2	2.0	-0.33973	0.84438	0.65628	0.7618593140794223	insufficient
T2D Suzuki 2024	gained_vs_control	NR/13	dex	DA0199	0	0						insufficient
T2D Suzuki 2024	gained_vs_control	NR/13	palmitate	DA0200	3	1						insufficient
T2D Suzuki 2024	gained_vs_control	NR/18	3-cyt	DA0201	91	41	40.0	-0.071083	0.20538	0.63537	0.7535002941176472	primary
T2D Suzuki 2024	gained_vs_control	NR/18	Ex-4_HG	DA0202	98	43	42.0	0.24815	0.20628	0.11451	0.2827516153846154	primary
T2D Suzuki 2024	gained_vs_control	NR/18	IFNg	DA0203	116	59	58.0	0.078984	0.18038	0.33074	0.5117480769230769	primary
T2D Suzuki 2024	gained_vs_control	NR/18	dex	DA0204	55	27	26.0	-0.0075216	0.2677	0.51121	0.6748599183673469	exploratory
T2D Suzuki 2024	gained_vs_control	NR/18	palmitate	DA0205	88	42	42.0	-0.24273	0.21501	0.87052	0.9014094193548386	primary
T2D Suzuki 2024	gained_vs_control	NR/20	3-cyt	DA0206	22	10	10.0	-0.050939	0.41143	0.54927	0.6994302723735408	exploratory
T2D Suzuki 2024	gained_vs_control	NR/20	Ex-4_HG	DA0207	29	11	11.0	-0.27633	0.41572	0.74688	0.8267188965517241	exploratory
T2D Suzuki 2024	gained_vs_control	NR/20	IFNg	DA0208	14	6	5.0	-0.77865	0.65428	0.88298	0.9113716398713826	insufficient
T2D Suzuki 2024	gained_vs_control	NR/20	dex	DA0209	505	237	232.0	-0.03253	0.092854	0.63696	0.7535002941176472	primary
T2D Suzuki 2024	gained_vs_control	NR/20	palmitate	DA0210	11	3	2.0	-0.93967	1.1107	0.80123	0.8561635215946843	insufficient
T2D Suzuki 2024	gained_vs_control	NR/4	3-cyt	DA0211	152	69	68.0	-0.0011689	0.17142	0.50272	0.6668310743801652	primary
T2D Suzuki 2024	gained_vs_control	NR/4	Ex-4_HG	DA0212	142	74	72.0	0.15442	0.16195	0.17018	0.35069754716981133	primary
T2D Suzuki 2024	gained_vs_control	NR/4	IFNg	DA0213	109	52	50.0	0.18003	0.19089	0.17282	0.35069754716981133	primary
T2D Suzuki 2024	gained_vs_control	NR/4	dex	DA0214	101	48	46.0	0.27202	0.19499	0.081516	0.22557444827586207	primary
T2D Suzuki 2024	gained_vs_control	NR/4	palmitate	DA0215	138	58	56.0	0.11828	0.18475	0.26102	0.43521279792746115	primary
T2D Suzuki 2024	gained_vs_control	NRF1	3-cyt	DA0216	1895	1258	1225.0	0.23415	0.042107	1.3653e-08	7.304355e-07	primary
T2D Suzuki 2024	gained_vs_control	NRF1	Ex-4_HG	DA0217	2012	1340	1304.0	0.17326	0.040696	1.0398e-05	0.00015590386363636364	primary
T2D Suzuki 2024	gained_vs_control	NRF1	IFNg	DA0218	1988	1311	1273.0	0.17512	0.041192	1.0685e-05	0.00015590386363636364	primary
T2D Suzuki 2024	gained_vs_control	NRF1	dex	DA0219	2620	1745	1701.0	0.22196	0.036797	8.2875e-10	8.867624999999999e-08	primary
T2D Suzuki 2024	gained_vs_control	NRF1	palmitate	DA0220	2075	1360	1325.0	0.18341	0.04041	2.8489e-06	5.8907512499999995e-05	primary
T2D Suzuki 2024	gained_vs_control	OCT4+SOX2	3-cyt	DA0221	8	6	6.0	0.69642	0.65275	0.14302	0.32104489510489514	insufficient
T2D Suzuki 2024	gained_vs_control	OCT4+SOX2	Ex-4_HG	DA0222	2	2	2.0	-0.12816	0.75313	0.56756	0.704146091954023	insufficient
T2D Suzuki 2024	gained_vs_control	OCT4+SOX2	IFNg	DA0223	3	2	2.0	-0.67607	1.2001	0.7134	0.8063429577464789	insufficient
T2D Suzuki 2024	gained_vs_control	OCT4+SOX2	dex	DA0224	7	3	3.0	0.19005	0.92536	0.41864	0.5976449333333334	insufficient
T2D Suzuki 2024	gained_vs_control	OCT4+SOX2	palmitate	DA0225	6	3	3.0	0.90577	0.91566	0.16129	0.34209730263157895	insufficient
T2D Suzuki 2024	gained_vs_control	OSR2	3-cyt	DA0226	220	142	138.0	0.17166	0.12298	0.081385	0.22557444827586207	primary
T2D Suzuki 2024	gained_vs_control	OSR2	Ex-4_HG	DA0227	58	35	34.0	0.55639	0.22589	0.0068928	0.035120457142857144	primary
T2D Suzuki 2024	gained_vs_control	OSR2	IFNg	DA0228	25	12	11.0	-0.13861	0.4472	0.6217	0.7446481343283583	exploratory
T2D Suzuki 2024	gained_vs_control	OSR2	dex	DA0229	587	364	354.0	0.1713	0.076775	0.012843	0.06062651470588235	primary
T2D Suzuki 2024	gained_vs_control	OSR2	palmitate	DA0230	110	66	63.0	-0.089852	0.18358	0.68774	0.7884447857142858	primary
T2D Suzuki 2024	gained_vs_control	PAX/1	3-cyt	DA0231	124	57	57.0	0.11483	0.17938	0.26105	0.43521279792746115	primary
T2D Suzuki 2024	gained_vs_control	PAX/1	Ex-4_HG	DA0232	139	66	64.0	-0.17477	0.18699	0.82501	0.874020495049505	primary
T2D Suzuki 2024	gained_vs_control	PAX/1	IFNg	DA0233	79	37	36.0	0.42684	0.23328	0.033651	0.12745210588235295	primary
T2D Suzuki 2024	gained_vs_control	PAX/1	dex	DA0234	41	27	26.0	-0.35566	0.29101	0.88917	0.9148191346153846	exploratory
T2D Suzuki 2024	gained_vs_control	PAX/1	palmitate	DA0235	153	76	71.0	0.13089	0.16406	0.2125	0.39890350877192976	primary
T2D Suzuki 2024	gained_vs_control	POU/1	3-cyt	DA0236	71	27	27.0	-0.47989	0.2685	0.96305	0.9813938095238095	exploratory
T2D Suzuki 2024	gained_vs_control	POU/1	Ex-4_HG	DA0237	78	35	35.0	0.13077	0.24761	0.29872	0.47944559999999997	primary
T2D Suzuki 2024	gained_vs_control	POU/1	IFNg	DA0238	80	25	24.0	-0.32678	0.30351	0.85918	0.8954440909090909	exploratory
T2D Suzuki 2024	gained_vs_control	POU/1	dex	DA0239	103	39	38.0	-0.13987	0.235	0.72415	0.8071255208333333	primary
T2D Suzuki 2024	gained_vs_control	POU/1	palmitate	DA0240	115	49	48.0	0.19223	0.20603	0.17541	0.35191631250000005	primary
T2D Suzuki 2024	gained_vs_control	POU/2	3-cyt	DA0241	22	7	7.0	0.15792	0.48944	0.37348	0.56415	insufficient
T2D Suzuki 2024	gained_vs_control	POU/2	Ex-4_HG	DA0242	19	8	8.0	0.041284	0.46659	0.46475	0.6348287234042553	insufficient
T2D Suzuki 2024	gained_vs_control	POU/2	IFNg	DA0243	16	8	8.0	-0.04807	0.49061	0.53902	0.6993030120481928	insufficient
T2D Suzuki 2024	gained_vs_control	POU/2	dex	DA0244	13	5	5.0	-0.34131	0.57622	0.72318	0.8071255208333333	insufficient
T2D Suzuki 2024	gained_vs_control	POU/2	palmitate	DA0245	26	9	9.0	-0.49254	0.44595	0.86529	0.898893495145631	insufficient
T2D Suzuki 2024	gained_vs_control	PRDM1	3-cyt	DA0246	1194	656	635.0	-0.023649	0.056748	0.66156	0.7638876258992806	primary
T2D Suzuki 2024	gained_vs_control	PRDM1	Ex-4_HG	DA0247	109	61	60.0	-0.47801	0.17929	0.99616	0.9961599999999999	primary
T2D Suzuki 2024	gained_vs_control	PRDM1	IFNg	DA0248	866	482	468.0	-0.044312	0.064646	0.75347	0.8311473195876289	primary
T2D Suzuki 2024	gained_vs_control	PRDM1	dex	DA0249	98	55	54.0	0.12313	0.19293	0.26167	0.43521279792746115	primary
T2D Suzuki 2024	gained_vs_control	PRDM1	palmitate	DA0250	207	127	123.0	-0.012854	0.12568	0.54073	0.6993030120481928	primary
T2D Suzuki 2024	gained_vs_control	PRDM14	3-cyt	DA0251	49	26	24.0	-0.055347	0.30501	0.572	0.704146091954023	exploratory
T2D Suzuki 2024	gained_vs_control	PRDM14	Ex-4_HG	DA0252	39	15	15.0	0.020328	0.35688	0.47729	0.6464560759493672	exploratory
T2D Suzuki 2024	gained_vs_control	PRDM14	IFNg	DA0253	49	20	19.0	0.22269	0.31674	0.24101	0.42045766304347826	exploratory
T2D Suzuki 2024	gained_vs_control	PRDM14	dex	DA0254	29	13	13.0	-0.77752	0.40549	0.9724	0.9866547634069401	exploratory
T2D Suzuki 2024	gained_vs_control	PRDM14	palmitate	DA0255	47	23	22.0	-0.11262	0.27777	0.65743	0.7618593140794223	exploratory
T2D Suzuki 2024	gained_vs_control	REST/NRSF	3-cyt	DA0256	735	463	450.0	0.16945	0.066668	0.0055213	0.030557539655172414	primary
T2D Suzuki 2024	gained_vs_control	REST/NRSF	Ex-4_HG	DA0257	526	345	342.0	0.13723	0.075051	0.033749	0.12745210588235295	primary
T2D Suzuki 2024	gained_vs_control	REST/NRSF	IFNg	DA0258	920	595	578.0	0.1513	0.059105	0.0052408	0.029662652631578947	primary
T2D Suzuki 2024	gained_vs_control	REST/NRSF	dex	DA0259	303	188	184.0	0.078556	0.10445	0.226	0.413770773480663	primary
T2D Suzuki 2024	gained_vs_control	REST/NRSF	palmitate	DA0260	578	379	367.0	0.10684	0.075155	0.077584	0.22236128571428573	primary
T2D Suzuki 2024	gained_vs_control	RFX/1	3-cyt	DA0261	1922	1287	1252.0	0.12426	0.040993	0.0012196	0.009104455813953489	primary
T2D Suzuki 2024	gained_vs_control	RFX/1	Ex-4_HG	DA0262	2169	1412	1378.0	0.12654	0.039103	0.00060731	0.004998628461538462	primary
T2D Suzuki 2024	gained_vs_control	RFX/1	IFNg	DA0263	1946	1287	1244.0	0.15094	0.041244	0.00012664	0.001355048	primary
T2D Suzuki 2024	gained_vs_control	RFX/1	dex	DA0264	2630	1760	1715.0	0.09124	0.034962	0.0045356	0.02696162222222222	primary
T2D Suzuki 2024	gained_vs_control	RFX/1	palmitate	DA0265	2107	1374	1334.0	0.15536	0.039209	3.7277e-05	0.0004273541785714286	primary
T2D Suzuki 2024	gained_vs_control	RFX/2	3-cyt	DA0266	785	452	430.0	0.1373	0.067584	0.021109	0.08915775	primary
T2D Suzuki 2024	gained_vs_control	RFX/2	Ex-4_HG	DA0267	607	361	348.0	0.23403	0.074966	0.00090026	0.007048377073170731	primary
T2D Suzuki 2024	gained_vs_control	RFX/2	IFNg	DA0268	630	355	345.0	0.25901	0.073845	0.00022686	0.0021001654285714285	primary
T2D Suzuki 2024	gained_vs_control	RFX/2	dex	DA0269	847	515	491.0	0.13762	0.06257	0.013929	0.06297477464788732	primary
T2D Suzuki 2024	gained_vs_control	RFX/2	palmitate	DA0270	609	361	350.0	0.13627	0.071868	0.028978	0.11418204878048781	primary
T2D Suzuki 2024	gained_vs_control	RFX/3	3-cyt	DA0271	413	237	226.0	0.076179	0.091934	0.20367	0.38915517857142856	primary
T2D Suzuki 2024	gained_vs_control	RFX/3	Ex-4_HG	DA0272	193	108	105.0	0.14492	0.13081	0.13398	0.3094070503597122	primary
T2D Suzuki 2024	gained_vs_control	RFX/3	IFNg	DA0273	228	91	87.0	0.11809	0.14744	0.2116	0.39890350877192976	primary
T2D Suzuki 2024	gained_vs_control	RFX/3	dex	DA0274	1275	735	715.0	0.18537	0.052888	0.00022899	0.0021001654285714285	primary
T2D Suzuki 2024	gained_vs_control	RFX/3	palmitate	DA0275	393	217	207.0	0.10304	0.099307	0.14973	0.3292008904109589	primary
T2D Suzuki 2024	gained_vs_control	SCRT1	3-cyt	DA0276	3	2						insufficient
T2D Suzuki 2024	gained_vs_control	SCRT1	Ex-4_HG	DA0277	6	2	2.0	0.25544	0.80902	0.3761	0.56415	insufficient
T2D Suzuki 2024	gained_vs_control	SCRT1	IFNg	DA0278	9	4	4.0	0.12641	0.50921	0.40198	0.5807221076233184	insufficient
T2D Suzuki 2024	gained_vs_control	SCRT1	dex	DA0279	1	1						insufficient
T2D Suzuki 2024	gained_vs_control	SCRT1	palmitate	DA0280	8	2	2.0	0.80275	0.70508	0.12746	0.2986471532846715	insufficient
T2D Suzuki 2024	gained_vs_control	SMAD	3-cyt	DA0281	534	257	253.0	0.2522	0.08808	0.0020986	0.014332991489361702	primary
T2D Suzuki 2024	gained_vs_control	SMAD	Ex-4_HG	DA0282	540	254	252.0	0.10596	0.088676	0.11607	0.2844158015267176	primary
T2D Suzuki 2024	gained_vs_control	SMAD	IFNg	DA0283	354	153	151.0	0.094724	0.11719	0.20946	0.39785005917159766	primary
T2D Suzuki 2024	gained_vs_control	SMAD	dex	DA0284	1325	724	707.0	0.21933	0.053828	2.3157e-05	0.00029733588	primary
T2D Suzuki 2024	gained_vs_control	SMAD	palmitate	DA0285	690	324	321.0	0.19402	0.077844	0.0063498	0.03341452131147541	primary
T2D Suzuki 2024	gained_vs_control	SNAI2	3-cyt	DA0286	4	2	2.0	0.50654	1.043	0.3136	0.4958896551724138	insufficient
T2D Suzuki 2024	gained_vs_control	SNAI2	Ex-4_HG	DA0287	0	0						insufficient
T2D Suzuki 2024	gained_vs_control	SNAI2	IFNg	DA0288	0	0						insufficient
T2D Suzuki 2024	gained_vs_control	SNAI2	dex	DA0289	3	1						insufficient
T2D Suzuki 2024	gained_vs_control	SNAI2	palmitate	DA0290	0	0						insufficient
T2D Suzuki 2024	gained_vs_control	SOX/8	3-cyt	DA0291	19	10	10.0	-0.35542	0.4564	0.78193	0.8479713851351351	exploratory
T2D Suzuki 2024	gained_vs_control	SOX/8	Ex-4_HG	DA0292	23	12	12.0	-0.063452	0.34709	0.57253	0.704146091954023	exploratory
T2D Suzuki 2024	gained_vs_control	SOX/8	IFNg	DA0293	9	7	7.0	0.59358	0.51258	0.12344	0.2935128888888889	insufficient
T2D Suzuki 2024	gained_vs_control	SOX/8	dex	DA0294	2	0						insufficient
T2D Suzuki 2024	gained_vs_control	SOX/8	palmitate	DA0295	17	14	14.0	-0.3719	0.36451	0.84619	0.8847784690553745	exploratory
T2D Suzuki 2024	gained_vs_control	TFAP2/2	3-cyt	DA0296	202	138	136.0	-0.015122	0.12027	0.55003	0.6994302723735408	primary
T2D Suzuki 2024	gained_vs_control	TFAP2/2	Ex-4_HG	DA0297	195	143	136.0	0.19959	0.11773	0.045016	0.1537248510638298	primary
T2D Suzuki 2024	gained_vs_control	TFAP2/2	IFNg	DA0298	169	121	118.0	0.20834	0.12684	0.050242	0.16976507368421054	primary
T2D Suzuki 2024	gained_vs_control	TFAP2/2	dex	DA0299	241	163	157.0	0.1673	0.11265	0.068769	0.21023665714285714	primary
T2D Suzuki 2024	gained_vs_control	TFAP2/2	palmitate	DA0300	214	156	151.0	0.13043	0.11369	0.12565	0.296570955882353	primary
T2D Suzuki 2024	gained_vs_control	YY1	3-cyt	DA0301	766	473	460.0	0.14959	0.066774	0.012544	0.06009886567164179	primary
T2D Suzuki 2024	gained_vs_control	YY1	Ex-4_HG	DA0302	669	413	403.0	0.1015	0.069125	0.07102	0.2110872222222222	primary
T2D Suzuki 2024	gained_vs_control	YY1	IFNg	DA0303	400	250	237.0	0.1248	0.091068	0.085292	0.23400625641025644	primary
T2D Suzuki 2024	gained_vs_control	YY1	dex	DA0304	700	440	425.0	0.13263	0.068692	0.026768	0.10740659999999999	primary
T2D Suzuki 2024	gained_vs_control	YY1	palmitate	DA0305	986	640	611.0	0.14806	0.057434	0.0049753	0.02903766	primary
T2D Suzuki 2024	gained_vs_control	ZBTB14	3-cyt	DA0306	1617	1058	1029.0	0.18026	0.044956	3.0554e-05	0.0003632531111111111	primary
T2D Suzuki 2024	gained_vs_control	ZBTB14	Ex-4_HG	DA0307	1818	1186	1146.0	0.11849	0.043428	0.0031859	0.020453478	primary
T2D Suzuki 2024	gained_vs_control	ZBTB14	IFNg	DA0308	1773	1204	1164.0	0.12547	0.042561	0.0016012	0.011421893333333334	primary
T2D Suzuki 2024	gained_vs_control	ZBTB14	dex	DA0309	2655	1796	1740.0	0.12948	0.035632	0.00014003	0.001449988064516129	primary
T2D Suzuki 2024	gained_vs_control	ZBTB14	palmitate	DA0310	1941	1296	1257.0	0.074745	0.041635	0.036318	0.13555904651162792	primary
T2D Suzuki 2024	gained_vs_control	ZIC/2	3-cyt	DA0311	304	203	202.0	0.20324	0.095311	0.016496	0.07169144594594594	primary
T2D Suzuki 2024	gained_vs_control	ZIC/2	Ex-4_HG	DA0312	251	163	161.0	0.095085	0.11051	0.19478	0.37893563636363636	primary
T2D Suzuki 2024	gained_vs_control	ZIC/2	IFNg	DA0313	144	97	97.0	0.028493	0.13921	0.41891	0.5976449333333334	primary
T2D Suzuki 2024	gained_vs_control	ZIC/2	dex	DA0314	220	149	146.0	0.089419	0.12283	0.23331	0.413770773480663	primary
T2D Suzuki 2024	gained_vs_control	ZIC/2	palmitate	DA0315	200	137	136.0	0.20864	0.12169	0.043228	0.14920632258064517	primary
T2D Suzuki 2024	gained_vs_control	ZNF136	3-cyt	DA0316	14	12	12.0	-0.40207	0.47204	0.80282	0.8561635215946843	exploratory
T2D Suzuki 2024	gained_vs_control	ZNF136	Ex-4_HG	DA0317	15	11	11.0	-0.061721	0.44621	0.55501	0.6994302723735408	exploratory
T2D Suzuki 2024	gained_vs_control	ZNF136	IFNg	DA0318	18	13	12.0	-0.35806	0.47274	0.77559	0.8439470847457627	exploratory
T2D Suzuki 2024	gained_vs_control	ZNF136	dex	DA0319	20	13	13.0	-0.31721	0.42113	0.77434	0.8439470847457627	exploratory
T2D Suzuki 2024	gained_vs_control	ZNF136	palmitate	DA0320	14	11	10.0	-0.020768	0.54928	0.51508	0.6748599183673469	exploratory
T2D Suzuki 2024	gained_vs_control	ZNF143	3-cyt	DA0321	123	75	71.0	0.11486	0.16695	0.24572	0.4263574054054054	primary
T2D Suzuki 2024	gained_vs_control	ZNF143	Ex-4_HG	DA0322	112	73	67.0	0.22707	0.17125	0.092441	0.247755825	primary
T2D Suzuki 2024	gained_vs_control	ZNF143	IFNg	DA0323	32	23	23.0	0.20829	0.30775	0.24927	0.4278912834224599	exploratory
T2D Suzuki 2024	gained_vs_control	ZNF143	dex	DA0324	136	96	94.0	-0.046714	0.14191	0.62899	0.7505791449814128	primary
T2D Suzuki 2024	gained_vs_control	ZNF143	palmitate	DA0325	135	99	97.0	-0.063897	0.13928	0.6768	0.7786838709677418	primary
T2D Suzuki 2024	gained_vs_control	ZNF28	3-cyt	DA0326	11	3	3.0	-1.1417	0.90851	0.89555	0.9184394568690095	insufficient
T2D Suzuki 2024	gained_vs_control	ZNF28	Ex-4_HG	DA0327	10	3	3.0	-0.32203	0.90865	0.63848	0.7535002941176472	insufficient
T2D Suzuki 2024	gained_vs_control	ZNF28	IFNg	DA0328	7	2	2.0	0.75657	0.79662	0.17114	0.35069754716981133	insufficient
T2D Suzuki 2024	gained_vs_control	ZNF28	dex	DA0329	3	2	2.0	0.09862	0.67639	0.44204	0.6142633766233766	insufficient
T2D Suzuki 2024	gained_vs_control	ZNF28	palmitate	DA0330	11	5	5.0	1.0478	0.55341	0.029168	0.11418204878048781	insufficient
T2D Suzuki 2024	gained_vs_control	ZNF317	3-cyt	DA0331	36	9	9.0	-1.1883	0.48018	0.99333	0.9961599999999999	insufficient
T2D Suzuki 2024	gained_vs_control	ZNF317	Ex-4_HG	DA0332	34	11	11.0	-0.24569	0.46631	0.70086	0.7977874468085107	exploratory
T2D Suzuki 2024	gained_vs_control	ZNF317	IFNg	DA0333	41	14	11.0	-1.2155	0.4986	0.99261	0.9961599999999999	exploratory
T2D Suzuki 2024	gained_vs_control	ZNF317	dex	DA0334	107	54	51.0	-0.12256	0.21157	0.7188	0.806765034965035	primary
T2D Suzuki 2024	gained_vs_control	ZNF317	palmitate	DA0335	38	13	13.0	0.07565	0.40216	0.4254	0.6037769603524229	exploratory
T2D Suzuki 2024	gained_vs_control	ZNF331	3-cyt	DA0336	179	94	89.0	0.2934	0.14623	0.022411	0.09222988461538462	primary
T2D Suzuki 2024	gained_vs_control	ZNF331	Ex-4_HG	DA0337	176	79	77.0	0.34439	0.15953	0.01544	0.06883666666666667	primary
T2D Suzuki 2024	gained_vs_control	ZNF331	IFNg	DA0338	130	61	61.0	0.24705	0.17317	0.076849	0.222239	primary
T2D Suzuki 2024	gained_vs_control	ZNF331	dex	DA0339	337	194	186.0	0.14674	0.099646	0.070433	0.2110872222222222	primary
T2D Suzuki 2024	gained_vs_control	ZNF331	palmitate	DA0340	215	112	108.0	-0.051021	0.12705	0.65601	0.7618593140794223	primary
T2D Suzuki 2024	gained_vs_control	ZNF335	3-cyt	DA0341	29	13	13.0	0.28414	0.38761	0.23177	0.413770773480663	exploratory
T2D Suzuki 2024	gained_vs_control	ZNF335	Ex-4_HG	DA0342	26	16	16.0	0.060455	0.37524	0.436	0.612775043478261	exploratory
T2D Suzuki 2024	gained_vs_control	ZNF335	IFNg	DA0343	25	10	10.0	0.37441	0.47593	0.21574	0.4026310465116279	exploratory
T2D Suzuki 2024	gained_vs_control	ZNF335	dex	DA0344	37	14	14.0	0.19921	0.41766	0.3167	0.4983367647058823	exploratory
T2D Suzuki 2024	gained_vs_control	ZNF335	palmitate	DA0345	25	12	12.0	-0.052407	0.43294	0.54817	0.6994302723735408	exploratory
T2D Suzuki 2024	gained_vs_control	ZNF436	3-cyt	DA0346	56	31	31.0	-0.059146	0.24796	0.59426	0.725313536121673	primary
T2D Suzuki 2024	gained_vs_control	ZNF436	Ex-4_HG	DA0347	47	32	30.0	0.11018	0.24469	0.32626	0.5108754146341463	primary
T2D Suzuki 2024	gained_vs_control	ZNF436	IFNg	DA0348	42	26	26.0	-0.14797	0.28867	0.69588	0.7949376512455517	exploratory
T2D Suzuki 2024	gained_vs_control	ZNF436	dex	DA0349	41	24	24.0	0.030031	0.2718	0.45601	0.6282369527896996	exploratory
T2D Suzuki 2024	gained_vs_control	ZNF436	palmitate	DA0350	59	41	41.0	0.28063	0.23788	0.11906	0.2895322727272727	primary
T2D Suzuki 2024	gained_vs_control	ZNF563	3-cyt	DA0351	66	41	41.0	0.38899	0.22044	0.038825	0.1400714157303371	primary
T2D Suzuki 2024	gained_vs_control	ZNF563	Ex-4_HG	DA0352	50	31	30.0	0.10791	0.267	0.34306	0.5269007655502392	primary
T2D Suzuki 2024	gained_vs_control	ZNF563	IFNg	DA0353	85	57	57.0	0.1656	0.19184	0.19402	0.37893563636363636	primary
T2D Suzuki 2024	gained_vs_control	ZNF563	dex	DA0354	14	11	10.0	-0.015681	0.42555	0.5147	0.6748599183673469	exploratory
T2D Suzuki 2024	gained_vs_control	ZNF563	palmitate	DA0355	88	59	59.0	0.082599	0.18966	0.3316	0.5117480769230769	primary
T2D Suzuki 2024	gained_vs_control	ZNF708	3-cyt	DA0356	0	0						insufficient
T2D Suzuki 2024	gained_vs_control	ZNF708	Ex-4_HG	DA0357	0	0						insufficient
T2D Suzuki 2024	gained_vs_control	ZNF708	IFNg	DA0358	1	0						insufficient
T2D Suzuki 2024	gained_vs_control	ZNF708	dex	DA0359	0	0						insufficient
T2D Suzuki 2024	gained_vs_control	ZNF708	palmitate	DA0360	0	0						insufficient
T2D DIAMANTE 2022	gained_vs_control	AP1/1	3-cyt	DA0001	240	114	112.0	0.1017	0.11392	0.186	0.3954039735099338	primary
T2D DIAMANTE 2022	gained_vs_control	AP1/1	Ex-4_HG	DA0002	230	122	121.0	-0.061	0.11128	0.7082	0.8210878700361011	primary
T2D DIAMANTE 2022	gained_vs_control	AP1/1	IFNg	DA0003	199	112	108.0	0.10331	0.11699	0.18859	0.39608882352941177	primary
T2D DIAMANTE 2022	gained_vs_control	AP1/1	dex	DA0004	113	61	59.0	0.057751	0.16328	0.36179	0.5658014563106796	primary
T2D DIAMANTE 2022	gained_vs_control	AP1/1	palmitate	DA0005	702	377	365.0	0.060861	0.062944	0.1668	0.37442517482517484	primary
T2D DIAMANTE 2022	gained_vs_control	AP1/2	3-cyt	DA0006	238	121	119.0	0.081577	0.11087	0.23093	0.4456201775147929	primary
T2D DIAMANTE 2022	gained_vs_control	AP1/2	Ex-4_HG	DA0007	252	131	128.0	-0.063876	0.10322	0.73199	0.8346	primary
T2D DIAMANTE 2022	gained_vs_control	AP1/2	IFNg	DA0008	149	70	69.0	0.097493	0.13718	0.23865	0.4506273529411765	primary
T2D DIAMANTE 2022	gained_vs_control	AP1/2	dex	DA0009	175	103	103.0	0.25581	0.11105	0.010628	0.071262	primary
T2D DIAMANTE 2022	gained_vs_control	AP1/2	palmitate	DA0010	400	202	196.0	-0.05394	0.087323	0.73161	0.8346	primary
T2D DIAMANTE 2022	gained_vs_control	BCL6/1	3-cyt	DA0011	16	13	13.0	0.03085	0.31222	0.46065	0.6346293991416309	exploratory
T2D DIAMANTE 2022	gained_vs_control	BCL6/1	Ex-4_HG	DA0012	16	13	12.0	0.021821	0.32091	0.47289	0.6459476170212766	exploratory
T2D DIAMANTE 2022	gained_vs_control	BCL6/1	IFNg	DA0013	9	7	7.0	0.27913	0.42206	0.2542	0.4610067796610169	insufficient
T2D DIAMANTE 2022	gained_vs_control	BCL6/1	dex	DA0014	11	9	8.0	0.13616	0.38881	0.3631	0.5658014563106796	insufficient
T2D DIAMANTE 2022	gained_vs_control	BCL6/1	palmitate	DA0015	15	11	11.0	0.17409	0.31958	0.29297	0.5111052717391305	exploratory
T2D DIAMANTE 2022	gained_vs_control	CCAAT/CEBP	3-cyt	DA0016	21	8	8.0	0.8555	0.45136	0.029031	0.13854639130434782	insufficient
T2D DIAMANTE 2022	gained_vs_control	CCAAT/CEBP	Ex-4_HG	DA0017	41	19	19.0	0.22249	0.32714	0.24823	0.45554642045454546	exploratory
T2D DIAMANTE 2022	gained_vs_control	CCAAT/CEBP	IFNg	DA0018	3	3	3.0	-0.69322	0.75351	0.8212	0.8935769491525425	insufficient
T2D DIAMANTE 2022	gained_vs_control	CCAAT/CEBP	dex	DA0019	51	26	25.0	0.24085	0.25352	0.17106	0.37869144827586204	exploratory
T2D DIAMANTE 2022	gained_vs_control	CCAAT/CEBP	palmitate	DA0020	12	5	5.0	-0.51792	0.54918	0.82717	0.8940120202020202	insufficient
T2D DIAMANTE 2022	gained_vs_control	CPEB1	3-cyt	DA0021	0	0						insufficient
T2D DIAMANTE 2022	gained_vs_control	CPEB1	Ex-4_HG	DA0022	0	0						insufficient
T2D DIAMANTE 2022	gained_vs_control	CPEB1	IFNg	DA0023	3	0						insufficient
T2D DIAMANTE 2022	gained_vs_control	CPEB1	dex	DA0024	0	0						insufficient
T2D DIAMANTE 2022	gained_vs_control	CPEB1	palmitate	DA0025	0	0						insufficient
T2D DIAMANTE 2022	gained_vs_control	CREB/ATF/1	3-cyt	DA0026	462	292	285.0	0.21509	0.070988	0.001225	0.015729	primary
T2D DIAMANTE 2022	gained_vs_control	CREB/ATF/1	Ex-4_HG	DA0027	514	319	306.0	0.20693	0.06793	0.0011607	0.0155243625	primary
T2D DIAMANTE 2022	gained_vs_control	CREB/ATF/1	IFNg	DA0028	592	365	354.0	0.2479	0.062887	4.0583e-05	0.0026625344999999996	primary
T2D DIAMANTE 2022	gained_vs_control	CREB/ATF/1	dex	DA0029	444	279	270.0	0.21104	0.072288	0.0017558	0.020874511111111112	primary
T2D DIAMANTE 2022	gained_vs_control	CREB/ATF/1	palmitate	DA0030	437	282	275.0	0.22175	0.072522	0.001117	0.0155243625	primary
T2D DIAMANTE 2022	gained_vs_control	CREB/ATF/2	3-cyt	DA0031	282	162	157.0	0.12076	0.093817	0.099017	0.27881102631578947	primary
T2D DIAMANTE 2022	gained_vs_control	CREB/ATF/2	Ex-4_HG	DA0032	258	156	153.0	0.067105	0.090113	0.22824	0.4456201775147929	primary
T2D DIAMANTE 2022	gained_vs_control	CREB/ATF/2	IFNg	DA0033	193	111	109.0	0.16619	0.10768	0.061379	0.2095961052631579	primary
T2D DIAMANTE 2022	gained_vs_control	CREB/ATF/2	dex	DA0034	277	151	148.0	0.13602	0.099394	0.085588	0.256764	primary
T2D DIAMANTE 2022	gained_vs_control	CREB/ATF/2	palmitate	DA0035	180	108	105.0	0.089204	0.11758	0.22403	0.4456201775147929	primary
T2D DIAMANTE 2022	gained_vs_control	CTCF	3-cyt	DA0036	2328	1543	1496.0	0.035503	0.031814	0.13223	0.3290374418604651	primary
T2D DIAMANTE 2022	gained_vs_control	CTCF	Ex-4_HG	DA0037	2536	1720	1672.0	0.11878	0.030513	4.9767e-05	0.0026625344999999996	primary
T2D DIAMANTE 2022	gained_vs_control	CTCF	IFNg	DA0038	1764	1199	1173.0	0.073986	0.03527	0.017973	0.10489696363636362	primary
T2D DIAMANTE 2022	gained_vs_control	CTCF	dex	DA0039	3234	2174	2121.0	0.071783	0.027474	0.0044951	0.042724182857142856	primary
T2D DIAMANTE 2022	gained_vs_control	CTCF	palmitate	DA0040	2856	1894	1844.0	0.081386	0.0294	0.0028212	0.029213070967741936	primary
T2D DIAMANTE 2022	gained_vs_control	CUX/4	3-cyt	DA0041	2	0						insufficient
T2D DIAMANTE 2022	gained_vs_control	CUX/4	Ex-4_HG	DA0042	2	1						insufficient
T2D DIAMANTE 2022	gained_vs_control	CUX/4	IFNg	DA0043	1	1						insufficient
T2D DIAMANTE 2022	gained_vs_control	CUX/4	dex	DA0044	2	2	2.0	-0.61259	0.85997	0.76187	0.8551058391608392	insufficient
T2D DIAMANTE 2022	gained_vs_control	CUX/4	palmitate	DA0045	3	1						insufficient
T2D DIAMANTE 2022	gained_vs_control	E2F/3	3-cyt	DA0046	347	207	197.0	0.060696	0.083529	0.23373	0.4456201775147929	primary
T2D DIAMANTE 2022	gained_vs_control	E2F/3	Ex-4_HG	DA0047	409	232	226.0	0.11417	0.078131	0.071979	0.22719561764705878	primary
T2D DIAMANTE 2022	gained_vs_control	E2F/3	IFNg	DA0048	356	209	205.0	0.16923	0.084304	0.022365	0.12087872307692307	primary
T2D DIAMANTE 2022	gained_vs_control	E2F/3	dex	DA0049	313	181	172.0	0.09225	0.088177	0.14774	0.34616452554744526	primary
T2D DIAMANTE 2022	gained_vs_control	E2F/3	palmitate	DA0050	380	232	228.0	0.13485	0.077827	0.041586	0.16425144578313253	primary
T2D DIAMANTE 2022	gained_vs_control	ETS/1	3-cyt	DA0051	3953	2545	2483.0	0.096143	0.025656	8.9672e-05	0.0028784712	primary
T2D DIAMANTE 2022	gained_vs_control	ETS/1	Ex-4_HG	DA0052	3792	2478	2412.0	0.079895	0.026126	0.0011156	0.0155243625	primary
T2D DIAMANTE 2022	gained_vs_control	ETS/1	IFNg	DA0053	3744	2398	2348.0	0.096622	0.026408	0.00012712	0.0034004599999999997	primary
T2D DIAMANTE 2022	gained_vs_control	ETS/1	dex	DA0054	3217	2045	2004.0	0.086485	0.027845	0.00095019	0.015511362	primary
T2D DIAMANTE 2022	gained_vs_control	ETS/1	palmitate	DA0055	3406	2199	2142.0	0.10672	0.027382	4.8792e-05	0.0026625344999999996	primary
T2D DIAMANTE 2022	gained_vs_control	ETS/2	3-cyt	DA0056	440	283	278.0	-0.055875	0.069518	0.78922	0.8676014383561643	primary
T2D DIAMANTE 2022	gained_vs_control	ETS/2	Ex-4_HG	DA0057	450	283	277.0	0.021343	0.07168	0.38295	0.5726521658986176	primary
T2D DIAMANTE 2022	gained_vs_control	ETS/2	IFNg	DA0058	451	304	294.0	0.022124	0.068452	0.37327	0.5726521658986176	primary
T2D DIAMANTE 2022	gained_vs_control	ETS/2	dex	DA0059	297	197	194.0	-0.1177	0.083079	0.92171	0.9575045631067962	primary
T2D DIAMANTE 2022	gained_vs_control	ETS/2	palmitate	DA0060	439	278	273.0	-0.028536	0.070021	0.65819	0.7917639325842697	primary
T2D DIAMANTE 2022	gained_vs_control	Ebox/CACGTG/1	3-cyt	DA0061	527	297	288.0	0.13792	0.068541	0.022109	0.12087872307692307	primary
T2D DIAMANTE 2022	gained_vs_control	Ebox/CACGTG/1	Ex-4_HG	DA0062	976	568	558.0	0.11582	0.050221	0.010556	0.071262	primary
T2D DIAMANTE 2022	gained_vs_control	Ebox/CACGTG/1	IFNg	DA0063	364	196	193.0	0.17851	0.081743	0.014498	0.08949726923076924	primary
T2D DIAMANTE 2022	gained_vs_control	Ebox/CACGTG/1	dex	DA0064	616	374	366.0	0.092393	0.061038	0.065061	0.21460487755102045	primary
T2D DIAMANTE 2022	gained_vs_control	Ebox/CACGTG/1	palmitate	DA0065	684	387	375.0	0.10563	0.059675	0.038367	0.1558962911392405	primary
T2D DIAMANTE 2022	gained_vs_control	Ebox/CAGATGG	3-cyt	DA0066	805	475	463.0	0.047256	0.054607	0.19342	0.4005665806451613	primary
T2D DIAMANTE 2022	gained_vs_control	Ebox/CAGATGG	Ex-4_HG	DA0067	941	560	543.0	0.091112	0.050287	0.035014	0.15314736486486485	primary
T2D DIAMANTE 2022	gained_vs_control	Ebox/CAGATGG	IFNg	DA0068	509	289	278.0	0.00040655	0.068102	0.49762	0.6683515481171548	primary
T2D DIAMANTE 2022	gained_vs_control	Ebox/CAGATGG	dex	DA0069	1286	795	778.0	0.084293	0.042649	0.024063	0.12087872307692307	primary
T2D DIAMANTE 2022	gained_vs_control	Ebox/CAGATGG	palmitate	DA0070	855	506	493.0	0.084944	0.053181	0.055115	0.1965768333333333	primary
T2D DIAMANTE 2022	gained_vs_control	Ebox/CATATG	3-cyt	DA0071	18	7	7.0	-0.082348	0.42526	0.57677	0.7324613385826771	insufficient
T2D DIAMANTE 2022	gained_vs_control	Ebox/CATATG	Ex-4_HG	DA0072	18	6	6.0	-0.4613	0.42786	0.85951	0.9227515384615385	insufficient
T2D DIAMANTE 2022	gained_vs_control	Ebox/CATATG	IFNg	DA0073	12	2	2.0	-1.0217	0.62064	0.95013	0.9775375961538462	insufficient
T2D DIAMANTE 2022	gained_vs_control	Ebox/CATATG	dex	DA0074	11	4	4.0	0.39647	0.58716	0.24977	0.45554642045454546	insufficient
T2D DIAMANTE 2022	gained_vs_control	Ebox/CATATG	palmitate	DA0075	10	4	4.0	-0.34484	0.62796	0.70854	0.8210878700361011	insufficient
T2D DIAMANTE 2022	gained_vs_control	FOX/4	3-cyt	DA0076	303	116	114.0	0.071048	0.10827	0.25586	0.4614104494382022	primary
T2D DIAMANTE 2022	gained_vs_control	FOX/4	Ex-4_HG	DA0077	250	92	92.0	0.38519	0.12142	0.00075746	0.013677096666666668	primary
T2D DIAMANTE 2022	gained_vs_control	FOX/4	IFNg	DA0078	317	118	118.0	0.12428	0.10504	0.11837	0.31402289256198346	primary
T2D DIAMANTE 2022	gained_vs_control	FOX/4	dex	DA0079	298	113	111.0	0.11893	0.11497	0.15046	0.34746517985611514	primary
T2D DIAMANTE 2022	gained_vs_control	FOX/4	palmitate	DA0080	273	116	114.0	0.082926	0.10751	0.22025	0.4446556603773585	primary
T2D DIAMANTE 2022	gained_vs_control	FOX/5	3-cyt	DA0081	735	334	326.0	0.16911	0.065939	0.0051696	0.0460956	primary
T2D DIAMANTE 2022	gained_vs_control	FOX/5	Ex-4_HG	DA0082	863	417	407.0	0.023758	0.061441	0.3495	0.5553935643564356	primary
T2D DIAMANTE 2022	gained_vs_control	FOX/5	IFNg	DA0083	765	378	365.0	-0.024504	0.062317	0.65292	0.7917639325842697	primary
T2D DIAMANTE 2022	gained_vs_control	FOX/5	dex	DA0084	849	435	424.0	-0.027488	0.058011	0.68219	0.8021354945054945	primary
T2D DIAMANTE 2022	gained_vs_control	FOX/5	palmitate	DA0085	837	413	402.0	-0.0097634	0.061879	0.56268	0.7253826506024096	primary
T2D DIAMANTE 2022	gained_vs_control	FOX/6	3-cyt	DA0086	248	121	119.0	0.22769	0.10985	0.01911	0.10954124999999999	primary
T2D DIAMANTE 2022	gained_vs_control	FOX/6	Ex-4_HG	DA0087	261	127	124.0	0.20152	0.10234	0.024477	0.12087872307692307	primary
T2D DIAMANTE 2022	gained_vs_control	FOX/6	IFNg	DA0088	261	134	132.0	0.05195	0.10421	0.30907	0.5249284126984127	primary
T2D DIAMANTE 2022	gained_vs_control	FOX/6	dex	DA0089	255	130	127.0	0.24887	0.10626	0.0095953	0.06844647333333333	primary
T2D DIAMANTE 2022	gained_vs_control	FOX/6	palmitate	DA0090	291	147	144.0	0.20526	0.10243	0.022551	0.12087872307692307	primary
T2D DIAMANTE 2022	gained_vs_control	GATA	3-cyt	DA0091	0	0						insufficient
T2D DIAMANTE 2022	gained_vs_control	GATA	Ex-4_HG	DA0092	1	1						insufficient
T2D DIAMANTE 2022	gained_vs_control	GATA	IFNg	DA0093	0	0						insufficient
T2D DIAMANTE 2022	gained_vs_control	GATA	dex	DA0094	0	0						insufficient
T2D DIAMANTE 2022	gained_vs_control	GATA	palmitate	DA0095	0	0						insufficient
T2D DIAMANTE 2022	gained_vs_control	GC-tract	3-cyt	DA0096	879	582	563.0	0.10305	0.051549	0.022808	0.12087872307692307	primary
T2D DIAMANTE 2022	gained_vs_control	GC-tract	Ex-4_HG	DA0097	1068	724	710.0	0.1482	0.045838	0.00061324	0.0123031275	primary
T2D DIAMANTE 2022	gained_vs_control	GC-tract	IFNg	DA0098	693	468	450.0	0.024319	0.056207	0.33263	0.5420011675126903	primary
T2D DIAMANTE 2022	gained_vs_control	GC-tract	dex	DA0099	1542	1043	1014.0	0.091447	0.038391	0.0086165	0.06585467857142857	primary
T2D DIAMANTE 2022	gained_vs_control	GC-tract	palmitate	DA0100	1335	921	898.0	0.11469	0.04022	0.0021774	0.024962335714285713	primary
T2D DIAMANTE 2022	gained_vs_control	GFI	3-cyt	DA0101	8	4	4.0	-0.63781	0.63825	0.84117	0.9060925167785234	insufficient
T2D DIAMANTE 2022	gained_vs_control	GFI	Ex-4_HG	DA0102	8	4	4.0	0.31969	0.53848	0.27637	0.4881669230769231	insufficient
T2D DIAMANTE 2022	gained_vs_control	GFI	IFNg	DA0103	6	4	4.0	-0.16998	0.53433	0.6248	0.7743660231660232	insufficient
T2D DIAMANTE 2022	gained_vs_control	GFI	dex	DA0104	6	4	4.0	0.31224	0.68286	0.32375	0.54126953125	insufficient
T2D DIAMANTE 2022	gained_vs_control	GFI	palmitate	DA0105	9	5	5.0	-0.17336	0.48549	0.63948	0.7864868965517242	insufficient
T2D DIAMANTE 2022	gained_vs_control	GMEB2/2	3-cyt	DA0106	11	3	3.0	0.61514	0.69712	0.18879	0.39608882352941177	insufficient
T2D DIAMANTE 2022	gained_vs_control	GMEB2/2	Ex-4_HG	DA0107	15	8	8.0	0.33656	0.3426	0.16296	0.3683814084507042	insufficient
T2D DIAMANTE 2022	gained_vs_control	GMEB2/2	IFNg	DA0108	8	4	4.0	-0.0024626	0.64559	0.50152	0.670783	insufficient
T2D DIAMANTE 2022	gained_vs_control	GMEB2/2	dex	DA0109	18	11	11.0	0.33571	0.2908	0.12417	0.31633785714285717	exploratory
T2D DIAMANTE 2022	gained_vs_control	GMEB2/2	palmitate	DA0110	11	6	6.0	0.37821	0.4087	0.17739	0.3873618367346939	insufficient
T2D DIAMANTE 2022	gained_vs_control	HAND1	3-cyt	DA0111	3	1						insufficient
T2D DIAMANTE 2022	gained_vs_control	HAND1	Ex-4_HG	DA0112	5	3	3.0	0.2282	0.54303	0.33716	0.5449418592964824	insufficient
T2D DIAMANTE 2022	gained_vs_control	HAND1	IFNg	DA0113	3	2	2.0	1.0997	0.94588	0.1225	0.31633785714285717	insufficient
T2D DIAMANTE 2022	gained_vs_control	HAND1	dex	DA0114	0	0						insufficient
T2D DIAMANTE 2022	gained_vs_control	HAND1	palmitate	DA0115	5	4	4.0	-0.17665	0.53448	0.62949	0.7771780384615385	insufficient
T2D DIAMANTE 2022	gained_vs_control	HD/10	3-cyt	DA0116	121	51	51.0	0.092073	0.17693	0.3014	0.5200370744680851	primary
T2D DIAMANTE 2022	gained_vs_control	HD/10	Ex-4_HG	DA0117	132	55	54.0	0.049713	0.169	0.38432	0.5726521658986176	primary
T2D DIAMANTE 2022	gained_vs_control	HD/10	IFNg	DA0118	175	79	77.0	0.029971	0.13903	0.41466	0.5915815999999999	primary
T2D DIAMANTE 2022	gained_vs_control	HD/10	dex	DA0119	167	75	74.0	0.0818	0.14056	0.2803	0.4916737704918033	primary
T2D DIAMANTE 2022	gained_vs_control	HD/10	palmitate	DA0120	95	30	30.0	0.10245	0.24906	0.34041	0.5463580499999999	primary
T2D DIAMANTE 2022	gained_vs_control	HD/11	3-cyt	DA0121	54	18	17.0	-0.03634	0.28903	0.55003	0.7148163157894737	exploratory
T2D DIAMANTE 2022	gained_vs_control	HD/11	Ex-4_HG	DA0122	45	18	18.0	-0.060717	0.30236	0.57958	0.7324613385826771	exploratory
T2D DIAMANTE 2022	gained_vs_control	HD/11	IFNg	DA0123	54	22	22.0	-0.15851	0.25003	0.73694	0.8346	exploratory
T2D DIAMANTE 2022	gained_vs_control	HD/11	dex	DA0124	24	6	6.0	-0.96626	0.51665	0.96926	0.9866171473354232	insufficient
T2D DIAMANTE 2022	gained_vs_control	HD/11	palmitate	DA0125	59	25	24.0	-0.06683	0.22925	0.61467	0.7658711627906977	exploratory
T2D DIAMANTE 2022	gained_vs_control	HD/2	3-cyt	DA0126	22	10	10.0	0.06779	0.35595	0.42448	0.5971433766233767	exploratory
T2D DIAMANTE 2022	gained_vs_control	HD/2	Ex-4_HG	DA0127	34	11	11.0	-0.20797	0.33952	0.72991	0.8346	exploratory
T2D DIAMANTE 2022	gained_vs_control	HD/2	IFNg	DA0128	12	8	8.0	0.089047	0.37234	0.40549	0.5864612162162162	insufficient
T2D DIAMANTE 2022	gained_vs_control	HD/2	dex	DA0129	6	1						insufficient
T2D DIAMANTE 2022	gained_vs_control	HD/2	palmitate	DA0130	17	7	7.0	0.14927	0.48703	0.37961	0.5726521658986176	insufficient
T2D DIAMANTE 2022	gained_vs_control	HIC/1	3-cyt	DA0131	274	170	165.0	0.068965	0.095029	0.23401	0.4456201775147929	primary
T2D DIAMANTE 2022	gained_vs_control	HIC/1	Ex-4_HG	DA0132	206	117	111.0	0.22656	0.11409	0.023534	0.12087872307692307	primary
T2D DIAMANTE 2022	gained_vs_control	HIC/1	IFNg	DA0133	290	177	168.0	0.1654	0.091477	0.035305	0.15314736486486485	primary
T2D DIAMANTE 2022	gained_vs_control	HIC/1	dex	DA0134	141	92	86.0	0.18464	0.12441	0.068896	0.2233900606060606	primary
T2D DIAMANTE 2022	gained_vs_control	HIC/1	palmitate	DA0135	212	148	143.0	0.050561	0.098418	0.30372	0.5200370744680851	primary
T2D DIAMANTE 2022	gained_vs_control	IRF/1	3-cyt	DA0136	77	37	36.0	0.33541	0.18854	0.037635	0.1548825	primary
T2D DIAMANTE 2022	gained_vs_control	IRF/1	Ex-4_HG	DA0137	0	0						insufficient
T2D DIAMANTE 2022	gained_vs_control	IRF/1	IFNg	DA0138	67	34	34.0	0.0020088	0.21268	0.49623	0.6683515481171548	primary
T2D DIAMANTE 2022	gained_vs_control	IRF/1	dex	DA0139	0	0						insufficient
T2D DIAMANTE 2022	gained_vs_control	IRF/1	palmitate	DA0140	5	5	5.0	-2.0439	0.65883	0.99904	0.99904	insufficient
T2D DIAMANTE 2022	gained_vs_control	IRF/3	3-cyt	DA0141	273	194	186.0	0.10844	0.0886	0.1105	0.2980714285714286	primary
T2D DIAMANTE 2022	gained_vs_control	IRF/3	Ex-4_HG	DA0142	197	139	137.0	0.19223	0.10202	0.029781	0.13854639130434782	primary
T2D DIAMANTE 2022	gained_vs_control	IRF/3	IFNg	DA0143	180	129	127.0	-0.0052117	0.10413	0.51996	0.6868607407407408	primary
T2D DIAMANTE 2022	gained_vs_control	IRF/3	dex	DA0144	191	131	130.0	0.073659	0.10666	0.24491	0.45554642045454546	primary
T2D DIAMANTE 2022	gained_vs_control	IRF/3	palmitate	DA0145	303	218	211.0	0.1578	0.079981	0.024259	0.12087872307692307	primary
T2D DIAMANTE 2022	gained_vs_control	KAISO	3-cyt	DA0146	1672	1134	1104.0	0.067113	0.037469	0.036644	0.1548825	primary
T2D DIAMANTE 2022	gained_vs_control	KAISO	Ex-4_HG	DA0147	1856	1268	1237.0	0.098267	0.035476	0.0028062	0.029213070967741936	primary
T2D DIAMANTE 2022	gained_vs_control	KAISO	IFNg	DA0148	2395	1614	1585.0	0.090441	0.031841	0.0022557	0.024968265517241378	primary
T2D DIAMANTE 2022	gained_vs_control	KAISO	dex	DA0149	1839	1260	1230.0	0.11393	0.035183	0.00060288	0.0123031275	primary
T2D DIAMANTE 2022	gained_vs_control	KAISO	palmitate	DA0150	1455	978	953.0	0.092857	0.040326	0.010656	0.071262	primary
T2D DIAMANTE 2022	gained_vs_control	KLF/SP/1	3-cyt	DA0151	1409	877	845.0	0.10362	0.041937	0.0067446	0.054125414999999996	primary
T2D DIAMANTE 2022	gained_vs_control	KLF/SP/1	Ex-4_HG	DA0152	1352	822	796.0	0.059023	0.043123	0.085557	0.256764	primary
T2D DIAMANTE 2022	gained_vs_control	KLF/SP/1	IFNg	DA0153	1143	701	673.0	0.041797	0.045925	0.18139	0.39264720000000003	primary
T2D DIAMANTE 2022	gained_vs_control	KLF/SP/1	dex	DA0154	2025	1226	1186.0	0.11931	0.03591	0.00044717	0.01104165923076923	primary
T2D DIAMANTE 2022	gained_vs_control	KLF/SP/1	palmitate	DA0155	1656	1012	974.0	0.088411	0.039086	0.011856	0.07462305882352942	primary
T2D DIAMANTE 2022	gained_vs_control	KLF/SP/2	3-cyt	DA0156	2719	1823	1772.0	0.092282	0.02976	0.00096644	0.015511362	primary
T2D DIAMANTE 2022	gained_vs_control	KLF/SP/2	Ex-4_HG	DA0157	3419	2314	2247.0	0.13788	0.027085	1.8047e-07	5.793087e-05	primary
T2D DIAMANTE 2022	gained_vs_control	KLF/SP/2	IFNg	DA0158	3792	2605	2525.0	0.099071	0.025724	5.8987e-05	0.002704975285714286	primary
T2D DIAMANTE 2022	gained_vs_control	KLF/SP/2	dex	DA0159	3166	2145	2082.0	0.074463	0.027741	0.0036389	0.036502715625	primary
T2D DIAMANTE 2022	gained_vs_control	KLF/SP/2	palmitate	DA0160	2617	1805	1750.0	0.11331	0.030001	7.9725e-05	0.002843525	primary
T2D DIAMANTE 2022	gained_vs_control	MAF	3-cyt	DA0161	627	306	301.0	0.047704	0.068222	0.2422	0.4546561403508772	primary
T2D DIAMANTE 2022	gained_vs_control	MAF	Ex-4_HG	DA0162	620	294	292.0	0.062277	0.068947	0.1832	0.39264720000000003	primary
T2D DIAMANTE 2022	gained_vs_control	MAF	IFNg	DA0163	557	258	255.0	0.10612	0.074544	0.077289	0.23855547115384615	primary
T2D DIAMANTE 2022	gained_vs_control	MAF	dex	DA0164	850	419	414.0	0.063566	0.059153	0.14129	0.3409547014925373	primary
T2D DIAMANTE 2022	gained_vs_control	MAF	palmitate	DA0165	772	364	358.0	0.14808	0.062872	0.0092596	0.06818988409090909	primary
T2D DIAMANTE 2022	gained_vs_control	MBD2	3-cyt	DA0166	2258	1534	1492.0	0.048957	0.03242	0.065518	0.21460487755102045	primary
T2D DIAMANTE 2022	gained_vs_control	MBD2	Ex-4_HG	DA0167	2243	1503	1460.0	0.081235	0.032871	0.0067359	0.054125414999999996	primary
T2D DIAMANTE 2022	gained_vs_control	MBD2	IFNg	DA0168	2607	1785	1730.0	0.035623	0.030396	0.12061	0.31476268292682924	primary
T2D DIAMANTE 2022	gained_vs_control	MBD2	dex	DA0169	1959	1325	1288.0	0.043024	0.034052	0.10322	0.28511384615384616	primary
T2D DIAMANTE 2022	gained_vs_control	MBD2	palmitate	DA0170	1798	1243	1214.0	0.084765	0.035528	0.0085249	0.06585467857142857	primary
T2D DIAMANTE 2022	gained_vs_control	NFAC/2	3-cyt	DA0171	2	1						insufficient
T2D DIAMANTE 2022	gained_vs_control	NFAC/2	Ex-4_HG	DA0172	7	4	4.0	0.16626	0.67176	0.40226	0.5864612162162162	insufficient
T2D DIAMANTE 2022	gained_vs_control	NFAC/2	IFNg	DA0173	1	0						insufficient
T2D DIAMANTE 2022	gained_vs_control	NFAC/2	dex	DA0174	4	2	2.0	1.4651	0.95683	0.06287	0.2102215625	insufficient
T2D DIAMANTE 2022	gained_vs_control	NFAC/2	palmitate	DA0175	6	1						insufficient
T2D DIAMANTE 2022	gained_vs_control	NFAT/3	3-cyt	DA0176	9	6	6.0	-1.3301	0.53794	0.99329	0.99639403125	insufficient
T2D DIAMANTE 2022	gained_vs_control	NFAT/3	Ex-4_HG	DA0177	3	2	2.0	-0.22546	0.7673	0.61556	0.7658711627906977	insufficient
T2D DIAMANTE 2022	gained_vs_control	NFAT/3	IFNg	DA0178	5	1						insufficient
T2D DIAMANTE 2022	gained_vs_control	NFAT/3	dex	DA0179	0	0						insufficient
T2D DIAMANTE 2022	gained_vs_control	NFAT/3	palmitate	DA0180	6	3	3.0	-1.1474	0.57905	0.97622	0.9866171473354232	insufficient
T2D DIAMANTE 2022	gained_vs_control	NFAT/4	3-cyt	DA0181	110	54	52.0	0.41011	0.1615	0.0055574	0.04741085526315789	primary
T2D DIAMANTE 2022	gained_vs_control	NFAT/4	Ex-4_HG	DA0182	84	44	44.0	0.19545	0.17012	0.1253	0.3167031496062992	primary
T2D DIAMANTE 2022	gained_vs_control	NFAT/4	IFNg	DA0183	40	26	26.0	0.31215	0.23088	0.088193	0.26212919444444444	exploratory
T2D DIAMANTE 2022	gained_vs_control	NFAT/4	dex	DA0184	129	71	70.0	0.22053	0.15229	0.073801	0.23000117475728157	primary
T2D DIAMANTE 2022	gained_vs_control	NFAT/4	palmitate	DA0185	78	48	47.0	0.41507	0.18344	0.011832	0.07462305882352942	primary
T2D DIAMANTE 2022	gained_vs_control	NFY	3-cyt	DA0186	190	97	95.0	-0.010408	0.12262	0.53382	0.7022795901639344	primary
T2D DIAMANTE 2022	gained_vs_control	NFY	Ex-4_HG	DA0187	172	76	75.0	-0.083029	0.13235	0.73478	0.8346	primary
T2D DIAMANTE 2022	gained_vs_control	NFY	IFNg	DA0188	137	65	64.0	-0.089337	0.13819	0.741	0.8346	primary
T2D DIAMANTE 2022	gained_vs_control	NFY	dex	DA0189	191	96	93.0	-0.053227	0.12347	0.6668	0.7956981412639405	primary
T2D DIAMANTE 2022	gained_vs_control	NFY	palmitate	DA0190	171	77	74.0	0.10778	0.13315	0.20913	0.42487803797468354	primary
T2D DIAMANTE 2022	gained_vs_control	NR/1	3-cyt	DA0191	631	311	305.0	0.049422	0.068285	0.23461	0.4456201775147929	primary
T2D DIAMANTE 2022	gained_vs_control	NR/1	Ex-4_HG	DA0192	412	207	200.0	0.10424	0.082759	0.10392	0.28511384615384616	primary
T2D DIAMANTE 2022	gained_vs_control	NR/1	IFNg	DA0193	509	254	246.0	0.038484	0.071844	0.2961	0.5137735135135134	primary
T2D DIAMANTE 2022	gained_vs_control	NR/1	dex	DA0194	378	188	182.0	0.13699	0.0836	0.050656	0.18477927272727274	primary
T2D DIAMANTE 2022	gained_vs_control	NR/1	palmitate	DA0195	809	418	410.0	0.12515	0.05918	0.017238	0.10247033333333333	primary
T2D DIAMANTE 2022	gained_vs_control	NR/13	3-cyt	DA0196	4	0						insufficient
T2D DIAMANTE 2022	gained_vs_control	NR/13	Ex-4_HG	DA0197	5	2	2.0	-0.86	1.1506	0.77259	0.8610797231833911	insufficient
T2D DIAMANTE 2022	gained_vs_control	NR/13	IFNg	DA0198	3	2	2.0	0.086082	0.68399	0.44993	0.6225324568965517	insufficient
T2D DIAMANTE 2022	gained_vs_control	NR/13	dex	DA0199	0	0						insufficient
T2D DIAMANTE 2022	gained_vs_control	NR/13	palmitate	DA0200	3	1						insufficient
T2D DIAMANTE 2022	gained_vs_control	NR/18	3-cyt	DA0201	91	41	40.0	0.11	0.17527	0.26514	0.47283299999999995	primary
T2D DIAMANTE 2022	gained_vs_control	NR/18	Ex-4_HG	DA0202	98	43	42.0	0.23998	0.17047	0.079607	0.24336997142857142	primary
T2D DIAMANTE 2022	gained_vs_control	NR/18	IFNg	DA0203	116	59	58.0	0.11034	0.14913	0.22968	0.4456201775147929	primary
T2D DIAMANTE 2022	gained_vs_control	NR/18	dex	DA0204	55	27	26.0	0.21056	0.22502	0.1747	0.38410068493150684	exploratory
T2D DIAMANTE 2022	gained_vs_control	NR/18	palmitate	DA0205	88	42	42.0	-0.047078	0.17559	0.60569	0.7594784765624999	primary
T2D DIAMANTE 2022	gained_vs_control	NR/20	3-cyt	DA0206	22	10	10.0	0.094865	0.32516	0.38524	0.5726521658986176	exploratory
T2D DIAMANTE 2022	gained_vs_control	NR/20	Ex-4_HG	DA0207	29	11	11.0	-0.066976	0.3599	0.57381	0.7324613385826771	exploratory
T2D DIAMANTE 2022	gained_vs_control	NR/20	IFNg	DA0208	14	6	5.0	-0.84665	0.5515	0.93762	0.9677685530546624	insufficient
T2D DIAMANTE 2022	gained_vs_control	NR/20	dex	DA0209	505	237	232.0	0.032484	0.080851	0.34393	0.5492613432835821	primary
T2D DIAMANTE 2022	gained_vs_control	NR/20	palmitate	DA0210	11	3	2.0	-0.44133	0.94675	0.67944	0.8021354945054945	insufficient
T2D DIAMANTE 2022	gained_vs_control	NR/4	3-cyt	DA0211	152	69	68.0	-0.028039	0.14672	0.57578	0.7324613385826771	primary
T2D DIAMANTE 2022	gained_vs_control	NR/4	Ex-4_HG	DA0212	142	74	72.0	0.1794	0.13702	0.095227	0.2778897	primary
T2D DIAMANTE 2022	gained_vs_control	NR/4	IFNg	DA0213	109	52	50.0	0.09584	0.16177	0.27678	0.4881669230769231	primary
T2D DIAMANTE 2022	gained_vs_control	NR/4	dex	DA0214	101	48	46.0	0.1764	0.16985	0.14951	0.34746517985611514	primary
T2D DIAMANTE 2022	gained_vs_control	NR/4	palmitate	DA0215	138	58	56.0	0.10124	0.15548	0.25748	0.46173787709497205	primary
T2D DIAMANTE 2022	gained_vs_control	NRF1	3-cyt	DA0216	1895	1258	1226.0	0.14919	0.035184	1.122e-05	0.00180081	primary
T2D DIAMANTE 2022	gained_vs_control	NRF1	Ex-4_HG	DA0217	2012	1340	1305.0	0.11161	0.034469	0.00060339	0.0123031275	primary
T2D DIAMANTE 2022	gained_vs_control	NRF1	IFNg	DA0218	1988	1311	1274.0	0.080538	0.034245	0.0093469	0.06818988409090909	primary
T2D DIAMANTE 2022	gained_vs_control	NRF1	dex	DA0219	2620	1745	1707.0	0.12002	0.030622	4.4548e-05	0.0026625344999999996	primary
T2D DIAMANTE 2022	gained_vs_control	NRF1	palmitate	DA0220	2075	1360	1327.0	0.12964	0.034157	7.3978e-05	0.002843525	primary
T2D DIAMANTE 2022	gained_vs_control	OCT4+SOX2	3-cyt	DA0221	8	6	6.0	0.52637	0.5309	0.16073	0.3663270212765957	insufficient
T2D DIAMANTE 2022	gained_vs_control	OCT4+SOX2	Ex-4_HG	DA0222	2	2	2.0	0.66232	0.76249	0.19253	0.4005665806451613	insufficient
T2D DIAMANTE 2022	gained_vs_control	OCT4+SOX2	IFNg	DA0223	3	2	2.0	-0.34551	0.89731	0.6499	0.7917639325842697	insufficient
T2D DIAMANTE 2022	gained_vs_control	OCT4+SOX2	dex	DA0224	7	3	3.0	0.054154	0.7822	0.4724	0.6459476170212766	insufficient
T2D DIAMANTE 2022	gained_vs_control	OCT4+SOX2	palmitate	DA0225	6	3	3.0	-0.4543	0.71903	0.73624	0.8346	insufficient
T2D DIAMANTE 2022	gained_vs_control	OSR2	3-cyt	DA0226	220	142	138.0	0.077087	0.10537	0.23221	0.4456201775147929	primary
T2D DIAMANTE 2022	gained_vs_control	OSR2	Ex-4_HG	DA0227	58	35	34.0	0.38418	0.21522	0.037135	0.1548825	primary
T2D DIAMANTE 2022	gained_vs_control	OSR2	IFNg	DA0228	25	12	11.0	-0.15341	0.37548	0.65857	0.7917639325842697	exploratory
T2D DIAMANTE 2022	gained_vs_control	OSR2	dex	DA0229	587	364	355.0	0.084245	0.065039	0.097618	0.27881102631578947	primary
T2D DIAMANTE 2022	gained_vs_control	OSR2	palmitate	DA0230	110	66	63.0	-0.20883	0.15744	0.90764	0.9490307491856678	primary
T2D DIAMANTE 2022	gained_vs_control	PAX/1	3-cyt	DA0231	124	57	57.0	0.033969	0.15678	0.41424	0.5915815999999999	primary
T2D DIAMANTE 2022	gained_vs_control	PAX/1	Ex-4_HG	DA0232	139	66	64.0	-0.20425	0.15942	0.89993	0.9471394426229508	primary
T2D DIAMANTE 2022	gained_vs_control	PAX/1	IFNg	DA0233	79	37	36.0	0.26617	0.20676	0.099003	0.27881102631578947	primary
T2D DIAMANTE 2022	gained_vs_control	PAX/1	dex	DA0234	41	27	26.0	-0.41865	0.24634	0.95537	0.9797884025559105	exploratory
T2D DIAMANTE 2022	gained_vs_control	PAX/1	palmitate	DA0235	153	76	71.0	0.23328	0.14174	0.049914	0.18477927272727274	primary
T2D DIAMANTE 2022	gained_vs_control	POU/1	3-cyt	DA0236	71	27	27.0	-0.10825	0.22277	0.68649	0.8042455839416058	exploratory
T2D DIAMANTE 2022	gained_vs_control	POU/1	Ex-4_HG	DA0237	78	35	35.0	0.2281	0.19951	0.12646	0.31713796875	primary
T2D DIAMANTE 2022	gained_vs_control	POU/1	IFNg	DA0238	80	25	24.0	-0.024482	0.25292	0.53856	0.7056235102040818	exploratory
T2D DIAMANTE 2022	gained_vs_control	POU/1	dex	DA0239	103	39	38.0	0.20789	0.19849	0.14748	0.34616452554744526	primary
T2D DIAMANTE 2022	gained_vs_control	POU/1	palmitate	DA0240	115	49	48.0	0.29662	0.16822	0.038938	0.156238725	primary
T2D DIAMANTE 2022	gained_vs_control	POU/2	3-cyt	DA0241	22	7	7.0	-0.0070286	0.37957	0.50739	0.6758182157676348	insufficient
T2D DIAMANTE 2022	gained_vs_control	POU/2	Ex-4_HG	DA0242	19	8	8.0	0.15667	0.37445	0.33783	0.5449418592964824	insufficient
T2D DIAMANTE 2022	gained_vs_control	POU/2	IFNg	DA0243	16	8	8.0	0.014625	0.35605	0.48362	0.6570070886075949	insufficient
T2D DIAMANTE 2022	gained_vs_control	POU/2	dex	DA0244	13	5	5.0	0.49182	0.45966	0.14233	0.3409547014925373	insufficient
T2D DIAMANTE 2022	gained_vs_control	POU/2	palmitate	DA0245	26	9	9.0	-0.10213	0.41905	0.59627	0.7505987058823529	insufficient
T2D DIAMANTE 2022	gained_vs_control	PRDM1	3-cyt	DA0246	1194	656	637.0	0.013173	0.046847	0.38928	0.5730509589041096	primary
T2D DIAMANTE 2022	gained_vs_control	PRDM1	Ex-4_HG	DA0247	109	61	60.0	-0.31135	0.15348	0.97874	0.9866171473354232	primary
T2D DIAMANTE 2022	gained_vs_control	PRDM1	IFNg	DA0248	866	482	469.0	-0.025287	0.054933	0.67735	0.8021354945054945	primary
T2D DIAMANTE 2022	gained_vs_control	PRDM1	dex	DA0249	98	55	54.0	-0.12651	0.15828	0.78794	0.8676014383561643	primary
T2D DIAMANTE 2022	gained_vs_control	PRDM1	palmitate	DA0250	207	127	126.0	-0.088259	0.1007	0.8096	0.8839510204081632	primary
T2D DIAMANTE 2022	gained_vs_control	PRDM14	3-cyt	DA0251	49	26	24.0	-0.17023	0.26607	0.73885	0.8346	exploratory
T2D DIAMANTE 2022	gained_vs_control	PRDM14	Ex-4_HG	DA0252	39	15	15.0	0.054704	0.25982	0.41662	0.5917478761061946	exploratory
T2D DIAMANTE 2022	gained_vs_control	PRDM14	IFNg	DA0253	49	20	19.0	-0.31118	0.22075	0.92067	0.9575045631067962	exploratory
T2D DIAMANTE 2022	gained_vs_control	PRDM14	dex	DA0254	29	13	13.0	-0.41523	0.28121	0.9301	0.9631035483870968	exploratory
T2D DIAMANTE 2022	gained_vs_control	PRDM14	palmitate	DA0255	47	23	22.0	0.040741	0.23006	0.42972	0.5971433766233767	exploratory
T2D DIAMANTE 2022	gained_vs_control	REST/NRSF	3-cyt	DA0256	735	463	449.0	0.095192	0.055253	0.04247	0.16425144578313253	primary
T2D DIAMANTE 2022	gained_vs_control	REST/NRSF	Ex-4_HG	DA0257	526	345	342.0	0.10699	0.063036	0.044832	0.17044722352941177	primary
T2D DIAMANTE 2022	gained_vs_control	REST/NRSF	IFNg	DA0258	920	595	579.0	0.12409	0.048934	0.0056125	0.04741085526315789	primary
T2D DIAMANTE 2022	gained_vs_control	REST/NRSF	dex	DA0259	303	188	184.0	0.092307	0.087678	0.14622	0.34616452554744526	primary
T2D DIAMANTE 2022	gained_vs_control	REST/NRSF	palmitate	DA0260	578	379	366.0	0.18504	0.062664	0.0015762	0.01946000769230769	primary
T2D DIAMANTE 2022	gained_vs_control	RFX/1	3-cyt	DA0261	1922	1287	1255.0	0.06494	0.034409	0.02957	0.13854639130434782	primary
T2D DIAMANTE 2022	gained_vs_control	RFX/1	Ex-4_HG	DA0262	2169	1412	1382.0	0.060999	0.033372	0.033797	0.15067829166666666	primary
T2D DIAMANTE 2022	gained_vs_control	RFX/1	IFNg	DA0263	1946	1287	1247.0	0.078692	0.03473	0.011739	0.07462305882352942	primary
T2D DIAMANTE 2022	gained_vs_control	RFX/1	dex	DA0264	2630	1760	1717.0	0.057174	0.02981	0.027567	0.13407586363636365	primary
T2D DIAMANTE 2022	gained_vs_control	RFX/1	palmitate	DA0265	2107	1374	1338.0	0.087827	0.033773	0.0046584	0.042724182857142856	primary
T2D DIAMANTE 2022	gained_vs_control	RFX/2	3-cyt	DA0266	785	452	431.0	0.098159	0.057942	0.045134	0.17044722352941177	primary
T2D DIAMANTE 2022	gained_vs_control	RFX/2	Ex-4_HG	DA0267	607	361	348.0	0.1173	0.063295	0.031937	0.14439122535211268	primary
T2D DIAMANTE 2022	gained_vs_control	RFX/2	IFNg	DA0268	630	355	345.0	0.14164	0.065114	0.014813	0.0897164716981132	primary
T2D DIAMANTE 2022	gained_vs_control	RFX/2	dex	DA0269	847	515	492.0	0.087044	0.053584	0.052151	0.1880951797752809	primary
T2D DIAMANTE 2022	gained_vs_control	RFX/2	palmitate	DA0270	609	361	350.0	0.060316	0.063089	0.16953	0.37791062499999994	primary
T2D DIAMANTE 2022	gained_vs_control	RFX/3	3-cyt	DA0271	413	237	226.0	-0.037758	0.079848	0.68184	0.8021354945054945	primary
T2D DIAMANTE 2022	gained_vs_control	RFX/3	Ex-4_HG	DA0272	193	108	105.0	0.16303	0.11168	0.072193	0.22719561764705878	primary
T2D DIAMANTE 2022	gained_vs_control	RFX/3	IFNg	DA0273	228	91	88.0	-0.16564	0.12553	0.9065	0.9490307491856678	primary
T2D DIAMANTE 2022	gained_vs_control	RFX/3	dex	DA0274	1275	735	715.0	0.06876	0.044706	0.062026	0.2095961052631579	primary
T2D DIAMANTE 2022	gained_vs_control	RFX/3	palmitate	DA0275	393	217	209.0	0.029524	0.080759	0.35734	0.5622849999999999	primary
T2D DIAMANTE 2022	gained_vs_control	SCRT1	3-cyt	DA0276	3	2						insufficient
T2D DIAMANTE 2022	gained_vs_control	SCRT1	Ex-4_HG	DA0277	6	2	2.0	0.27622	1.2037	0.40925	0.5890997757847534	insufficient
T2D DIAMANTE 2022	gained_vs_control	SCRT1	IFNg	DA0278	9	4	4.0	0.24765	0.52434	0.31836	0.5350448167539267	insufficient
T2D DIAMANTE 2022	gained_vs_control	SCRT1	dex	DA0279	1	1						insufficient
T2D DIAMANTE 2022	gained_vs_control	SCRT1	palmitate	DA0280	8	2	2.0	1.1072	0.62218	0.037582	0.1548825	insufficient
T2D DIAMANTE 2022	gained_vs_control	SMAD	3-cyt	DA0281	534	257	253.0	0.062605	0.073484	0.19712	0.4030287898089172	primary
T2D DIAMANTE 2022	gained_vs_control	SMAD	Ex-4_HG	DA0282	540	254	252.0	0.085145	0.073617	0.12373	0.31633785714285717	primary
T2D DIAMANTE 2022	gained_vs_control	SMAD	IFNg	DA0283	354	153	151.0	0.032234	0.094217	0.36613	0.567766811594203	primary
T2D DIAMANTE 2022	gained_vs_control	SMAD	dex	DA0284	1325	724	708.0	0.057721	0.04524	0.10101	0.28194965217391305	primary
T2D DIAMANTE 2022	gained_vs_control	SMAD	palmitate	DA0285	690	324	321.0	0.096296	0.065296	0.070148	0.22517508	primary
T2D DIAMANTE 2022	gained_vs_control	SNAI2	3-cyt	DA0286	4	2	2.0	1.4222	0.91674	0.060419	0.2095961052631579	insufficient
T2D DIAMANTE 2022	gained_vs_control	SNAI2	Ex-4_HG	DA0287	0	0						insufficient
T2D DIAMANTE 2022	gained_vs_control	SNAI2	IFNg	DA0288	0	0						insufficient
T2D DIAMANTE 2022	gained_vs_control	SNAI2	dex	DA0289	3	1						insufficient
T2D DIAMANTE 2022	gained_vs_control	SNAI2	palmitate	DA0290	0	0						insufficient
T2D DIAMANTE 2022	gained_vs_control	SOX/8	3-cyt	DA0291	19	10	10.0	-0.332	0.42509	0.7826	0.8662572413793103	exploratory
T2D DIAMANTE 2022	gained_vs_control	SOX/8	Ex-4_HG	DA0292	23	12	12.0	-0.24729	0.29423	0.79967	0.8760889761092151	exploratory
T2D DIAMANTE 2022	gained_vs_control	SOX/8	IFNg	DA0293	9	7	7.0	0.77673	0.45021	0.042249	0.16425144578313253	insufficient
T2D DIAMANTE 2022	gained_vs_control	SOX/8	dex	DA0294	2	0						insufficient
T2D DIAMANTE 2022	gained_vs_control	SOX/8	palmitate	DA0295	17	14	14.0	-0.67021	0.32475	0.98047	0.9866171473354232	exploratory
T2D DIAMANTE 2022	gained_vs_control	TFAP2/2	3-cyt	DA0296	202	138	136.0	-0.038737	0.098912	0.65233	0.7917639325842697	primary
T2D DIAMANTE 2022	gained_vs_control	TFAP2/2	Ex-4_HG	DA0297	195	143	137.0	0.13023	0.098156	0.092299	0.27181632110091747	primary
T2D DIAMANTE 2022	gained_vs_control	TFAP2/2	IFNg	DA0298	169	121	118.0	0.053259	0.10416	0.30457	0.5200370744680851	primary
T2D DIAMANTE 2022	gained_vs_control	TFAP2/2	dex	DA0299	241	163	158.0	0.016797	0.090379	0.42628	0.5971433766233767	primary
T2D DIAMANTE 2022	gained_vs_control	TFAP2/2	palmitate	DA0300	214	156	151.0	0.028635	0.092881	0.37893	0.5726521658986176	primary
T2D DIAMANTE 2022	gained_vs_control	YY1	3-cyt	DA0301	766	473	459.0	0.091766	0.055853	0.050201	0.18477927272727274	primary
T2D DIAMANTE 2022	gained_vs_control	YY1	Ex-4_HG	DA0302	669	413	404.0	0.072281	0.058357	0.10776	0.29314372881355927	primary
T2D DIAMANTE 2022	gained_vs_control	YY1	IFNg	DA0303	400	250	238.0	0.01846	0.077266	0.40559	0.5864612162162162	primary
T2D DIAMANTE 2022	gained_vs_control	YY1	dex	DA0304	700	440	426.0	0.041363	0.060347	0.24655	0.45554642045454546	primary
T2D DIAMANTE 2022	gained_vs_control	YY1	palmitate	DA0305	986	640	611.0	0.042145	0.049195	0.19581	0.4029167307692308	primary
T2D DIAMANTE 2022	gained_vs_control	ZBTB14	3-cyt	DA0306	1617	1058	1033.0	0.14223	0.038413	0.00010704	0.0031236218181818183	primary
T2D DIAMANTE 2022	gained_vs_control	ZBTB14	Ex-4_HG	DA0307	1818	1186	1145.0	0.094062	0.036065	0.0045568	0.042724182857142856	primary
T2D DIAMANTE 2022	gained_vs_control	ZBTB14	IFNg	DA0308	1773	1204	1167.0	0.10855	0.035611	0.0011534	0.0155243625	primary
T2D DIAMANTE 2022	gained_vs_control	ZBTB14	dex	DA0309	2655	1796	1747.0	0.093645	0.029553	0.00076694	0.013677096666666668	primary
T2D DIAMANTE 2022	gained_vs_control	ZBTB14	palmitate	DA0310	1941	1296	1259.0	0.069788	0.035051	0.023248	0.12087872307692307	primary
T2D DIAMANTE 2022	gained_vs_control	ZIC/2	3-cyt	DA0311	304	203	203.0	0.12571	0.081732	0.06203	0.2095961052631579	primary
T2D DIAMANTE 2022	gained_vs_control	ZIC/2	Ex-4_HG	DA0312	251	163	161.0	0.062904	0.093075	0.24958	0.45554642045454546	primary
T2D DIAMANTE 2022	gained_vs_control	ZIC/2	IFNg	DA0313	144	97	97.0	0.044368	0.11962	0.35535	0.5619081280788177	primary
T2D DIAMANTE 2022	gained_vs_control	ZIC/2	dex	DA0314	220	149	146.0	0.094005	0.10419	0.18348	0.39264720000000003	primary
T2D DIAMANTE 2022	gained_vs_control	ZIC/2	palmitate	DA0315	200	137	137.0	0.045797	0.10317	0.32855	0.5420011675126903	primary
T2D DIAMANTE 2022	gained_vs_control	ZNF136	3-cyt	DA0316	14	12	12.0	-0.17343	0.40317	0.66646	0.7956981412639405	exploratory
T2D DIAMANTE 2022	gained_vs_control	ZNF136	Ex-4_HG	DA0317	15	11	11.0	-0.45126	0.37858	0.88336	0.9327584210526316	exploratory
T2D DIAMANTE 2022	gained_vs_control	ZNF136	IFNg	DA0318	18	13	12.0	-0.31722	0.41947	0.77524	0.8610797231833911	exploratory
T2D DIAMANTE 2022	gained_vs_control	ZNF136	dex	DA0319	20	13	13.0	-0.40691	0.3682	0.86544	0.9230296345514949	exploratory
T2D DIAMANTE 2022	gained_vs_control	ZNF136	palmitate	DA0320	14	11	10.0	0.13375	0.46629	0.38712	0.5726521658986176	exploratory
T2D DIAMANTE 2022	gained_vs_control	ZNF143	3-cyt	DA0321	123	75	71.0	0.036	0.13005	0.39096	0.5730509589041096	primary
T2D DIAMANTE 2022	gained_vs_control	ZNF143	Ex-4_HG	DA0322	112	73	67.0	0.040978	0.13413	0.37999	0.5726521658986176	primary
T2D DIAMANTE 2022	gained_vs_control	ZNF143	IFNg	DA0323	32	23	23.0	0.25435	0.23735	0.14195	0.3409547014925373	exploratory
T2D DIAMANTE 2022	gained_vs_control	ZNF143	dex	DA0324	136	96	94.0	0.020943	0.11791	0.42951	0.5971433766233767	primary
T2D DIAMANTE 2022	gained_vs_control	ZNF143	palmitate	DA0325	135	99	97.0	-0.23642	0.11976	0.97581	0.9866171473354232	primary
T2D DIAMANTE 2022	gained_vs_control	ZNF28	3-cyt	DA0326	11	3	3.0	-0.5742	0.77672	0.77012	0.8610797231833911	insufficient
T2D DIAMANTE 2022	gained_vs_control	ZNF28	Ex-4_HG	DA0327	10	3	3.0	-0.72628	0.77766	0.82482	0.8940120202020202	insufficient
T2D DIAMANTE 2022	gained_vs_control	ZNF28	IFNg	DA0328	7	2	2.0	0.26321	0.90841	0.38601	0.5726521658986176	insufficient
T2D DIAMANTE 2022	gained_vs_control	ZNF28	dex	DA0329	3	2	2.0	-0.027474	0.55808	0.51963	0.6868607407407408	insufficient
T2D DIAMANTE 2022	gained_vs_control	ZNF28	palmitate	DA0330	11	5	5.0	0.34204	0.46877	0.23281	0.4456201775147929	insufficient
T2D DIAMANTE 2022	gained_vs_control	ZNF317	3-cyt	DA0331	36	9	9.0	-0.41447	0.37492	0.86552	0.9230296345514949	insufficient
T2D DIAMANTE 2022	gained_vs_control	ZNF317	Ex-4_HG	DA0332	34	11	11.0	-0.47465	0.40838	0.87743	0.9326325496688742	exploratory
T2D DIAMANTE 2022	gained_vs_control	ZNF317	IFNg	DA0333	41	14	11.0	-0.71725	0.37907	0.97076	0.9866171473354232	exploratory
T2D DIAMANTE 2022	gained_vs_control	ZNF317	dex	DA0334	107	54	51.0	0.0069535	0.18593	0.48508	0.6570070886075949	primary
T2D DIAMANTE 2022	gained_vs_control	ZNF317	palmitate	DA0335	38	13	13.0	-0.065638	0.33112	0.57857	0.7324613385826771	exploratory
T2D DIAMANTE 2022	gained_vs_control	ZNF331	3-cyt	DA0336	179	94	90.0	0.24449	0.1315	0.031507	0.14439122535211268	primary
T2D DIAMANTE 2022	gained_vs_control	ZNF331	Ex-4_HG	DA0337	176	79	77.0	0.14663	0.13391	0.13677	0.33513870229007636	primary
T2D DIAMANTE 2022	gained_vs_control	ZNF331	IFNg	DA0338	130	61	61.0	0.042394	0.1448	0.38485	0.5726521658986176	primary
T2D DIAMANTE 2022	gained_vs_control	ZNF331	dex	DA0339	337	194	186.0	0.093141	0.084676	0.13568	0.3350252307692308	primary
T2D DIAMANTE 2022	gained_vs_control	ZNF331	palmitate	DA0340	215	112	108.0	-0.012757	0.11221	0.54526	0.7114978048780488	primary
T2D DIAMANTE 2022	gained_vs_control	ZNF335	3-cyt	DA0341	29	13	13.0	0.15713	0.35234	0.32781	0.5420011675126903	exploratory
T2D DIAMANTE 2022	gained_vs_control	ZNF335	Ex-4_HG	DA0342	26	16	16.0	-0.14856	0.28382	0.69965	0.8166823636363636	exploratory
T2D DIAMANTE 2022	gained_vs_control	ZNF335	IFNg	DA0343	25	10	10.0	0.31768	0.41912	0.22424	0.4456201775147929	exploratory
T2D DIAMANTE 2022	gained_vs_control	ZNF335	dex	DA0344	37	14	14.0	-0.39073	0.32932	0.88227	0.9327584210526316	exploratory
T2D DIAMANTE 2022	gained_vs_control	ZNF335	palmitate	DA0345	25	12	12.0	0.068577	0.33647	0.41925	0.5928601321585903	exploratory
T2D DIAMANTE 2022	gained_vs_control	ZNF436	3-cyt	DA0346	56	31	30.0	0.31838	0.20547	0.060636	0.2095961052631579	primary
T2D DIAMANTE 2022	gained_vs_control	ZNF436	Ex-4_HG	DA0347	47	32	29.0	0.22773	0.19337	0.11947	0.3143431967213115	exploratory
T2D DIAMANTE 2022	gained_vs_control	ZNF436	IFNg	DA0348	42	26	26.0	0.12039	0.24746	0.3133	0.529312105263158	exploratory
T2D DIAMANTE 2022	gained_vs_control	ZNF436	dex	DA0349	41	24	24.0	-0.034917	0.22376	0.562	0.7253826506024096	exploratory
T2D DIAMANTE 2022	gained_vs_control	ZNF436	palmitate	DA0350	59	41	40.0	0.24949	0.19196	0.09686	0.27881102631578947	primary
T2D DIAMANTE 2022	gained_vs_control	ZNF563	3-cyt	DA0351	66	41	41.0	0.2338	0.19756	0.11833	0.31402289256198346	primary
T2D DIAMANTE 2022	gained_vs_control	ZNF563	Ex-4_HG	DA0352	50	31	30.0	0.22499	0.22709	0.16091	0.3663270212765957	primary
T2D DIAMANTE 2022	gained_vs_control	ZNF563	IFNg	DA0353	85	57	57.0	0.074095	0.16949	0.331	0.5420011675126903	primary
T2D DIAMANTE 2022	gained_vs_control	ZNF563	dex	DA0354	14	11	10.0	0.14897	0.34314	0.33209	0.5420011675126903	exploratory
T2D DIAMANTE 2022	gained_vs_control	ZNF563	palmitate	DA0355	88	59	59.0	-0.063414	0.159	0.65499	0.7917639325842697	primary
T2D DIAMANTE 2022	gained_vs_control	ZNF708	3-cyt	DA0356	0	0						insufficient
T2D DIAMANTE 2022	gained_vs_control	ZNF708	Ex-4_HG	DA0357	0	0						insufficient
T2D DIAMANTE 2022	gained_vs_control	ZNF708	IFNg	DA0358	1	0						insufficient
T2D DIAMANTE 2022	gained_vs_control	ZNF708	dex	DA0359	0	0						insufficient
T2D DIAMANTE 2022	gained_vs_control	ZNF708	palmitate	DA0360	0	0						insufficient
